# Blender 5.0.1
# www.blender.org
mtllib LettuceBib.mtl
g default
v -0.327902 -0.316415 -2.132860
v 1.703633 -0.136499 5.225377
v 1.601017 -0.471666 5.189648
v -0.462546 0.146101 5.415674
v 1.155540 -0.374468 5.386583
v 3.497523 -3.154615 1.679522
v 0.410315 -4.155033 2.366335
v -0.513596 -3.945679 2.188698
v -0.907813 4.056068 3.106080
v 2.206448 4.023190 2.822114
v 4.107968 1.816363 1.968445
v 1.564900 -2.884714 -0.492986
v -2.686563 1.101297 0.151322
v 1.835121 -0.651314 4.904693
v 2.851098 0.146405 -5.487267
v 2.319240 1.153207 -5.478273
v 1.030858 -0.161297 -6.350232
v 6.191163 0.414752 -2.107084
v 1.981216 0.911967 -6.055700
v 2.316949 0.539834 -6.341082
v 3.687494 0.893603 -4.930781
v 2.904102 1.457259 -5.378707
v 3.121031 0.803785 -5.423581
v 6.731396 2.232468 0.620727
v 6.318967 1.452603 -2.498424
v 4.702899 4.735674 -0.623950
v 2.527126 6.882833 5.306108
v 6.541035 2.736707 8.240862
v -0.938539 -0.449507 -5.833649
v 2.764619 0.035614 -5.123719
v 2.578060 4.911118 4.731512
v 6.119647 2.224074 1.360018
v 4.588147 4.904847 -0.405915
v -0.473551 0.788530 -6.012128
v 0.005609 0.399473 -5.727653
v 2.589998 0.525364 -5.258244
v 3.658272 5.371307 2.917705
v 3.288972 3.816988 -4.745155
v 4.330960 5.455516 -0.415140
v -0.108393 -0.197070 -6.159585
v -1.577078 2.537064 -5.885781
v -1.311347 2.580554 -5.527158
v -1.945737 1.681744 -5.403862
v -0.501682 1.239662 -6.059124
v -1.927936 2.239443 -5.998893
v -2.044419 1.663487 -5.484316
v -2.271931 8.679771 6.576248
v -7.018946 -1.003472 3.359314
v -7.488407 -1.066646 4.668847
v -5.842260 4.838121 2.853903
v -7.099163 -1.034111 4.216107
v -7.157329 -1.062094 4.238634
v -7.763090 3.855533 5.943316
v -0.986082 1.536381 -6.278295
v -0.642130 2.010482 -6.124792
v -8.463944 3.671153 7.148285
v 0.331676 -0.064662 -5.602108
v 1.736841 -1.034013 -5.304939
v 0.360766 0.100000 -5.709645
v 1.999510 -0.802097 -5.735142
v 1.857941 -0.748393 -5.337703
v 2.075557 -0.503042 -5.323381
v 1.825563 -1.636927 -5.024981
v 3.338138 -4.697098 1.111293
v 3.376655 -1.466506 -4.728302
v 2.254742 -4.221773 3.892051
v 5.024733 1.872505 -1.402468
v 4.813976 2.139059 2.947843
v 5.019999 2.500362 0.899509
v 1.240473 -4.625199 -2.596276
v 2.967399 -4.944081 -0.206347
v 5.671534 -2.270449 2.122400
v 5.748317 0.690064 2.354195
v 4.559417 -2.756984 -3.502444
v 4.201120 -3.103417 -3.439249
v 6.018184 0.111685 -0.121637
v 4.103242 -3.569752 -2.661838
v 5.933517 0.350743 0.586483
v 4.906515 2.549607 1.465159
v 5.430245 -1.975489 2.511447
v 0.879777 -0.126806 -5.936441
v 0.579921 -0.469614 -5.247043
v -0.849612 0.500317 -5.112472
v 0.559084 -0.642346 -5.343239
v -1.082738 0.232860 -5.539065
v -0.965893 0.211415 -5.130678
v -1.181803 -0.035077 -5.111115
v -5.048584 0.692635 2.905992
v -1.838662 4.469519 -2.272049
v -0.961027 1.121485 -4.885556
v -2.883063 4.618872 0.892640
v -2.526102 0.953020 -4.673162
v -1.971138 4.369802 3.763561
v -4.347070 -2.137326 -1.206295
v -2.509783 3.437057 4.557486
v -0.555397 4.293846 -2.661719
v -1.956295 4.275616 3.746402
v -3.444170 2.671720 -3.566772
v -3.258086 -4.115038 1.319239
v -5.437569 -0.306131 -0.131409
v -4.405683 -2.601697 1.703338
v -5.463339 -0.632006 1.182267
v -5.033909 1.982254 2.365437
v 0.053329 -0.440487 -5.618412
v 1.420713 0.355800 -5.688845
v 0.697194 -1.351106 -5.500538
v 0.977411 -0.887630 -5.904695
v 0.701161 -0.671218 -6.197495
v -0.705538 -5.847528 2.504467
v 0.125739 -2.943189 -4.836342
v -0.503266 -2.719595 -5.131157
v -5.785930 -2.060231 6.586369
v -2.253254 -5.465998 6.759140
v 1.718497 -6.069808 2.184085
v -0.597928 -5.989666 2.492958
v -2.732464 -3.968398 -4.718898
v -5.576611 -1.073205 4.437675
v 0.597019 0.093097 -6.039863
v 0.345460 0.099595 -5.654789
v -0.967473 -5.559555 5.310191
v -0.962170 -5.591269 5.294350
v -0.973466 -2.927367 -4.909214
v 0.145127 -3.126703 -4.990942
v -1.903236 -5.501864 -2.683962
v -4.223683 -5.169162 -1.024299
v -0.639306 -4.065243 -5.157997
v -0.194444 -4.007768 -5.012293
v -0.643204 -3.613940 -4.840758
v -2.516898 -5.610207 -2.755971
v 4.649456 -6.840581 5.901389
v -1.240136 -8.447562 7.767022
v -1.749470 -8.613408 8.829528
v 1.459971 1.490978 -6.861813
v 4.165370 3.887648 -3.313336
v 2.618116 2.134429 -5.609998
v 1.562784 2.794723 -5.679012
v 1.351765 3.648961 -4.847042
v 4.160993 2.889927 -4.098388
v 1.533612 2.565256 -6.344114
v 2.030749 2.452035 -6.583793
v 4.644271 7.764214 4.513813
v 2.968239 3.295710 -5.173099
v 2.085104 3.157567 -5.567764
v 4.406865 4.197351 -3.531374
v -0.496948 8.762319 4.469726
v 6.279185 8.056206 6.409420
v 2.337276 -2.369363 -4.632313
v 1.757615 -1.153782 -5.999674
v 2.367147 -2.436018 -4.787128
v 3.155918 -1.526051 -4.533274
v 3.325287 -7.136923 -1.197959
v 2.088964 -2.086541 -5.007141
v 2.812866 -1.258500 -4.714171
v 3.069279 -10.009096 4.403701
v 7.775388 -0.894071 -0.237105
v 10.169458 -1.328019 4.231838
v 7.682067 -0.885006 -0.144570
v 4.110909 -4.342998 -2.339225
v 4.994421 -4.925155 -1.384084
v 6.978956 -1.021118 -2.097152
v 1.725673 -7.533675 -1.475927
v 7.188525 -2.560665 -0.857371
v 9.757687 -1.164288 3.839129
v 3.585832 -10.462801 4.903686
v 2.166018 -1.398747 -6.027464
v 4.289129 -3.477853 -4.735962
v 18.091780 -6.746337 3.706737
v 8.175001 -0.599411 -1.395120
v 2.608591 -8.671221 -1.009518
v 8.697739 -14.895662 4.965526
v 3.196457 -10.931223 1.745966
v 2.999756 -10.287109 0.471865
v 4.855783 -3.511200 -3.771233
v 4.948991 -3.896695 -3.942468
v 1.858545 -3.149926 -6.613191
v 17.637547 -5.918410 3.707072
v 17.597763 -3.137012 4.959153
v 5.433331 -12.630306 4.142923
v 4.764935 -12.294641 3.681963
v 12.626451 -0.788916 3.680950
v 13.346642 -1.490684 4.228774
v 0.661485 7.723272 -2.200994
v 0.847522 8.848035 -0.830537
v 0.949851 10.640882 0.636212
v 0.351459 13.698914 4.971930
v -0.369021 1.278352 -7.080089
v -0.264480 13.696419 5.087832
v -7.919628 8.307478 5.431881
v -6.652017 11.474092 6.089085
v -4.124907 17.116095 8.325401
v -6.407797 10.161950 5.705120
v -6.462607 11.025554 5.694107
v 0.698979 7.508622 -0.562915
v -5.865826 7.111572 3.010077
v -4.672078 15.505774 7.855746
v -6.531238 11.202548 6.608681
v -1.547460 16.804958 7.086510
v 6.976111 14.160279 7.293843
v 0.651172 11.038567 3.605187
v 0.866650 8.951493 0.534566
v -0.060337 -0.178702 -7.192704
v -0.142213 -0.452415 -7.149208
v 0.277899 -1.353325 -7.047450
v 0.605982 -1.527967 -7.018682
v 0.834941 -1.336551 -7.105241
v 0.595019 -0.482973 -7.168344
v -0.541268 -0.484047 -7.769127
v -0.265281 -1.381502 -7.707896
v -0.053691 0.648134 -7.847702
v 0.997906 0.222048 -7.833285
v 0.458249 0.828495 -7.840790
v 1.080147 -1.753365 -7.697332
v 1.474940 -1.606545 -7.726812
v -12.732029 -8.561004 4.353209
v -12.546615 -9.148153 4.457393
v -15.094061 -5.210729 4.541167
v -10.764135 -13.028381 5.511078
v -10.207703 -15.649799 5.501565
v -0.873586 -13.243715 0.173984
v -2.201584 -2.169043 -7.365310
v -3.071054 -5.872404 -4.956560
v 0.959502 -17.370413 -2.279790
v 6.645966 -14.728792 1.296079
v 6.738456 -14.711515 1.221488
v 1.131832 -17.481041 -2.211046
v -7.518945 -10.558256 2.457737
v 7.440319 -11.525670 2.445949
v 5.939733 -11.080395 1.123545
v -2.241423 -0.423325 -7.706324
v 4.754337 -1.015083 -6.922286
v 7.179692 12.708862 0.997785
v 7.129899 9.005220 -0.550484
v 11.806099 -3.230512 2.616338
v 6.444993 8.170336 0.291388
v 0.454008 0.481644 -8.184773
v 0.020875 0.473888 -8.140107
v -0.328585 0.157933 -8.136469
v -0.394915 -0.382067 -8.062884
v -0.147398 -0.806047 -8.047009
v 0.305136 -0.938732 -8.129541
v 0.664725 -0.780448 -8.135139
v 0.911084 -0.329868 -8.182302
v -11.377415 8.447561 3.636785
v -11.605042 8.178047 3.454531
v -9.923352 5.991841 1.975952
v -9.737806 11.617400 4.490121
v -16.286337 5.310680 4.216563
v -11.657721 3.815801 2.572519
v -8.322638 14.243095 4.998079
v -16.403236 2.691977 5.121267
v -16.406143 2.639246 5.056601
v 2.036988 2.478561 4.116487
v 1.587754 -0.067247 5.296679
v 1.858064 3.058869 4.069476
v -0.035005 0.021031 5.411864
v -3.470272 -0.766677 3.708451
v -0.796778 3.836919 3.748528
v 4.057032 -2.067838 2.611653
v 2.019306 -2.751970 -0.520025
v -0.216038 -3.238074 -0.089246
v -2.607365 1.454778 0.206861
v -1.998786 2.494298 0.367374
v 2.761430 1.558252 -0.184452
v -2.368080 -0.483960 4.435374
v 2.202704 3.892166 3.485328
v 3.959220 1.761526 2.710628
v 0.469133 -3.911831 3.134815
v 1.201116 -0.415628 -6.259956
v 2.546070 0.113452 -5.634720
v 0.801794 0.370599 -5.973937
v 1.349580 -0.609286 -5.934583
v 0.790057 0.459749 -5.694027
v 1.363469 -0.574836 -5.605650
v 2.260036 1.220414 -5.508392
v 7.258653 -5.402509 5.156384
v 7.485577 -2.419070 8.990654
v 0.710285 7.647304 6.505040
v 1.531868 7.303257 0.153777
v 2.196465 5.416653 -2.886559
v 7.400060 -2.700469 7.303968
v 6.330066 3.023610 8.191985
v 1.071817 6.958982 8.435449
v 7.189791 -4.098773 3.496055
v 0.184041 7.894073 4.534019
v 6.029791 -4.220975 -0.285103
v 4.831215 -2.187664 -3.119996
v 2.820768 3.303260 -4.465852
v 2.448498 0.288076 -6.288857
v 6.405457 2.547103 10.264881
v 3.155831 1.502935 -5.217345
v 3.382486 0.863656 -5.218424
v 6.584523 -1.847752 -1.246344
v 6.499406 2.331738 11.151785
v 6.810811 -5.077065 2.455646
v 0.743420 7.751235 2.442770
v 6.378823 0.686432 -2.273021
v 5.640083 -3.894536 -1.085068
v 5.687757 1.117690 -2.860978
v 1.116330 6.511391 -1.456703
v 0.584769 8.142954 3.456829
v 6.529058 -5.342826 1.665571
v 5.762884 3.844105 0.756557
v 2.031750 7.068634 1.231524
v 1.329827 7.483266 1.295320
v 6.039563 -4.483296 0.362793
v 1.872841 6.805714 -0.519953
v 7.008249 -5.459735 3.898319
v 0.355405 7.450047 5.758502
v 7.716015 -2.397483 8.098349
v 4.734485 4.717864 1.101145
v -1.090404 -0.031215 -5.427300
v 2.943243 0.688117 7.428679
v -0.922807 0.100667 -5.189640
v -0.153902 -0.551274 -5.543422
v 4.606945 -0.947373 -3.918966
v 6.988034 -2.485301 2.352096
v 6.037098 -1.943468 4.608627
v -3.307543 5.614054 2.727664
v -3.308058 5.307670 0.197177
v -0.175383 1.586527 -5.377182
v -3.064634 5.408797 4.099989
v 6.333408 0.999023 1.720251
v 4.778590 5.228819 0.254240
v 6.640306 -1.702063 1.116636
v -3.115578 5.026911 1.871487
v 5.732216 -1.636884 -2.013474
v -2.247425 4.893471 -1.114712
v -0.873649 3.678059 -4.558146
v -0.374967 0.708641 -6.190784
v 0.060562 2.804560 -4.954946
v 3.994073 5.174484 2.870490
v 2.229522 3.543598 6.589467
v 2.186513 3.502169 6.573718
v 0.032870 6.148166 3.888808
v -2.246724 5.936006 2.543175
v 6.330009 -2.502495 0.685209
v -2.719979 5.040483 1.001577
v 6.639277 -2.450512 2.912948
v -2.992899 5.646943 3.337327
v 5.178569 -1.695107 -2.854183
v 2.779015 3.774545 -4.395246
v -2.501646 4.635692 -1.440125
v 3.054492 4.000568 -4.682608
v 5.116421 4.422750 -0.436797
v -2.483285 5.203961 1.267119
v 5.782030 -1.763269 -1.236318
v 6.799721 -2.260492 1.592245
v -2.170282 5.627554 2.204360
v -3.212067 5.054306 2.400437
v 0.049473 6.406819 1.726915
v 6.409743 -1.646111 4.021222
v 0.068761 0.031581 -6.226544
v -1.756399 2.418530 -5.976690
v -1.457179 2.333722 -5.571838
v -0.389608 1.861987 -6.046843
v -4.591805 3.813830 -2.438375
v -5.998262 4.775207 3.311852
v -0.848943 0.803248 -5.572225
v -10.049465 4.209878 9.819220
v -0.887685 0.807218 -5.280012
v -0.173567 1.887040 -5.558483
v -2.001983 1.603102 -5.427531
v 1.520870 9.120233 6.427320
v -2.922371 10.127827 8.691642
v -7.152885 -3.025172 5.454445
v -8.820097 -1.907222 8.057322
v -6.828303 -2.169063 0.861093
v -2.293615 1.582291 -5.331717
v -0.643579 9.244748 7.613421
v -8.028470 -2.464056 7.024668
v -2.565686 1.414633 -5.161265
v 0.981461 8.222542 4.160566
v -6.138412 -3.509521 4.020579
v -5.709040 -1.711313 -0.394324
v -4.565822 0.982102 -4.041387
v -0.793152 2.172534 -5.740863
v -1.570757 1.116467 -5.643591
v -2.297963 2.279485 -5.666433
v -6.619350 -2.236966 3.717321
v -7.241138 -1.019050 4.458136
v -2.049456 1.769134 -5.336281
v 2.095663 8.200663 3.122462
v -6.282277 -2.827053 2.402642
v 1.066922 9.072793 7.324003
v -7.891855 -2.641989 6.102914
v -4.324272 2.629216 -2.792853
v -4.806242 1.526261 -2.912921
v -5.627784 -1.857444 -0.962975
v -6.456621 -3.252476 3.151417
v -6.567462 -2.021721 2.817206
v -6.095134 -1.973080 0.232166
v 1.454878 8.556114 5.004933
v -6.275953 -3.200372 4.950600
v -6.326973 4.631376 3.228852
v -8.376253 -2.027347 7.742559
v -2.183393 9.910583 7.745732
v -0.904921 2.163983 -6.121746
v -1.352290 0.941806 -5.509957
v -1.339548 0.995154 -5.757102
v -9.455492 -1.220016 8.352671
v -0.429641 1.314227 -5.510539
v 0.319192 0.009870 -5.670360
v 2.044833 -0.689853 -5.678667
v 4.264711 -2.512798 -3.911194
v 0.440370 0.266878 -5.376952
v 3.374038 -0.838861 4.955456
v 0.446032 0.282646 -5.146322
v 1.696306 -1.055896 -5.341516
v 2.033120 -0.459079 -5.275370
v -2.023888 -4.823858 -0.285861
v -0.553847 -4.415987 4.451705
v 2.394738 -3.327717 5.357320
v 4.607038 3.640360 -0.880029
v 1.159236 -3.951989 4.698300
v 3.687284 3.329607 3.297180
v -0.792305 -5.075761 2.392403
v 3.088101 4.317196 1.560158
v -0.594474 -4.680002 -2.098302
v 2.753763 -4.212005 -2.808861
v 4.176517 2.871102 -1.780963
v 3.369756 -1.370555 -4.644611
v 1.581504 -2.898386 -4.240494
v 3.487227 -0.122608 -4.669058
v 3.846060 0.140778 -4.532651
v 5.494026 -1.987088 2.607528
v 4.162623 -0.074740 -4.202020
v 4.475573 0.428782 -3.639170
v -2.108500 -4.907244 1.716417
v 3.872305 4.008480 0.416429
v 0.007941 -3.990406 4.800488
v 3.941993 3.620930 2.923926
v 4.283854 0.534786 -3.885274
v 4.117526 0.397628 -4.258762
v 4.381290 -0.257625 -3.911091
v 4.381240 -2.951619 -3.486269
v 4.606547 -0.658278 -3.384256
v 4.747077 -1.356315 -3.161819
v 4.009103 2.879784 -2.188200
v 4.446732 -1.807232 -3.658170
v 4.950163 2.232399 -0.151067
v 3.622945 4.292108 1.008154
v 5.627308 1.197199 -0.115268
v -2.362554 -4.894222 0.810006
v 4.881214 -3.503705 -1.816369
v 5.033119 2.204596 -0.522004
v 4.280745 3.263145 -1.317868
v -0.984927 -4.805305 3.253387
v 3.126051 4.004552 2.025394
v 2.430113 -3.948994 4.108633
v 3.670748 2.932878 3.563358
v 2.513475 -4.020670 4.158093
v 2.171974 -3.910861 5.019001
v 0.926921 -0.023636 -5.866138
v 2.668636 -2.486445 5.376957
v 3.922076 2.346715 4.107869
v 0.597317 -0.548936 -5.308480
v -1.130518 0.124621 -5.477089
v 0.460258 -0.784549 -5.004298
v -3.124985 1.062493 5.011798
v 0.440289 -0.782837 -4.773930
v -0.807058 0.519909 -5.148041
v -1.142073 -0.074687 -5.057337
v 2.560962 4.726540 -0.182823
v 0.795021 4.644091 4.479265
v -2.194813 3.587754 5.281559
v -3.143820 -3.878602 2.887974
v -3.938138 -3.820626 -0.511855
v -0.925988 4.176919 4.654297
v -3.296853 -3.223714 3.661607
v -3.778927 2.711821 3.430523
v 1.156265 5.148792 2.394161
v -3.943937 3.972085 0.519952
v -5.068796 -1.579733 0.758828
v -2.581937 -4.332523 2.045666
v -4.083077 2.578797 -3.207574
v 1.246054 4.414820 -2.058449
v -2.049018 3.844532 -2.934899
v -3.453542 -3.122056 -1.444215
v -2.523616 0.863802 -4.582099
v -0.777771 2.442063 -4.186444
v -2.628301 -0.383880 -4.518070
v -2.992640 -0.641001 -4.384332
v -5.127813 -0.525254 2.802375
v -5.103776 2.000354 2.456190
v -3.331185 -0.405297 -4.091383
v -3.673937 -0.867992 -3.511738
v -1.427610 4.267630 4.178018
v -2.452851 3.707832 4.383194
v 2.512037 4.945818 1.816229
v -4.787684 -1.201162 -0.494416
v 0.216253 4.238624 4.824228
v -3.525081 -3.545969 3.296740
v -2.988272 1.938164 -4.298038
v -3.466280 -0.989845 -3.736700
v -3.569264 -0.203840 -3.829401
v -3.619641 2.514355 -3.613069
v -3.830644 0.232532 -3.349761
v -3.259981 -3.158254 -1.838123
v -3.664123 1.359437 -3.700498
v -4.877044 -1.286816 -0.127531
v -3.082895 -4.355832 1.462111
v -4.484005 -2.594652 0.754854
v -5.044831 3.253922 -0.366422
v 2.822749 4.871332 0.928907
v -4.408849 -2.405539 -0.306650
v -3.596014 -3.090307 -1.319277
v -3.583862 -3.474863 -0.957804
v -3.918232 -2.761170 -1.345779
v 1.296917 4.947127 3.283593
v -5.014428 -1.640153 1.202889
v -2.651064 -3.985580 2.482416
v -4.841865 2.302604 2.418255
v -3.300539 -2.807734 3.897116
v -2.244254 4.185981 4.027720
v -1.956436 4.146502 4.913976
v 0.002785 -0.538655 -5.543483
v -2.461965 2.746758 5.348625
v -3.590670 -2.185392 4.378529
v 1.577112 -0.063332 -5.300517
v 0.821361 0.507176 -5.591833
v -3.875151 -4.892784 7.393237
v -2.431201 -5.701250 7.563941
v -2.317561 -5.614370 7.155923
v 1.410301 -0.199996 -5.068958
v 0.632988 0.442464 -5.421623
v -4.143490 0.746206 -3.824171
v -6.625663 2.237854 2.517200
v -5.608080 -2.728220 7.430802
v -6.119199 1.433403 5.287554
v 3.836575 -5.734126 2.807618
v 3.845024 -5.412249 0.285893
v 2.924090 -4.493653 -2.189546
v 1.257334 -3.061918 -4.799536
v -6.186642 1.461320 3.971393
v 3.513279 -5.585361 4.227900
v -0.507676 -5.872280 7.368643
v -5.895155 -1.818932 6.979976
v -6.199444 1.539447 1.294997
v 3.642200 -5.146459 1.957312
v -5.291471 1.400099 -1.919670
v 2.788418 -5.006981 -1.029322
v 1.415895 -3.783235 -4.470311
v 0.609263 -0.329179 -5.591230
v 1.014201 -0.617886 -5.418575
v 0.470062 -2.921382 -4.885618
v -5.431701 -1.177300 3.691851
v -5.750491 -0.412687 3.501813
v -1.798636 -5.319709 5.964756
v -0.994407 -2.808450 -5.666040
v -0.246343 -2.917774 -5.080275
v -1.200116 -5.638494 6.202080
v -1.562070 -5.700027 6.739379
v -5.933264 2.265340 0.788070
v 3.250571 -5.164877 1.088397
v -6.333351 2.195958 3.167614
v -6.198705 1.169499 3.043034
v 3.509468 -5.772716 3.417857
v -2.979697 -3.682114 -4.682484
v -4.733748 1.474906 -2.756363
v 3.040358 -4.742171 -1.350839
v 3.015607 -5.332488 1.350157
v -5.348420 1.519082 -1.141802
v -6.401482 2.043371 1.740305
v -3.105035 -5.107989 -0.029170
v 0.500625 -5.994373 1.397200
v 2.730647 -5.626904 2.195355
v 3.735715 -5.175202 2.485264
v 2.703534 -5.470112 5.385051
v -6.334928 1.320712 4.601782
v 0.298721 0.143144 -5.709444
v -1.487404 -5.253306 5.148399
v -6.190522 0.354302 6.540800
v -1.489457 -5.290141 5.114185
v -0.351337 -1.124794 -5.729044
v -0.673005 -2.963886 -5.018825
v -0.636895 -1.472171 -5.600551
v -2.613783 -5.969542 -2.225935
v -0.804391 -2.643136 -5.070922
v -0.727001 -8.286388 5.204477
v -0.585242 -1.090461 -5.387590
v -2.901161 -5.590162 -2.022988
v -1.334100 -9.990945 10.988581
v 0.608086 -1.279058 -5.227957
v -0.555949 -1.087780 -5.054089
v 0.234727 -3.122010 -5.030258
v -3.117347 -3.169647 -3.371944
v -5.946804 -6.445457 9.352437
v 6.360098 -6.074574 7.611834
v 5.465713 -5.757910 0.862667
v -6.011030 -5.489330 7.886734
v -0.880724 -8.436444 7.759507
v 5.476540 -6.723335 9.618823
v 1.392161 -9.172717 11.688300
v 0.766788 -4.157726 -4.394382
v -2.049785 -3.247945 -4.277540
v -7.217649 -3.746423 4.241529
v 6.952353 -5.268085 5.626166
v 1.501710 -4.910006 -3.867773
v -0.879930 -8.127981 6.244842
v -0.392139 -4.073018 -5.110461
v -7.887702 -2.715591 3.259946
v 6.431677 -5.338075 3.264709
v -0.882420 -8.270911 6.171535
v -5.783567 -2.226771 -0.387562
v 5.145775 -5.109632 -0.784749
v -1.532389 -7.729906 1.918150
v 6.880083 -5.587986 4.330624
v -7.927978 -2.247193 2.437410
v 4.869455 -5.861997 0.192529
v -7.914617 -2.554665 4.965645
v 6.463172 -5.421289 6.979772
v -6.013650 -6.238720 8.407688
v 0.588879 -1.573375 -5.312755
v 0.439733 -1.968084 -5.475699
v -1.152713 -8.666209 8.866036
v 1.207875 1.648589 -6.783345
v 0.967758 1.785146 -6.504696
v 1.930589 1.210500 -6.399825
v 2.563180 2.264874 -5.798613
v 6.663550 9.790924 7.503982
v 5.615613 10.427970 7.863713
v 0.896886 1.826275 -6.219429
v 1.908985 1.216048 -6.060907
v 2.601048 2.043334 -5.555830
v 1.486364 2.732866 -5.636137
v 4.591595 1.472742 -4.127480
v 10.532627 1.407433 4.831573
v 9.442709 4.662290 7.265991
v -2.102588 9.249147 6.058804
v -1.995428 7.847664 -0.235518
v 8.980758 3.565695 6.201588
v -0.777747 9.972833 7.642474
v 1.334266 3.253057 -5.212986
v 9.492090 1.797949 3.143738
v -3.142926 8.229753 4.357242
v 8.352427 0.534541 -0.899513
v 5.449447 1.108387 -3.386610
v 1.185115 4.196163 -4.640234
v 1.762176 2.547539 -6.510840
v 1.760157 1.986085 -5.986443
v 1.310251 2.220609 -5.971742
v 9.697995 0.616696 2.003359
v -2.889674 7.929776 2.077843
v 9.485920 2.432271 5.789170
v 7.640066 0.445909 -1.679870
v -1.698465 6.323448 -1.865312
v -3.118564 8.327162 3.113874
v 9.624434 0.207279 1.086117
v 8.626461 0.416971 -0.278535
v -1.387160 7.478921 -0.885424
v 10.456234 1.103454 3.659388
v -2.490710 8.499393 5.576912
v -1.532744 8.691538 5.008141
v 0.582407 10.080042 8.237599
v 9.297005 4.259222 6.525843
v 1.409052 2.400777 -6.472991
v 5.760348 8.352122 6.435151
v 1.560188 -1.709149 -5.813760
v 6.313422 -5.046668 -0.194052
v 2.242245 -2.194445 -4.850133
v 1.392727 -1.681641 -5.657455
v 8.766941 -9.513222 8.102756
v 10.060966 -8.593442 7.605255
v 11.145901 -7.242623 7.878533
v 2.229632 -0.817427 -5.036110
v 1.389622 -1.786626 -5.370132
v 3.123303 -1.469230 -4.459064
v 2.047381 -3.971746 -3.820673
v 2.008915 -4.379857 -3.601927
v -0.259444 -10.185297 5.083720
v 2.895672 -11.232410 6.413665
v 8.512289 0.421494 0.492808
v 1.506922 -10.442839 5.853582
v 10.017940 -5.184965 5.130176
v 11.273884 -0.498833 7.543234
v 6.383481 -1.839706 -2.530184
v 6.277081 -10.368481 8.344929
v 0.298709 -9.164047 2.859520
v 9.417649 1.196052 4.863536
v 7.409185 0.427296 -0.933091
v 1.845814 -4.757524 -3.326126
v 2.422331 -1.959754 -5.707409
v 11.001398 -3.916778 5.982938
v 9.910057 -6.350348 5.819767
v 2.160915 -5.962487 -2.886364
v 2.127947 -6.844322 -2.233695
v 2.195048 -4.681954 -3.379447
v 3.281106 -1.630367 -4.458960
v 11.304164 -3.569585 6.870169
v 6.580107 -1.372883 -2.892740
v -0.897882 -9.062387 2.019746
v 0.118948 -10.185474 5.997181
v 11.197945 -0.253061 6.497965
v 2.295542 -5.232404 -2.962821
v 1.898365 -5.329691 -2.937694
v 6.467284 -1.153296 -3.234336
v 6.272889 -1.208190 -3.723518
v 6.665532 -1.425142 -3.124982
v 6.533537 -1.193605 -3.418250
v 4.820547 -4.981365 -1.353603
v 1.618634 -6.620596 -2.457896
v 7.425337 0.728845 -1.512439
v 9.344142 1.197496 3.607527
v 8.691049 0.782627 1.788722
v -0.142433 -9.539875 3.722921
v 9.756855 0.603798 5.829455
v 11.475327 -1.008136 8.148569
v 2.547862 -11.110802 5.407582
v 2.359470 -1.174636 -5.834613
v 1.694113 -1.920663 -5.572784
v 11.735954 -3.043683 7.619841
v 12.220108 -1.971113 8.222013
v 10.801905 -8.145613 2.999564
v 8.469343 -6.727712 1.007182
v 10.597898 -8.403309 3.230447
v 1.344819 -7.848332 -1.549619
v 1.224452 -8.840071 -0.335278
v 2.282350 -11.904526 3.986919
v 2.883441 -13.118204 5.333040
v 7.544514 -16.702150 6.317975
v 17.958038 -1.030925 6.664622
v 18.711012 -1.699412 6.427949
v 8.379190 2.003472 -1.331801
v 9.073153 2.120979 0.661380
v 13.758120 -15.406450 3.538121
v 19.843046 -6.287570 3.895658
v 9.336734 -16.824818 5.697653
v 10.108964 -17.131338 5.723280
v 19.511944 -2.034383 6.663130
v 19.944565 -3.040266 6.316103
v 18.715311 -5.919626 4.100881
v 2.685141 -6.080564 -2.710143
v 12.578646 -14.713088 4.116840
v 10.110198 -7.499597 2.726930
v 4.954867 -14.539167 5.382019
v 5.188668 -15.257242 5.911603
v 13.468016 -2.640007 3.921727
v 15.710671 -0.286448 7.116927
v 16.951500 -0.949103 7.351415
v 1.741947 -10.154157 0.709107
v 9.695574 1.669146 1.439349
v 1.436489 -6.954393 -2.047219
v 15.924585 -9.860929 3.064834
v 8.655683 0.686944 -0.530583
v 16.625134 -1.574908 6.045644
v 17.385838 -1.803089 5.792623
v 16.595928 -1.641531 6.117140
v 4.963850 -13.478344 4.619851
v 3.693088 -13.945477 5.706054
v 4.449758 -14.184793 5.399045
v 12.480457 -2.373046 3.636307
v 14.490666 -0.137969 5.820000
v 12.995723 -0.964300 3.654195
v 8.804358 -16.496201 6.037126
v -1.910035 0.609449 -6.161431
v 0.722656 -4.007215 -6.241807
v 0.010551 13.704590 5.011033
v 2.587163 -0.129058 -6.382562
v 8.822004 3.496239 2.987944
v 9.888340 7.119486 6.303418
v 9.960063 13.600976 8.682767
v -8.142650 10.506808 8.150685
v -8.140339 7.784111 5.133632
v -7.436101 3.784250 2.295628
v -7.553939 4.378078 4.368126
v -4.135870 2.840918 -5.005785
v -5.488681 3.472188 -3.568645
v -1.480870 1.180429 -6.454093
v 4.474891 20.085812 7.610090
v -6.479910 20.579031 9.618188
v -2.992234 2.100430 -6.015296
v 8.347749 16.085266 7.760027
v 8.117125 17.399689 8.000722
v -1.714370 19.163656 7.250231
v -8.254701 13.017484 10.552253
v -8.063547 15.196390 11.805009
v -4.573615 7.093260 -0.208763
v 9.361303 9.787856 5.072220
v 9.824084 10.342935 5.907951
v -8.024299 8.902012 7.760300
v -7.690881 9.706339 8.307370
v -5.484571 11.580667 5.003205
v -4.648879 7.370828 2.032154
v -7.198603 5.481913 4.812322
v -7.508199 6.616199 5.483995
v -6.361538 4.151528 -1.042763
v -0.528211 14.523061 5.629282
v 0.588990 16.427555 6.712083
v -0.450100 2.856364 -5.919386
v -1.183093 2.752660 -5.873198
v 9.340851 8.325336 4.653439
v 9.197918 7.437750 4.520811
v -6.803455 7.083846 3.888643
v -7.316836 15.037731 10.472135
v -7.075201 10.250457 7.257557
v -5.684975 4.655789 -1.367594
v 0.905578 11.270545 1.380443
v 9.617106 9.210885 5.221970
v -7.226419 8.991738 5.734072
v -7.980219 8.243309 6.170566
v -8.271795 8.630499 6.551129
v -5.098853 10.432467 3.323735
v -4.881240 9.980860 2.559137
v 8.902015 14.711170 8.455770
v 0.416624 13.175331 5.198978
v -5.298443 5.367508 -0.887319
v -5.352041 5.524953 -1.032338
v 1.168212 10.311415 1.994037
v 10.094249 8.462784 5.790082
v -6.045331 16.616257 10.336823
v 0.998500 -4.165815 -6.252370
v 2.802199 -0.428542 -6.477638
v 0.441940 -1.440647 -7.033066
v -8.592997 -5.331031 1.809685
v -8.224010 -5.561115 2.016896
v -8.159672 -5.838453 1.142702
v -12.616299 -8.877703 4.390432
v -7.232566 -4.454561 -1.338032
v -13.135872 -7.980965 4.430201
v -4.481886 2.435229 -3.849320
v -7.875635 1.507229 -1.361909
v -7.975418 2.298278 -0.369177
v -17.015951 1.875009 6.540851
v -17.744762 -0.253494 5.610028
v -8.308562 -16.081247 8.145242
v -2.876554 -10.958027 4.643097
v -1.199107 -8.996791 -0.338125
v -0.509847 -8.966098 2.024051
v -9.071684 -1.514731 2.624445
v -11.608052 -11.191337 5.058616
v -7.995769 -7.548830 3.118483
v 0.419872 -4.194016 -5.608907
v 0.662279 -4.730847 -5.109726
v -17.714756 -3.333787 3.607177
v -18.223743 -4.028696 3.215289
v -9.694515 -17.344009 6.349815
v -10.748026 -17.226246 4.815875
v -14.066984 1.258373 6.399003
v -15.147728 2.192900 6.848419
v -6.692523 -14.751175 8.524816
v -8.010942 -15.467147 8.785102
v -2.593607 -10.346716 3.415645
v -6.850649 1.982642 -1.668200
v -14.578487 -2.743732 5.346997
v -4.661942 -7.361277 -1.012234
v -8.889400 1.904815 1.929149
v -2.519030 -9.617167 2.198435
v -8.263699 -14.481505 8.071365
v -8.300951 -14.457552 8.108634
v -12.234078 2.687371 5.715687
v -13.120525 1.690226 6.238663
v -9.387369 -6.020586 3.107775
v -5.086889 -12.567855 7.448768
v -11.478537 -16.628435 4.331084
v -0.882881 -14.282243 -0.092421
v -6.353746 -3.719713 -3.297528
v -9.235153 -6.450000 1.415120
v -9.833490 -8.173681 3.394889
v -9.659276 -17.257133 3.458849
v -2.609875 -18.449711 -3.609441
v 9.053972 -16.415667 1.860111
v 8.868724 -17.277243 0.999678
v 7.993472 -7.556769 0.873598
v 6.723590 -5.911946 -2.960958
v -3.253662 -2.418065 -6.851325
v -5.569913 -18.884209 -2.038954
v -8.869118 -18.296875 1.822890
v -8.707670 -18.863356 1.290091
v -3.300572 -18.033316 -2.023803
v 9.040181 -18.053118 0.588386
v 8.390241 -18.525640 -0.214205
v 6.965055 -18.530964 -1.613105
v -5.048897 -4.877241 -3.953211
v -1.541252 -11.307387 0.175331
v -9.718817 -12.978580 4.545949
v 8.660648 -15.771762 2.988647
v -7.851179 -4.960953 -2.354238
v 6.747494 -6.485580 -2.115240
v 0.164447 -17.425537 -2.122918
v -1.188595 -17.482548 -1.849981
v 7.755033 -15.230224 1.999790
v -4.960691 -4.136126 -4.194299
v -1.250142 -10.604271 -0.680802
v -9.485170 -9.767673 4.233511
v -1.155764 -10.416612 -0.367841
v 5.582241 -10.357176 1.074540
v 7.654052 -10.210610 2.534183
v 7.630025 -11.621852 2.708891
v 7.598815 -18.486366 -0.895091
v -0.122921 2.429842 -7.288458
v 2.493235 0.269649 -8.277225
v 7.312029 3.416750 -2.678326
v 8.513006 4.243014 -2.139553
v 2.636376 -1.896095 -7.516024
v 5.127364 -3.847795 -4.881118
v 5.507994 -4.598507 -3.986776
v 9.558118 -5.077353 1.111207
v 12.717003 -3.350720 2.876674
v 15.762313 -1.527955 2.634556
v 16.301949 -0.771010 3.954376
v 16.908901 11.601579 6.503142
v 6.329040 14.561362 2.395868
v 4.177875 13.278288 1.938408
v 0.303278 10.961396 0.183703
v 1.220663 12.223915 1.971276
v 0.584763 2.411115 -7.509155
v 18.341179 6.585932 7.858073
v 11.626362 15.422429 9.574777
v 0.379884 3.988729 -7.125225
v 17.783592 1.825169 4.646111
v 18.411295 2.478813 5.857845
v 5.178919 -1.416291 -6.415002
v 11.828159 -1.627694 1.724795
v 11.283840 -0.549443 0.047603
v 13.758146 -1.530064 1.528521
v 14.442062 -1.719447 1.812934
v 4.861338 13.499001 2.397434
v 5.416071 13.611446 2.271627
v 9.893013 -1.939090 -0.184882
v 12.077545 -3.391851 2.806022
v 2.459237 12.563841 2.166700
v 3.520920 13.414306 2.275669
v 15.837237 12.170281 5.255895
v 1.436964 8.090538 -3.169395
v 6.106304 12.931120 1.827627
v 8.927902 4.817103 -1.936658
v 11.645110 -0.085871 -0.069773
v 12.863014 -1.725179 1.419510
v 4.946106 12.649171 2.160249
v 4.764760 12.811566 2.233155
v 16.724094 0.659081 4.379813
v 11.430318 7.005685 0.790006
v 7.012131 8.574938 0.388660
v 6.873975 12.284546 1.529725
v 6.983143 12.518448 0.931843
v -2.650460 -2.120419 -7.399339
v 2.452530 -2.289248 -7.631849
v 0.256794 1.888435 -7.558849
v -0.271156 -0.594057 -8.054947
v -1.170389 -0.033017 -8.534575
v -1.512389 -0.471808 -8.188105
v 0.591971 -1.582153 -8.613505
v 2.370388 -1.951125 -7.777429
v 0.314832 -1.212668 -8.984131
v 1.385893 -0.261985 -9.009998
v 1.297672 0.420741 -9.032327
v -4.700296 1.665627 -5.776103
v -7.376210 5.285430 -0.768716
v -11.301272 8.551594 3.738347
v -3.004911 8.357204 -2.576826
v -2.520463 9.124849 -1.697374
v -8.326715 18.184605 3.592155
v -16.377731 11.361313 0.585767
v -18.322264 8.487660 0.769234
v -19.038254 1.443929 5.523572
v -19.657158 2.197087 5.035185
v -12.555516 -1.234107 3.490537
v -10.562189 -2.867467 0.734882
v -19.235447 6.993146 1.406657
v -15.324909 5.064138 4.297081
v -15.024696 6.603608 4.054326
v -11.725210 15.383349 2.274729
v -12.405897 15.352141 1.837103
v -20.265745 4.001886 2.704622
v -9.955001 7.930379 2.929548
v -6.820174 15.355452 4.658436
v -6.852844 17.039320 4.146543
v -10.334389 8.548616 3.750001
v -18.532820 1.136148 5.866763
v -11.917920 -1.197872 2.337714
v -6.845927 3.155546 -3.800081
v -6.069988 3.977068 -3.830760
v -2.099757 7.846742 -2.880404
v -14.740153 8.034066 3.996240
v -15.881475 3.764796 4.763682
v -6.294128 2.734756 -4.534915
v -7.630154 15.625120 4.694462
v -4.907940 14.829779 3.701513
v -6.023619 14.888765 4.474484
v -14.860145 -0.254788 5.207689
v -16.209179 -0.161403 5.255019
v -19.767036 4.904681 2.352686
v -0.369995 0.371970 5.450174
v 3.806986 -2.571804 2.555350
v -2.249927 3.073954 1.601048
v 6.101437 0.946463 -3.016835
v 5.784209 0.713466 -2.790409
v 1.016044 0.560458 -5.920264
v 4.644925 -1.809441 -3.548972
v 6.348948 -5.269235 1.317315
v 1.350249 6.566385 8.986323
v 4.137958 -0.921320 -4.468367
v 1.719456 6.651239 -0.686926
v 2.953603 0.489834 -5.496230
v 1.105508 6.640425 -1.039416
v 7.115242 -3.990455 3.276237
v 6.689721 -5.289391 2.069529
v 1.741585 7.062722 -0.248658
v 7.105438 -5.675097 4.458355
v 1.112160 -0.474090 -6.077380
v 2.368794 3.409077 -4.749089
v -2.574107 4.524508 -1.768858
v -0.820764 3.373563 -4.770103
v -0.223629 1.530181 -5.348307
v -2.868095 5.231096 4.611009
v 2.380613 0.107049 -5.300685
v 4.968457 -1.166192 6.074909
v 4.528566 5.437607 0.283755
v -3.211149 4.967443 2.168391
v 3.515362 4.286139 -4.163367
v 5.788267 -1.630914 -1.634743
v 3.818007 3.448146 -3.934106
v 1.847469 2.984826 -5.494769
v 1.642004 2.754697 -5.161532
v -0.990684 3.866782 -4.169495
v 0.576134 0.211057 -5.782417
v 3.586473 4.856882 3.792092
v -2.514980 5.133328 1.102596
v 4.557504 5.130054 -1.204035
v 6.547560 -1.698492 0.964831
v 6.251443 -2.656501 0.504360
v -3.169216 5.247147 -0.072106
v -0.338739 6.373982 2.006202
v 6.393007 -1.581179 3.748118
v 0.215135 -0.046729 -6.088894
v 0.318775 -0.094262 -5.862790
v 1.473767 4.903362 5.446898
v -4.281409 3.695414 -2.382948
v -0.315427 1.975978 -5.879057
v 2.060666 7.915984 1.747652
v 1.419396 9.141232 6.966416
v -7.594581 -2.832029 5.735993
v -6.814451 -2.391404 1.328952
v -5.604907 -1.652787 -1.405023
v -5.498009 9.288319 10.037387
v -4.954162 0.670877 -3.598035
v -1.557780 2.296632 -6.079862
v -1.178214 2.448956 -5.706840
v -1.880972 1.957111 -5.426764
v 0.307457 9.085212 7.531363
v -5.404016 -0.509557 -2.513778
v 1.063030 8.128187 3.867485
v 2.217954 8.180958 2.703447
v -6.430966 -1.739402 1.860568
v -6.161780 4.454813 3.317017
v -8.377319 4.477369 7.551591
v -9.127948 -1.708112 8.161880
v -0.313511 -4.177227 4.739007
v 3.831869 3.791388 2.699184
v 4.478205 3.820222 -0.481180
v 4.037766 2.636020 -2.534818
v 1.782894 -1.340855 -5.216272
v 2.330734 -3.677401 5.217734
v 4.456032 -4.237854 0.718458
v 3.024807 4.158534 1.800138
v -0.915698 -4.753628 -1.724610
v 4.208279 3.026659 -1.549651
v 4.096641 0.458092 -4.258886
v 1.505787 -0.819490 -5.406706
v 4.427717 3.204817 2.380550
v 2.787586 -3.862146 3.820313
v 2.492567 -4.399490 3.382399
v 4.395004 2.915154 2.903911
v 1.471340 -3.604538 -3.762990
v -0.937990 -5.082356 2.138270
v 5.523464 1.637520 0.243834
v -2.319208 -4.896776 1.329195
v 5.464096 -2.971770 -1.274315
v 4.478632 3.462676 -1.129162
v 0.978208 -0.458012 -5.455335
v 0.234804 0.038698 -5.517212
v 0.228716 0.026790 -5.253002
v 0.327561 0.228074 -5.178752
v -3.580274 1.873244 -3.945244
v 0.539265 4.424589 4.768608
v -3.399586 -3.731486 3.092960
v -0.903839 0.812351 -5.050593
v -2.125274 3.926667 5.119814
v -3.973852 4.120659 0.466534
v -4.916877 -1.932681 1.127134
v -2.534611 -4.154872 2.276305
v -4.210095 2.382332 -3.153398
v -1.280420 4.356077 -2.677160
v -4.239499 1.003805 -2.861362
v -3.498712 -3.258829 -1.203506
v -3.257003 -0.939830 -4.103021
v -0.610748 0.281847 -5.183021
v -5.251398 0.260777 2.593705
v -3.979443 -3.178950 2.694089
v -2.178109 4.505066 3.228063
v -0.703994 3.183861 -3.758556
v 1.317505 5.138021 2.149776
v 2.746027 4.909334 1.444320
v -1.825549 4.167840 4.345664
v -0.077988 -0.075078 -5.171096
v 0.672189 -0.564904 -5.148650
v 0.661598 -0.532890 -4.886259
v 0.560074 -0.729280 -4.803059
v -1.827828 -3.562747 -4.722383
v -4.285398 -3.720084 1.244224
v -4.516174 -4.408831 7.469875
v -3.206986 -5.349789 7.463345
v 3.777839 -5.353915 0.573112
v 3.112987 -4.626868 -1.678114
v 1.359324 -3.477747 -4.680131
v -5.602159 -2.734918 7.553431
v 0.735675 -1.639137 -5.256096
v -6.234128 1.449496 4.887016
v -1.717672 -5.506976 6.330163
v -1.891754 -0.259169 -5.213212
v -2.034153 -5.689198 0.083584
v 3.734981 -5.086878 2.254498
v -5.349754 1.389851 -1.541369
v -2.645373 -4.190204 -3.827430
v -1.309640 -3.124881 -5.548480
v 0.627848 -1.033962 -6.065250
v -0.082982 -0.329474 -5.674048
v -1.709028 -0.934900 -5.320086
v -0.783945 -5.715328 5.936164
v -6.303183 1.214721 2.689471
v -5.812655 -0.444732 3.933866
v 3.046741 -5.261235 1.187112
v -3.963078 -5.096677 -1.257996
v -4.982960 0.822089 -2.745151
v -6.104775 1.521618 1.131109
v -5.863441 2.418622 0.601515
v 3.707638 -5.352569 0.016157
v -6.277302 1.294239 4.311323
v -3.581884 -3.013234 -2.900563
v -7.765291 -2.129036 2.057899
v 4.858854 -5.652937 0.017115
v 0.191862 -2.951648 -5.321012
v -0.849461 -8.390948 7.003250
v 0.256268 -3.748842 -4.785893
v -0.777373 -3.255893 -4.920358
v 2.888988 -5.425414 -2.714433
v 5.263457 -5.143033 -0.363390
v -7.164061 -3.770711 3.985993
v -7.982810 -2.443872 2.866139
v -8.125874 -2.574446 5.558042
v -0.184633 -9.103541 9.338807
v 0.318756 -1.091506 -5.616856
v 1.016647 1.991736 -6.417678
v 7.207674 0.624825 -2.115847
v 9.441251 0.141791 0.683948
v 6.162757 10.137981 7.608855
v -1.390906 7.131849 -1.063888
v 1.443168 2.537275 -5.798431
v 5.092712 7.830240 5.138425
v 9.109179 3.024467 6.045367
v -1.811522 6.526594 -1.452814
v 9.353244 1.763791 2.906943
v 9.713161 0.353228 1.554227
v 10.671827 1.108762 4.202329
v 3.468554 -2.262432 -4.479568
v 1.482848 -1.823961 -5.600740
v 4.575383 -4.637517 -1.845556
v -0.180078 -10.229794 5.652380
v 10.965446 -0.008412 6.218451
v 2.695198 -11.247566 5.800201
v 6.500535 -1.834075 -2.239207
v 7.188200 -1.754437 -1.441085
v 5.952999 -4.359899 -0.797108
v 4.353820 -3.833848 -2.957627
v 6.284602 -1.132048 -3.724886
v 2.223391 -2.238071 -4.910292
v 6.124328 -1.367029 -3.451765
v 0.751635 -10.240679 6.047909
v 7.003280 -0.255303 -3.030945
v 0.210177 -9.031760 2.609104
v 8.654984 0.890483 2.251267
v 9.720788 -5.005591 4.513462
v 11.667051 -2.608335 7.560738
v 8.096085 -6.182691 0.383991
v 6.968925 -16.649069 6.196302
v 19.799524 -2.484863 6.567453
v 9.969936 -7.671231 2.799911
v 7.583721 -15.651653 5.457075
v 4.648053 -13.368667 4.576686
v 14.088662 0.110300 5.623850
v 9.340363 1.867710 1.090822
v 4.759913 -14.325518 5.307813
v 3.280424 -13.607906 5.636712
v 4.520998 -11.427042 2.922954
v 19.934971 -3.501681 5.989737
v 9.123803 -16.605286 5.819072
v 11.856467 -14.926064 4.409107
v 10.789751 -17.057146 5.437333
v -1.749774 20.532803 7.228233
v -8.222128 8.088520 5.356316
v -7.622557 3.947046 3.576753
v -4.811496 20.966263 8.579367
v -7.593887 19.423033 10.665265
v -7.788261 9.262370 8.161562
v -7.262563 6.036282 5.204336
v -1.397001 18.582027 6.918475
v -0.010630 2.713602 -6.086541
v -5.356215 4.469228 -2.494183
v -7.603286 11.417119 7.254954
v 9.445966 14.166667 8.737911
v 8.047894 2.368212 -0.206341
v -4.982818 6.553469 0.813358
v 9.396799 9.513587 5.024674
v 1.230025 9.723022 1.214919
v -0.804459 17.416037 6.554790
v -0.538726 16.024796 6.599812
v 1.524875 -0.555868 -6.849162
v 0.855211 -3.970804 -6.402172
v 2.473004 -0.344243 -6.587186
v -1.473412 0.735582 -6.415065
v -7.868799 -5.717711 -0.659312
v -8.565067 -5.132761 1.893219
v -9.977001 3.310744 4.368064
v -14.007707 -14.887379 3.333489
v -3.903139 2.241049 -4.506156
v -6.647886 -4.187879 -2.024346
v -6.181513 2.169654 -1.990549
v -14.726479 -7.225376 4.561243
v -1.969946 -1.926454 -6.110233
v -10.401704 -16.571152 5.305781
v -9.635941 2.227484 4.003194
v -13.585284 1.302086 6.306995
v -4.745724 -12.018510 6.966857
v -5.409044 -11.562508 6.037011
v -8.905553 3.103686 3.150887
v -11.167007 -16.916782 4.471426
v -0.427649 -4.970908 -6.961792
v -5.802614 -3.524140 -3.771788
v -9.936474 -16.539875 3.740759
v -2.930204 -2.285614 -7.161672
v 4.081639 -18.366751 -3.437845
v 3.629154 -3.344723 -6.944695
v -0.582947 -12.257339 0.416572
v -4.389363 -3.081307 -4.855338
v -8.422665 -10.216019 3.143745
v 7.548025 -10.837552 2.574343
v -9.210753 -17.731655 2.998377
v 7.758623 -9.648452 2.349543
v 7.961731 -18.534283 -0.580466
v 4.051611 1.535609 -7.761428
v 7.894701 3.811269 -2.370955
v 12.917688 -3.286685 2.795689
v 16.125132 -1.237877 3.325802
v 0.623323 11.783827 1.277687
v 0.537301 3.152364 -7.377326
v 10.043285 15.701159 8.959620
v 18.414799 5.292717 7.616271
v 6.895336 3.127334 -3.153666
v 6.068742 -4.812288 -3.146341
v 15.678617 11.676294 4.364757
v 3.567991 1.123682 -7.290506
v 5.556635 -3.013855 -5.042634
v 3.758354 -1.278379 -7.185937
v 6.243427 9.625145 -0.242007
v 13.586752 -1.646588 1.610630
v 4.802584 13.335051 2.347019
v 4.651036 12.829455 2.193647
v 11.614023 -2.697512 2.209970
v 3.901832 13.452946 2.106738
v 7.445536 11.203918 1.211705
v 8.386345 15.466409 7.222584
v -2.614674 -1.942649 -7.507252
v 2.430513 -1.967117 -7.700150
v 0.249142 2.176173 -7.484510
v -4.706634 1.503713 -5.718915
v -3.217516 13.045965 2.560441
v -13.011988 -0.855074 4.010026
v -11.412521 10.369074 4.284969
v -14.501292 13.934859 1.551660
v -7.740003 5.621598 -0.152769
v -16.351995 4.028870 4.646449
v -5.484124 14.925508 4.119711
v -10.098072 6.828074 2.379357
v -10.859751 -2.644323 1.301878
v -6.526937 14.976563 4.664303
v 2.688255 -1.227623 4.127229
v 1.889363 2.608382 4.161162
v 1.605705 0.733689 5.153250
v 1.564898 2.424561 4.345932
v 0.935044 1.523791 5.119292
v 0.964624 1.373362 5.165653
v -0.579459 0.071394 5.385018
v 1.189059 -0.468373 5.359103
v 1.397169 -0.161441 5.342318
v 1.439870 0.173001 5.339466
v -0.487488 0.236018 5.419641
v 1.482626 0.403990 5.292516
v 1.595751 1.815011 -0.555904
v 0.047600 0.159298 5.424344
v 0.429895 -0.111327 5.418746
v 0.621187 -4.128137 2.371838
v -2.813311 -3.115021 2.806984
v -3.672360 -0.824905 3.416475
v -3.682483 -1.391702 3.014567
v -3.816232 -0.417749 2.981440
v -2.431081 2.983081 3.175324
v -2.627683 2.880436 2.773404
v -1.848397 3.486401 3.079213
v -0.860418 3.994735 3.480148
v 1.891374 4.122609 2.909195
v 2.458124 3.854841 2.693093
v 3.997511 1.757001 1.462851
v 4.181602 -2.160209 2.269414
v 4.267396 -1.916575 1.825638
v 2.801002 -2.765488 0.024536
v 2.206412 -2.626063 -0.524040
v -2.393783 -2.555296 0.428999
v -1.864658 2.580418 0.340731
v -0.933830 3.988903 2.595792
v 3.015303 1.079511 -0.244040
v 2.233638 4.007315 3.204865
v 0.479400 -3.680534 3.401913
v 0.538466 -1.456660 4.884265
v 0.723745 -1.428841 4.898410
v 1.644117 -0.511034 5.139887
v 1.778502 -0.745143 4.901244
v 0.577983 2.049811 4.812088
v -1.007169 -0.154354 5.227573
v 1.293764 -0.495320 -6.181361
v 2.752797 0.280478 -5.542961
v 6.262681 0.763162 -2.639879
v 6.186316 1.350669 -2.795525
v 6.834219 3.346996 4.878424
v 0.783953 0.405610 -5.888793
v 0.840818 0.337391 -6.056544
v 2.927226 0.195768 -5.683417
v 2.962876 0.304313 -5.836816
v 2.513886 1.148094 -5.819252
v 0.826874 0.448895 -5.661857
v 0.777352 0.454629 -5.743801
v 1.372431 -0.531613 -5.584043
v 1.361196 -0.599179 -5.653987
v 2.865243 0.073983 -5.495385
v 2.264779 1.197880 -5.488231
v 2.289874 1.231338 -5.536665
v 2.230798 5.374646 -2.879715
v 2.235578 5.408158 -2.890356
v 2.391871 1.355772 -5.391393
v 6.524126 2.664259 8.561453
v 6.535638 2.430461 9.103241
v 6.429478 2.757417 8.219660
v 2.651643 2.096328 -5.051571
v 6.514653 0.979157 -2.045288
v 6.655232 -2.180939 -1.145285
v 4.651805 3.926389 -1.757914
v 2.404248 5.843562 -1.450938
v 2.835494 2.742594 -4.681070
v 2.835907 3.297347 -4.447704
v 2.845373 3.310558 -4.459754
v 2.467678 0.609226 -6.292373
v 2.232529 0.659236 -6.307005
v 2.489753 0.174403 -6.221798
v 1.921642 0.940760 -5.959213
v 6.530065 2.260183 10.308558
v 3.250692 0.835984 -5.332443
v 3.612214 1.031992 -4.932886
v 3.548930 1.041072 -5.687395
v 3.353212 1.118477 -5.783389
v 3.206023 1.285928 -5.694621
v 2.897836 1.526343 -5.310716
v 3.047049 0.933703 -5.411810
v 6.355285 2.632380 11.113937
v 6.377568 0.575836 -2.228767
v 6.037149 0.318975 -2.381284
v 5.843258 1.216831 -2.590778
v 6.846044 2.521860 1.954167
v 2.412469 6.831378 1.178130
v 6.200691 -3.980608 0.107799
v 6.484945 2.876149 8.221967
v 1.552703 0.709678 -6.105421
v 6.613929 2.128663 9.674779
v 0.959194 -0.192101 -6.278450
v -0.543893 -0.580008 -5.844353
v 4.046019 3.882439 -3.330552
v -0.382630 -0.525661 -5.900164
v -1.031985 -0.361966 -5.779992
v -1.114186 -0.170918 -5.642035
v 4.316799 4.436080 -3.196056
v -0.400269 -0.598275 -5.786560
v -0.159926 1.215346 -5.683088
v -0.879946 0.105271 -5.191189
v -0.181518 -0.574055 -5.572064
v 2.790890 -0.016995 -5.112249
v 2.803103 -0.011989 -5.130849
v 4.612551 -0.919547 -3.937979
v -0.202587 1.778601 -5.280836
v -0.586483 6.352235 2.250418
v 4.802907 5.195419 -0.132174
v 3.518557 3.960495 -4.502530
v 1.177316 2.532372 -5.206031
v -0.850129 3.658670 -4.552361
v -0.139296 1.102105 -5.962387
v -0.434626 0.757234 -6.105580
v -0.295975 0.645418 -6.259650
v -0.054249 0.309658 -5.722173
v -0.106901 0.486569 -5.690575
v 2.555333 0.670885 -5.279533
v 3.483565 5.267766 3.391205
v 6.083916 0.075751 3.190027
v 1.912722 3.674088 6.622791
v 1.674449 3.880687 6.471245
v 1.831532 4.169265 6.128308
v 1.872112 3.635465 6.606957
v 0.900227 2.748919 -5.167540
v 0.266288 3.115461 -4.878338
v 2.412966 0.535693 -5.301832
v 6.856923 -1.742872 2.212486
v -2.285972 5.197336 0.757275
v 4.338366 5.355115 -0.774535
v 4.356980 4.863456 2.391953
v 4.467506 5.003132 1.531379
v 3.634081 3.369930 -4.672224
v 4.505565 1.539980 -3.960819
v 2.935624 3.674947 -4.446603
v 2.947307 4.052236 -4.628809
v 3.169013 3.923154 -4.724000
v 5.166151 4.269312 -0.417913
v 6.123703 2.056141 -0.493438
v 4.467961 5.025280 -0.393072
v 2.129932 6.153629 -0.103551
v 4.697855 5.243461 -0.495041
v 3.778970 4.176432 -3.318247
v -2.140910 5.002568 -1.166447
v -0.534608 6.297014 1.845070
v 6.147898 -0.078098 3.929208
v 2.926353 4.750213 4.678703
v 1.316813 5.358885 4.852324
v 0.347680 5.595946 4.851394
v -0.312413 0.443519 -6.302615
v -0.018367 -0.079362 -6.206887
v 1.711819 3.917011 6.485793
v 2.390509 4.769520 5.088496
v 2.000256 4.651458 5.637915
v -0.937002 -0.477022 -5.748591
v -0.281074 1.654235 -6.001889
v -1.663261 2.487826 -5.936446
v -1.540169 2.224001 -5.572125
v -0.305664 1.793390 -6.001254
v -1.260476 2.476581 -5.615883
v -0.772431 0.914937 -5.824517
v -2.127285 2.414088 -5.806215
v -1.558924 2.069763 -5.598396
v -0.220688 1.769682 -5.903450
v -0.886607 0.846169 -5.271264
v -0.885582 0.789843 -5.321522
v -0.200078 1.880533 -5.534242
v -1.271258 2.627808 -5.547612
v -1.978315 1.620544 -5.410868
v -2.022223 1.615703 -5.451366
v -0.809311 5.761840 -2.375277
v -5.920355 4.706858 2.853772
v -0.674193 2.115758 -5.721719
v -1.470393 1.026752 -5.633029
v -7.584906 3.892413 5.598011
v -2.323279 2.182933 -5.615884
v -7.110396 -0.362427 3.154590
v -7.424448 -1.598796 4.867053
v -6.812916 -1.630891 3.575890
v -6.290783 -0.904058 0.579111
v -1.678866 2.145005 -5.520225
v -6.471388 -2.536771 2.960409
v -6.941551 -1.013181 3.149244
v -7.022441 -1.060540 3.668550
v -6.377986 4.497622 3.237507
v -2.843450 8.824543 7.221160
v -7.814059 3.736625 5.948311
v -2.918850 8.989131 7.113829
v -2.803945 9.341264 7.426907
v -2.782284 9.169870 7.503150
v -1.220234 1.193359 -6.061378
v -0.712606 1.918105 -6.196442
v -1.354753 0.962313 -5.670638
v -8.297519 4.012943 7.122733
v -8.259293 3.770330 6.837914
v -9.353369 -0.504520 8.280071
v 4.180060 -3.657483 -2.458211
v 2.026492 -0.745613 -5.716611
v 2.054988 -0.638012 -5.627491
v 5.403418 -3.381362 -1.609967
v 5.683417 -2.632664 1.177485
v 1.762766 -1.021776 -5.448454
v 1.807150 -0.990555 -5.558310
v 1.701382 -1.048446 -5.322903
v 2.027642 -0.472607 -5.258634
v 2.046996 -0.467631 -5.296531
v 2.199098 -0.517400 -5.233176
v 5.281203 0.415922 -1.537228
v 1.810478 -1.642131 -5.039316
v 5.769705 -3.123785 0.150493
v 5.355679 1.983623 0.751751
v 4.323872 -3.229950 -3.222431
v 1.664028 -4.638288 -2.723713
v 2.722177 -4.309567 -2.664112
v 3.190884 -1.167752 -4.678330
v 3.367701 -1.322300 -4.603469
v 3.375145 -1.416053 -4.686767
v 3.844944 0.128766 -4.522882
v 3.853043 0.130411 -4.534518
v 1.734285 -0.900285 -5.653395
v 5.573411 0.552399 2.411690
v 5.529866 0.134907 2.574217
v 2.553538 -4.211955 3.685721
v 2.607937 -0.960429 -5.191503
v 4.035787 -0.167976 -4.330812
v 4.865782 2.202308 2.821259
v 4.898044 2.505668 1.521047
v 4.411866 0.289669 -3.762078
v 1.648682 -4.546778 -2.701419
v 2.375636 -4.254520 -2.925557
v 2.805916 -4.894102 1.107490
v 5.696370 -3.290629 -0.405003
v 3.598931 -4.670264 -0.367372
v 5.529746 -3.108090 -0.708753
v 5.336896 1.553119 -0.596177
v 3.493136 -4.464314 2.028761
v 3.537062 -4.107343 2.505913
v 4.721444 2.774323 2.537369
v 4.313211 0.349434 -3.889687
v 4.287090 -3.036380 -3.464025
v 3.974028 -3.238507 -3.368039
v 4.490084 -0.681824 -3.553209
v 4.688385 -1.698026 -3.220126
v 3.210023 -4.842818 0.085788
v 5.067190 -3.665414 -0.660308
v 5.357398 -3.369501 -0.702388
v 5.370476 1.733460 0.000880
v 2.957874 -4.927174 -0.529579
v 5.015241 -3.361262 -1.832420
v 2.650393 -4.523221 -2.254371
v 3.817557 -3.782283 -2.630767
v 4.462808 2.813409 -1.487925
v 4.306602 3.216271 -1.339581
v 4.484046 2.825837 -1.498748
v 3.482847 -4.888753 0.697152
v 4.487766 2.938936 1.583575
v 2.526110 -3.854611 4.207729
v 5.076191 -2.452103 2.628628
v 2.290239 -3.910100 4.863339
v 2.465118 -3.793723 4.491804
v 2.186019 -3.916877 5.007474
v 4.071775 1.942240 3.959173
v 0.302931 0.122949 -5.630196
v -1.047651 0.287741 -5.533936
v -1.110329 0.177584 -5.517975
v -1.143402 0.076681 -5.422830
v -4.764768 3.075779 -1.843184
v -5.332415 2.582225 1.049018
v -5.211548 2.536178 0.971034
v -0.866380 0.476869 -5.255953
v -0.903514 0.436797 -5.365627
v -0.813225 0.513825 -5.129261
v -1.137775 -0.059853 -5.041370
v -1.154670 -0.067956 -5.079916
v -1.310878 -0.015590 -5.030065
v -4.636378 -0.671111 -1.414915
v -0.945120 1.125790 -4.899286
v -5.484298 -0.261393 0.188617
v -5.253473 2.966118 -0.099119
v -5.455132 0.289056 0.434189
v -3.159690 -4.152023 1.479263
v -4.220449 2.701639 -2.974119
v -3.581384 2.812669 -3.368292
v -2.027431 3.953223 -2.796376
v -2.341198 0.661473 -4.589056
v -2.523718 0.818842 -4.537332
v -2.526753 0.905891 -4.627869
v -2.992245 -0.628267 -4.375462
v -2.999584 -0.630901 -4.387416
v -0.824037 0.340567 -5.448829
v -5.235796 -0.567677 2.612707
v -2.256315 4.340286 3.540511
v -1.725422 0.423729 -5.047807
v -3.197365 -0.320420 -4.218862
v -5.306041 -0.973752 0.224294
v -5.119092 -1.106314 2.666264
v -3.604065 -0.738141 -3.640904
v -1.664710 3.883200 -3.030906
v -4.986082 3.134782 -1.239850
v -4.714311 -1.769221 -0.450458
v -3.092974 4.454044 1.813979
v -1.517600 4.599233 3.404068
v -1.752879 4.684601 2.997413
v -4.762713 -2.036123 2.383075
v -4.286211 -2.741823 2.799001
v -3.061161 1.858302 -4.313274
v -3.497081 -0.806075 -3.757214
v -3.391761 -1.340737 -3.692809
v -3.711364 2.416793 -3.626006
v -3.527822 2.601833 -3.591606
v -3.223190 2.814899 -3.492217
v -0.603694 4.218606 -2.775390
v -3.130448 1.814934 -3.948071
v -3.704032 0.244761 -3.512497
v -4.040541 -0.315991 -2.953552
v -4.669909 -1.852731 0.117464
v -4.960089 3.341432 -0.358230
v -0.495277 4.429813 -2.570007
v -1.385954 4.519498 -2.327070
v -3.925691 2.481119 -3.039190
v -3.711632 2.289288 -3.344093
v -3.624362 -3.192528 -1.185477
v -3.783584 -3.066154 -1.187838
v -3.003782 4.777246 0.456692
v -5.274731 -1.195303 1.227387
v -5.165429 0.774747 2.695404
v -2.064699 4.132318 4.751814
v -1.969784 4.151433 4.901175
v -3.734318 -1.795444 4.190308
v 0.612025 -0.658408 -5.258841
v 1.024129 0.480042 -5.707106
v 0.864173 0.423652 -5.768852
v 1.576764 -0.045752 -5.506186
v 1.515276 0.269352 -5.637463
v 1.599841 0.078565 -5.507992
v 1.378164 0.280307 -5.785125
v 0.668910 -1.322317 -5.596085
v 1.367535 -0.205279 -5.071108
v 0.621602 0.405800 -5.410650
v 0.660393 0.465936 -5.449107
v 0.740362 -1.317901 -5.451156
v -4.148523 0.718463 -3.843465
v -5.804828 -2.184716 7.372664
v 0.718336 -1.888402 -5.197773
v -2.071872 -0.260095 -5.128780
v -1.388640 -0.424207 -5.333563
v -2.686849 -3.555380 -4.429590
v 0.144879 -2.737280 -4.950929
v 1.392026 -3.764286 -4.464505
v 1.398004 -3.785698 -4.480943
v 0.648139 -1.206905 -5.876372
v 0.799030 -0.745205 -6.153177
v 0.281356 0.016960 -5.687644
v 0.673365 -0.242097 -5.559073
v 0.943372 -0.706368 -5.452045
v 0.618557 -2.941247 -4.885885
v -5.764718 -0.922701 3.217360
v -5.627409 -0.757899 3.292195
v -0.875579 -2.848274 -5.602748
v -1.735638 -1.797740 -5.319204
v -2.301720 -1.146667 -5.167955
v -5.902751 -1.722545 6.488217
v 2.306226 -6.043024 2.355289
v -1.911846 -5.614715 6.754918
v -1.058932 -5.724983 6.370931
v -1.230968 -5.761138 6.665059
v 1.767861 -6.041424 2.108999
v -1.386966 -0.781542 -5.347776
v -6.454829 1.637187 2.437674
v -4.139891 -4.877952 -1.613040
v -1.340597 -5.591118 2.299212
v -1.223343 -5.742708 2.284092
v -0.647402 -2.865787 -5.074055
v -2.385100 -3.826823 -4.402050
v -2.610599 -4.072101 -4.695747
v 2.684021 -5.117332 -1.082687
v -3.142423 -5.134505 -0.292076
v 1.779621 -6.008617 1.954283
v 1.802567 -6.072131 2.095914
v 2.247740 -5.849703 2.036254
v -6.193543 -0.278158 4.301388
v -6.328362 1.282093 4.596699
v 0.812404 -0.542713 -6.191318
v 0.716634 0.052793 -6.078881
v 0.308376 0.128191 -5.680972
v -3.913842 -3.278107 4.820076
v -5.209027 -2.200427 5.211318
v -0.713998 -5.672054 5.437208
v 1.418219 0.382536 -5.604492
v -0.470275 -1.146093 -5.643573
v -0.205765 -1.131109 -5.800698
v -2.083813 -5.415506 -2.655487
v -0.589441 -1.292661 -5.585314
v -0.082733 -1.319103 -5.884336
v -2.091655 -6.132326 -2.662605
v -1.802701 -7.839432 0.685422
v 0.563629 -1.259479 -5.421430
v 0.468029 -1.284859 -5.586423
v -0.933573 -3.177824 -5.251397
v -2.946395 -5.781767 -1.747046
v 0.576776 -1.301618 -5.194421
v 0.610703 -1.269787 -5.278157
v -0.527909 -1.122878 -5.033486
v -1.073738 -2.936121 -4.959173
v 0.214449 -3.108649 -5.009155
v -3.100847 -3.174767 -3.370861
v -3.115931 -3.194847 -3.385258
v 0.256661 -3.320287 -4.893902
v -1.522510 -8.586636 8.568200
v -1.153781 -8.365171 7.801573
v -2.054468 -3.274161 -4.288672
v -7.146909 -3.772660 4.237756
v -5.812361 -4.629136 4.007453
v 1.059148 -4.580850 -4.105279
v 1.487597 -4.917047 -3.848095
v 1.490975 -4.935884 -3.860050
v -1.189351 -8.379293 7.436831
v -0.681844 -8.185243 6.218762
v -0.258948 -4.141901 -4.918817
v -0.512368 -4.079537 -5.144475
v -0.284278 -4.048242 -5.063787
v 0.065198 -3.887562 -4.743807
v -0.494737 -3.633297 -4.836162
v -0.774813 -3.577852 -4.821352
v -5.419203 -4.946674 4.117424
v -0.710890 -8.317957 6.150511
v -0.805474 -8.017676 4.824688
v -2.179410 -5.884307 -2.897454
v -3.185193 -5.837063 -1.378945
v -4.256921 -5.357796 -0.763282
v -1.324803 -8.420363 7.772963
v 0.535831 -1.752911 -5.312657
v 0.462742 -1.948607 -5.388781
v 0.228993 -8.968723 9.046935
v 0.231230 -8.851744 9.143691
v 1.836233 1.302711 -6.655926
v 1.597102 1.409692 -6.824689
v 2.142025 2.319624 -5.643781
v 1.968962 1.346824 -6.570451
v 2.597882 2.485959 -5.846965
v 1.457583 2.405035 -5.830689
v 1.325654 1.570709 -6.841427
v 1.524677 1.594238 -6.887391
v 0.931030 1.799036 -6.420030
v 1.019865 1.780306 -6.584296
v 2.573042 2.201301 -5.715686
v 5.596791 10.415491 7.856462
v 0.928347 1.825778 -6.179997
v 1.889228 1.248469 -6.033196
v 2.571438 2.045846 -5.534994
v 1.506475 2.758821 -5.659117
v 4.575761 1.479758 -4.123283
v 1.305298 3.631274 -4.863554
v 1.353537 3.266891 -5.218679
v 3.838518 1.826724 -4.747607
v -0.348507 6.387441 -1.728092
v 1.201423 4.212151 -4.630432
v 1.637748 2.565943 -6.433977
v 1.896606 2.509687 -6.564260
v 1.802793 2.054661 -5.951532
v 2.149417 3.927961 -4.323319
v 4.798925 7.663606 4.516291
v 4.278934 3.350689 -4.064429
v 4.132958 2.981887 -4.140988
v 2.852090 3.361681 -5.170335
v 1.754807 3.047925 -5.424648
v 2.002367 3.141798 -5.512158
v -0.885231 9.173820 5.245882
v -0.512825 8.837626 4.647624
v 4.027455 3.746347 -3.541126
v 4.019586 4.004551 -3.315623
v 4.289177 4.282399 -3.528836
v 4.831591 6.435851 1.438979
v -0.544134 8.884087 4.639256
v -0.496795 9.048306 4.862009
v 1.347912 2.304801 -6.520628
v 1.971693 2.363154 -6.664985
v 2.359023 2.022598 -6.389585
v 4.633125 9.204738 6.516306
v 4.608136 9.133655 6.623950
v 1.419047 1.435536 -6.799706
v 1.492137 -1.530707 -5.876328
v 1.493778 -1.652830 -5.812141
v 6.224664 -4.930181 -0.329051
v 1.830368 -1.187976 -6.041534
v 2.194062 -0.778114 -5.245978
v 2.417502 -2.383825 -4.883297
v 2.523081 -2.347415 -5.031664
v 3.148398 -1.641220 -4.811501
v 1.416528 -1.781520 -5.329770
v 3.098178 -1.484183 -4.431681
v 3.141122 -1.481596 -4.492770
v 2.065462 -3.975031 -3.832409
v 1.775523 -5.971118 -2.875690
v 3.276693 -1.508495 -4.436358
v 3.564949 -1.435212 -4.297112
v 1.553490 -10.444035 5.792014
v 9.704049 -5.480471 4.883074
v 9.988788 -1.764449 3.768739
v 6.599131 -1.567085 -2.625325
v 3.904397 -1.374632 -4.167050
v 2.176154 -3.312417 -4.095394
v 5.109346 -5.080714 -1.160132
v 6.686700 -1.998325 -1.658973
v 3.877995 -2.190811 -3.778166
v 1.868802 -4.762402 -3.343982
v 2.724911 -1.630780 -5.654478
v 2.323135 -2.046746 -5.647484
v 2.325991 -2.322423 -4.914622
v 2.752120 -1.177334 -4.781360
v 10.836893 -4.114021 5.606332
v 2.362752 -5.914859 -2.863126
v 2.050416 -4.725281 -3.370384
v 10.303093 -1.434449 4.340461
v 11.310169 -3.733797 6.957524
v 7.192454 -0.943076 -1.820244
v 6.430498 -1.449959 -2.956172
v 2.718527 -10.064691 4.888757
v 4.214495 -4.300857 -2.342345
v 2.481978 -5.165055 -2.945497
v 1.923453 -5.333519 -2.953963
v 6.374210 -1.334368 -3.134713
v 6.778840 -1.357702 -3.011388
v 6.595620 -1.024288 -3.442914
v 5.106216 -4.873597 -1.408429
v 4.905527 -4.952838 -1.363224
v 1.927563 -6.579782 -2.479441
v 6.539219 -2.024824 -1.846563
v 7.125330 -0.988980 -2.096250
v 7.263219 -0.956275 -1.887411
v 7.286057 -2.076411 -0.984798
v 9.542339 -1.628231 3.328442
v 9.861216 -1.168464 4.004515
v 3.501101 -10.355687 4.743071
v 3.304534 -10.503181 5.198929
v 2.584803 -11.073536 5.413530
v 2.572394 -11.104860 5.379224
v 2.267388 -1.281819 -5.954760
v 2.058100 -1.521866 -6.033380
v 1.725751 -1.889400 -5.685363
v 2.621454 -0.865860 -4.980129
v 1.718314 -1.148347 -5.932923
v 10.484118 -8.565262 3.303061
v 8.528126 -6.456702 1.172843
v 5.443473 -4.339673 -2.658577
v 4.274848 -3.212155 -4.600204
v 19.822628 -6.291768 3.887812
v 5.455013 -3.897746 -2.567748
v 4.325453 -3.017898 -4.520724
v 7.626294 -0.730600 -1.197593
v 6.927910 -1.261869 -2.145786
v 7.902394 -1.167412 -1.639402
v 2.721754 -8.538588 -1.615794
v 2.863600 -8.554627 -1.072667
v 3.365868 -10.694697 1.335345
v 10.505014 -7.702391 2.854353
v 9.757174 -7.339544 2.541790
v 5.250942 -15.217283 5.861378
v 6.967967 -9.891806 3.468211
v 14.147392 -2.234010 4.229024
v 15.503999 -2.744144 4.766003
v 15.609189 -2.605450 4.662791
v 7.447684 -6.478724 -1.006674
v 4.860943 -3.631442 -3.811230
v 4.961883 -3.993023 -3.977885
v 19.183025 -5.625827 4.441703
v 17.233311 -3.602707 4.633177
v 17.964861 -5.309793 3.978468
v 17.189287 -8.912573 3.134279
v 16.208389 -9.526302 3.086303
v 4.717360 -3.399244 -4.009628
v 8.386926 -15.348539 5.257405
v 2.783045 -10.428587 0.788477
v 17.094702 -2.090421 5.339757
v 19.086315 -3.863307 5.310071
v 4.483822 -14.141443 5.337658
v 4.567739 -12.726853 4.134063
v 4.869098 -11.854292 3.325330
v 13.001214 -0.393893 4.164870
v 13.232381 -1.104911 3.834926
v 9.358811 -15.155931 5.116056
v 8.825541 -16.460938 5.996852
v 2.959844 -10.259687 1.105149
v 18.957996 -4.612340 4.878765
v 0.659780 -4.012155 -6.247507
v 0.531095 7.746249 -2.177091
v 0.837639 10.648011 0.643723
v 0.727048 8.861383 -0.809294
v 0.392416 6.906887 -1.698650
v -1.023910 1.321820 -6.625472
v 2.574109 -0.065487 -6.417282
v -7.951640 8.247854 5.246029
v -4.102468 2.894212 -5.000298
v -0.964182 7.111980 -1.128956
v -2.956227 2.154573 -6.019062
v -1.628985 1.634145 -6.409834
v -2.278105 19.332657 7.452353
v -5.416477 17.338007 9.473953
v -4.782952 5.194948 -2.150933
v -4.007981 7.518884 -0.534069
v 9.286071 9.781078 5.065758
v -5.867957 10.767482 5.950902
v -6.450860 10.316980 5.911603
v -6.003033 11.310856 5.284751
v 9.267704 6.382936 5.342807
v 0.541734 7.529072 -0.530707
v -4.123408 7.795173 -0.248551
v -5.274311 15.266696 8.142598
v -1.047618 16.703341 6.864552
v -0.291778 16.464828 6.686775
v -0.501709 2.678725 -6.017383
v -0.874783 2.601937 -5.999570
v 9.761017 8.167086 5.324923
v 8.296799 6.690999 2.853220
v -7.113612 6.885317 4.528269
v -7.617118 8.407987 5.068442
v -6.583232 8.104607 3.510024
v -7.089532 11.225043 6.531079
v -7.636298 15.082427 11.008559
v -6.976875 11.019052 6.953323
v -6.875461 9.915588 6.160799
v -6.578196 7.752567 3.990628
v -6.355750 6.980470 3.600683
v -7.080812 6.754671 4.747110
v -5.333505 4.916486 -1.516329
v 10.180685 8.680716 5.963446
v 9.560263 9.256047 5.152595
v 5.915737 9.739381 3.124518
v -8.198203 8.639162 6.524493
v -5.677756 10.152941 3.645422
v -5.123953 5.290994 -1.262211
v 0.699376 10.835484 3.243029
v 0.981226 10.290178 1.995037
v 10.104868 8.258052 5.839632
v 1.017911 8.960814 0.519883
v -6.334710 10.776479 6.403659
v -6.362148 15.961444 9.757916
v -1.499668 16.519407 7.043983
v 5.852488 17.601522 8.250523
v -5.996787 17.119736 9.915077
v -5.947723 16.882830 10.296375
v 2.838856 -0.492609 -6.482821
v -0.261674 0.088238 -7.027286
v 0.934730 -0.379603 -7.030976
v -0.472271 -0.708411 -7.753819
v -0.643097 0.806484 -7.062342
v 1.618975 -2.757395 -6.914804
v 1.178845 -1.716660 -7.704702
v 1.333669 -3.065301 -6.742857
v 2.605844 -0.559388 -6.612274
v -7.795373 -5.443213 -1.040976
v -8.380101 -5.700933 1.382787
v -8.205472 -5.755629 1.101449
v -12.701219 -8.736204 4.562968
v -6.939096 -5.117970 -1.240508
v -7.175313 -4.264131 -1.329216
v -1.355492 -9.053558 -0.294762
v -9.367285 -1.611975 3.043746
v -14.612297 -4.971109 4.585214
v -11.365654 -11.884302 5.399679
v -10.698571 -12.306470 5.698221
v -10.139795 -11.546059 5.715052
v 0.416072 -4.432323 -5.310486
v -17.703274 -3.359287 3.620507
v -10.323175 -13.563446 5.814833
v -9.499567 -12.284963 6.121478
v -14.044828 -3.303864 4.855307
v -10.464360 -6.633806 3.374631
v -14.038538 1.194757 6.343185
v -14.187881 1.133660 6.328465
v -14.723684 1.570704 6.611318
v -2.639989 -10.337230 3.394201
v -7.263706 -5.204777 -1.718712
v -6.442701 -4.844625 -2.410491
v -13.012525 -8.829403 4.364187
v -13.535991 -9.331214 4.423944
v -13.048167 -8.854546 4.535738
v -15.351747 -4.530180 4.838553
v -9.591307 -12.174297 6.190997
v -10.419832 -15.675461 5.312819
v -14.648046 -0.274117 6.070952
v -14.967449 1.201384 6.543991
v -8.963276 1.430410 1.727143
v -8.496027 0.402479 -1.169823
v -9.399233 -5.650085 2.643627
v -4.082623 -8.818634 -0.409198
v -0.898387 -14.776166 -0.297905
v -1.298371 -13.831335 0.265598
v -0.682489 -13.300429 0.397887
v -1.556894 -17.379383 -1.870750
v -3.037514 -18.321732 -2.695657
v 0.535713 -17.197605 -2.154992
v 6.935271 -18.513184 -1.623372
v -5.131345 -18.147398 -0.815673
v -1.002537 -11.779366 0.039226
v -1.455593 -11.325121 0.115409
v 2.075554 -11.321102 0.250388
v 6.660271 -6.450124 -2.155366
v -0.956459 -6.911177 -5.633163
v -4.668839 -3.331771 -4.600770
v -5.186397 -18.008297 -0.838610
v 1.285388 -17.590101 -2.332141
v 7.500580 -15.643681 1.049132
v -7.527999 -10.316990 2.326052
v -8.958126 -9.708378 3.469307
v 5.069808 -11.046481 1.031108
v 5.594508 -10.724093 1.217587
v 7.161684 -10.066391 2.081531
v 7.607710 -10.180546 2.432134
v 7.595545 -10.202349 2.512485
v 7.587855 -11.593177 2.625971
v 7.365568 -11.104303 2.340846
v 7.190406 -11.419821 2.172633
v 5.834949 -11.554463 1.428564
v 2.454721 0.582737 -8.283461
v 7.239235 3.510737 -2.693845
v 8.454132 4.325981 -2.161870
v 1.017132 2.126859 -7.685554
v 5.398462 -4.088244 -4.489291
v 16.284353 -0.710208 3.873806
v 4.181717 13.198546 1.907450
v 18.409176 2.534065 5.815910
v 14.702879 12.379787 4.436056
v 11.693563 -1.729630 1.721031
v 11.034380 -0.062485 -0.338432
v 12.803036 0.583216 0.186215
v 5.177748 13.341166 2.192500
v 5.462692 13.391459 2.182423
v 10.063379 -1.955768 -0.013645
v 0.707370 8.513443 -2.614814
v 15.323059 11.566446 3.819565
v 16.111624 11.665421 4.920447
v 3.253367 1.114379 -7.526342
v 4.496006 -1.437141 -6.826817
v 3.089239 -1.137223 -7.614166
v 6.838565 13.107272 1.257465
v 5.827063 13.219185 2.017014
v 12.925812 -0.257780 1.157497
v 11.870065 1.042887 -0.290169
v 12.491196 -1.204873 1.458064
v 11.812778 -0.299946 0.822079
v 4.916345 12.578579 2.146053
v 6.713840 9.564179 -0.319832
v 5.786075 10.224609 0.128677
v 16.658215 0.703034 4.368737
v 2.402769 9.017214 -0.388116
v 12.505747 0.107339 0.992603
v 9.226171 5.247938 -0.600009
v 12.015036 -3.216145 2.689425
v 6.785155 12.186291 1.492917
v 6.921113 12.400366 0.895843
v 13.997482 9.088393 2.990121
v -2.638312 -2.172509 -7.413759
v 2.343047 -2.270452 -7.602962
v -0.023200 1.925939 -7.481523
v -0.051041 0.805074 -7.966969
v -0.345167 0.022933 -8.118073
v 0.978227 -1.131823 -7.995219
v -1.126764 -0.226385 -8.534988
v 0.405045 -1.633912 -8.599637
v -1.971745 -0.975320 -7.805633
v 0.790746 0.916577 -8.779043
v 0.305657 -1.250377 -8.963234
v 1.421137 -0.262987 -8.992956
v 1.338293 0.439254 -9.014552
v -11.774981 8.612030 3.796466
v -11.346269 8.484138 3.686874
v -12.934747 9.189467 4.070258
v -11.928635 7.838428 3.608793
v -10.295301 11.657656 4.474477
v -15.552321 6.077136 4.223408
v -15.709761 5.288878 4.362373
v -14.933110 4.940238 4.331994
v -11.365699 3.704522 2.273248
v -15.353177 4.146784 4.532080
v -8.846896 0.697675 -3.468390
v -10.568579 7.741931 2.844757
v -10.708628 8.693624 3.926432
v -8.425172 10.022397 4.029471
v -6.993770 3.947393 -3.565622
v -6.821974 3.600625 -3.946828
v -14.401649 7.944654 4.101159
v -11.294565 12.837879 4.489625
v -9.658514 12.542151 4.945609
v -7.989412 14.908297 5.128406
v -6.045512 14.819883 4.458837
v -10.150413 6.216053 2.255979
v -8.491697 14.491865 5.013550
v -16.597919 2.708409 5.143664
v -16.594311 2.657538 5.079104
v 0.162991 2.343462 4.617586
v 1.859310 2.218589 4.279603
v 1.573428 -0.140797 5.291573
v 1.838663 1.664898 -0.604393
v 2.281065 1.266745 -0.653216
v -0.417497 0.354222 5.442420
v 0.670544 -3.885282 3.145929
v -2.558958 -2.893319 3.471880
v -3.369926 -1.258170 3.696301
v -0.452499 3.909690 3.776626
v 2.447570 3.733401 3.369659
v 3.848750 1.958297 2.723434
v 3.629022 -2.418606 2.845918
v -2.378742 2.946781 1.633100
v -2.099717 3.196646 1.579576
v -1.514894 3.767906 2.383383
v 2.059453 2.940930 3.999967
v -2.295614 -0.841045 4.392736
v 0.251377 1.982667 4.811655
v 6.075752 1.102041 -3.056109
v 6.251914 1.041491 -2.736248
v 5.943160 0.814992 -2.524903
v 5.740047 0.924597 -2.836254
v 5.623305 1.294538 -2.862280
v 1.496178 -0.588558 -5.914141
v 3.196213 1.473182 -5.271846
v 0.887724 0.473492 -5.937416
v 1.043042 0.516024 -6.015684
v 1.497146 -0.563865 -5.601751
v 4.641839 -1.786309 -3.552163
v 5.601646 -3.345910 -1.827295
v 6.421618 2.452997 11.967556
v 6.620395 1.787114 12.033975
v 6.115388 2.991274 11.972900
v 5.673298 3.440790 12.068507
v 0.795768 7.610928 6.721749
v 2.819393 3.098278 -4.562316
v 0.867581 0.549782 -5.671313
v 6.740665 0.946034 11.951690
v 4.357290 4.207257 11.878626
v 5.713373 3.749849 0.367485
v 2.344892 1.376556 -5.436411
v 4.153629 -0.908724 -4.480676
v 4.129699 -0.911231 -4.461824
v 6.955701 -0.847346 11.147295
v 0.270627 7.505336 5.486371
v 6.644716 0.831431 -1.630770
v 6.509595 0.809297 -1.976575
v 6.874282 -1.336107 -1.111469
v 6.063718 -4.267056 -0.116449
v 1.827674 6.713883 -0.612094
v 2.584414 0.362956 -6.239533
v 2.576778 0.066604 -5.643286
v 2.727575 0.073098 -5.603285
v 2.153948 1.103294 -5.558218
v 6.546286 3.171632 6.971218
v 6.443437 3.110430 7.824387
v 6.451537 3.104179 6.980496
v 2.658865 1.473770 -5.412119
v 2.729263 1.744627 -5.231874
v 6.459658 2.244291 11.372051
v 2.043794 7.008855 0.966867
v 2.731182 1.562681 -5.202094
v 2.524861 1.546967 -5.274845
v 3.090395 0.525393 -5.442954
v 3.019367 0.364784 -5.443488
v 5.533158 -3.010433 -2.174440
v 6.513859 -1.956457 -1.340979
v 1.055656 6.611352 -1.213984
v 1.233090 6.628660 -0.917009
v 7.043384 -4.100112 3.144758
v 7.170258 -3.978777 3.396305
v 0.489783 8.145697 3.707805
v 2.408398 6.924326 1.547333
v 1.833295 6.927707 -0.399564
v 7.038717 -5.633844 4.147468
v 7.186164 -5.594361 4.803742
v 7.667792 -2.404615 7.901945
v 7.485965 -2.543911 7.508142
v 6.432305 2.628042 10.054584
v 7.276905 -2.013894 9.895552
v 1.247392 -0.523538 -5.644134
v 0.775311 0.338721 -5.729731
v 1.136188 -0.456443 -6.178881
v 1.222647 -0.566556 -5.997576
v 4.708021 4.661081 1.509897
v 0.872123 1.825879 -5.740403
v 2.829439 3.828875 -4.884706
v 3.985035 5.163930 2.441160
v 2.517464 3.328176 -4.803576
v -0.049976 -0.512446 -5.607342
v 3.011324 -0.143899 -4.995306
v 6.104834 -2.632000 0.110191
v 6.942709 -2.521867 2.511779
v 6.752118 -2.525932 2.784425
v 1.514852 2.199005 7.627660
v 0.798741 2.602824 7.614333
v -3.240275 5.679434 2.853127
v -3.296168 5.288595 0.340715
v -2.520276 4.464056 -2.002792
v -2.562352 4.579821 -1.580604
v -0.801246 3.358408 -4.764090
v -0.804313 3.377429 -4.781388
v -0.912352 0.184227 -5.210510
v -0.690925 3.379696 7.218273
v -0.210156 1.548970 -5.365698
v 6.357869 -1.732538 4.151490
v 6.159667 -1.905777 4.435813
v 2.050406 3.384204 6.724558
v -1.232968 3.840456 6.823387
v 0.033995 5.777855 4.620317
v 2.381950 0.124850 -5.315127
v 2.369596 0.116323 -5.291845
v 4.658812 5.342300 0.266431
v -3.188899 4.984376 2.026268
v -3.209736 4.987092 2.294300
v 3.407269 4.343205 -4.109394
v 4.011651 3.563934 -3.629715
v 3.991400 3.191186 -3.877408
v 1.967286 2.931493 -5.543162
v 1.683194 2.835443 -5.561190
v 1.479473 2.616189 -5.220994
v 1.787356 2.685030 -5.213638
v 0.630055 0.408773 -5.958834
v 0.554717 0.222692 -5.757341
v -0.382541 0.841917 -5.602541
v -0.278106 1.056978 -5.568782
v -0.115672 3.075886 -4.838341
v 0.021315 2.937527 -4.897071
v 3.290606 5.015564 3.843554
v 6.297502 1.014847 1.904547
v 2.093116 3.425176 6.740695
v 2.261705 0.413754 -5.326665
v 2.322536 0.218865 -5.298644
v 5.102736 4.355186 -0.790592
v -2.463344 5.180306 1.172589
v 4.441370 5.189352 -1.168661
v 6.388975 -1.893074 3.324439
v 5.341109 -1.743557 -2.610701
v 5.633829 -1.684207 -2.200308
v 5.220012 -0.085012 -3.338602
v -2.250333 4.829533 -1.213031
v 6.499432 -1.778853 0.904960
v 6.595900 -1.669245 1.035463
v 6.205600 -2.680196 0.386224
v 6.293182 -2.598003 0.605065
v -2.989244 5.079227 0.826979
v -2.816838 5.030160 0.953229
v -2.075323 5.266060 0.542765
v -2.254572 5.237236 0.447529
v -3.263033 5.290399 0.062723
v 6.978429 -2.454328 2.166467
v -2.207391 5.691901 2.297385
v -2.254348 5.865527 2.449696
v -0.159150 6.409559 2.035032
v 6.414294 -1.592558 3.886378
v 6.367368 -1.621272 3.607601
v -0.042366 0.091680 -6.274311
v 0.153115 -0.013788 -6.162007
v 0.306072 -0.081637 -5.834488
v -0.000604 0.138453 -5.740587
v 1.617491 5.065312 5.148067
v 1.851039 4.772938 5.430143
v 5.914722 -1.915795 4.814383
v -1.861177 4.853073 5.723877
v -0.277535 -0.543549 -5.507009
v -1.090724 -0.139630 -5.464597
v -0.775573 -0.550366 -5.692837
v -4.498391 4.113621 -2.540807
v -4.447107 3.815168 -2.087401
v -4.362463 3.525516 -2.347510
v -0.229800 1.899889 -5.839505
v -0.967920 0.801847 -5.583227
v -0.210240 1.970773 -5.589782
v 1.288152 9.106465 7.165876
v -8.861372 6.759718 10.202878
v -9.674946 5.572396 9.854462
v -7.767117 -2.727771 5.907971
v -1.005826 0.787542 -5.305485
v -7.042910 8.311810 10.445167
v -4.506155 2.687927 -2.503170
v -2.271142 1.556030 -5.329858
v -2.384001 10.027730 7.924262
v -3.125755 1.260507 -4.811264
v -1.119068 3.865500 -4.468298
v -6.097260 -3.461398 4.268506
v -6.161781 -3.284359 4.748986
v -5.760015 -1.741371 -0.244690
v -4.940475 0.687938 -3.588030
v -1.465276 2.377494 -6.039225
v -1.326897 2.457062 -5.931923
v -1.173831 2.437946 -5.686369
v -1.390185 2.293787 -5.620861
v -1.914491 1.564592 -5.468253
v -8.186737 4.342065 7.348981
v -4.634970 1.621832 -3.119735
v -4.591051 1.483786 -3.380973
v -2.229460 2.221474 -5.744923
v -2.101236 2.105635 -5.865222
v -6.525765 -1.618911 1.364852
v -6.662298 -1.886813 1.207641
v -7.655011 -2.328938 5.516497
v -4.791266 1.116438 -3.457925
v -1.827775 1.926082 -5.461535
v -5.925710 4.985802 1.582829
v -0.965768 5.488494 -2.630385
v -0.887471 5.619629 -2.514415
v -5.391583 -0.464882 -2.515678
v 0.582008 6.872152 -0.690100
v -5.637471 -1.848983 -0.797067
v 1.193890 8.101045 3.737377
v 0.987355 8.170399 4.008584
v -6.533580 -2.091091 3.034206
v -6.222840 -3.500760 3.788160
v -6.600183 -2.108942 3.029941
v 2.181687 8.201323 2.927538
v -6.309591 -2.770950 2.257613
v -6.417539 -2.150076 1.966048
v -6.699779 -2.104912 0.676821
v -7.317162 -0.418637 4.255724
v -8.477423 -1.979912 7.852373
v -0.858612 2.202564 -6.051629
v -0.772169 2.205768 -5.755139
v -0.893665 2.265767 -5.780196
v -1.569645 1.141536 -5.707741
v -8.183733 4.764256 7.499023
v -8.241193 4.384418 7.319719
v -9.177948 -0.244022 8.109818
v -0.275899 1.521211 -5.956893
v -0.736378 0.856230 -5.625317
v -0.187472 1.772945 -5.548784
v -0.770171 0.882510 -5.309320
v 4.246004 -2.823610 -3.695015
v 4.325538 -2.423145 -3.895903
v 4.208175 -2.217967 -4.055526
v 1.718666 -2.430442 -4.556373
v -0.172864 -4.071240 4.792262
v 3.421449 -0.760018 4.926883
v 3.720268 3.868184 2.583262
v 3.910855 3.705286 2.813494
v 3.474240 -0.095727 -4.673299
v 0.545866 0.276654 -5.186988
v 2.894697 -1.174921 5.121605
v 2.765465 -1.432458 5.203113
v 4.620028 -1.337396 -3.334939
v 4.549373 -0.998071 -3.446527
v 2.276374 -3.813211 5.122809
v 3.654584 3.227340 3.369845
v 2.909198 -0.309115 -4.797242
v 4.140147 -0.251068 -4.186627
v 4.250922 -0.363258 -4.038523
v 1.810603 -1.799468 -4.960378
v 1.790015 -2.109221 -4.763101
v 2.570666 -3.561413 4.686750
v 4.414398 -4.334860 0.413661
v 4.019780 -4.531605 0.857500
v 3.032279 4.245970 1.682570
v 2.371815 -4.382949 -2.723278
v 2.015876 -4.469277 -2.723649
v 1.885909 -4.582452 -2.490659
v 4.235241 2.983193 -1.574534
v 3.551009 -1.485462 -4.520831
v 3.522440 -1.726570 -4.674764
v 4.095721 0.441190 -4.251033
v 4.104089 0.443611 -4.261707
v 1.504215 -0.813169 -5.389644
v 1.612059 -0.931662 -5.380614
v 2.290984 -4.041512 4.341262
v 4.370869 3.260610 2.252922
v 4.217675 0.358192 -4.050155
v -1.930025 -4.928337 1.823479
v 4.681109 2.725396 0.046804
v 2.543271 -4.441940 3.248188
v 2.672299 -4.312461 3.398701
v 2.669297 -4.405377 2.998097
v 4.442740 2.986923 2.770616
v 4.652859 2.616122 2.793563
v 3.910045 3.549376 3.028217
v 1.390331 -3.709939 -3.699233
v -0.400088 -4.591925 -2.289387
v 4.037639 2.902587 -2.065474
v -1.091342 -5.059398 2.047688
v -0.834239 -5.089890 2.252820
v 3.199490 4.354834 1.431739
v -2.236846 -4.898443 1.546714
v 5.385676 -3.140655 -1.285086
v 5.537394 -2.968841 -0.993441
v 4.784246 -3.452216 -2.065489
v 4.566615 3.551919 -1.020150
v 2.884522 -3.470129 4.275143
v 4.476373 -2.616004 3.163352
v 3.907131 -3.030865 3.444287
v 3.696192 2.827758 3.767391
v 1.991182 -3.961244 4.912210
v 0.976726 -0.453309 -5.437357
v 3.877794 2.529475 4.044974
v 3.767657 2.742800 3.908604
v 4.178129 1.805821 3.800356
v 0.239608 -0.010384 -5.486604
v 0.371423 0.254519 -5.401579
v 0.352646 0.209823 -5.538017
v 0.233354 -0.022345 -5.248129
v 0.375717 0.264393 -5.149071
v -3.470461 2.372717 -3.802630
v -2.954874 2.034655 -3.940719
v -3.612659 1.796080 -3.905989
v -0.890726 1.949666 -4.473414
v 0.396497 4.321051 4.821028
v -3.169814 0.981071 4.986474
v -3.486339 -3.638035 3.195233
v -3.913139 -3.900152 -0.316756
v -3.255790 -3.084202 -2.004902
v -2.614838 -0.410827 -4.519428
v 0.343152 -0.781307 -4.821031
v -2.659988 1.416679 5.181028
v -2.538399 1.681393 5.250397
v -3.772681 0.567361 -3.434231
v -2.066272 4.055606 5.018307
v -3.269677 -3.115791 3.728105
v -2.045043 -0.199806 -4.624183
v -3.311283 -0.228037 -4.088192
v -3.432110 -0.106442 -3.956253
v -0.951583 1.288650 -4.832795
v -0.946137 1.612738 -4.658937
v -2.330416 3.767450 4.585463
v -5.096913 3.182511 -0.088322
v -3.914494 4.195343 0.158215
v -3.547962 4.427784 0.609962
v -2.534127 -4.251202 2.165523
v -4.154652 2.478008 -3.186769
v -4.064738 2.259233 -3.370278
v -4.249732 2.293529 -3.114001
v -1.169603 4.454716 -2.510097
v -0.854977 4.434525 -2.572715
v 1.401657 4.482732 -1.867578
v -1.674710 4.026655 -2.839214
v -3.489455 2.554373 -3.339148
v -4.119445 0.974130 -3.027201
v -4.183429 1.382720 -2.952696
v -2.713279 0.985302 -4.478931
v -2.677247 1.214392 -4.648824
v -3.256729 -0.922377 -4.096447
v -3.264387 -0.925710 -4.107399
v -0.610193 0.276862 -5.165459
v -0.719433 0.394222 -5.172220
v -5.128945 0.212442 2.809273
v -4.714099 -2.231762 2.155759
v -2.033876 4.223691 4.222159
v 0.074593 4.515806 -2.273196
v -3.914215 -3.243495 2.574871
v -3.391685 -0.825868 -3.910386
v 2.327441 4.972748 1.910099
v -2.220674 4.536513 3.088116
v -2.357735 4.417095 3.239841
v -3.500367 -3.466277 3.397017
v -0.628075 3.294890 -3.698176
v 1.064167 4.308620 -2.253346
v -3.295230 -3.170563 -1.715482
v 1.476354 5.110241 2.070910
v 1.206740 5.152850 2.256766
v -4.158398 3.801142 -0.194874
v -3.873155 4.034924 0.214644
v -4.680253 3.335787 -0.309667
v -2.960539 -4.391480 1.620410
v 2.650416 4.925914 1.655867
v -3.888419 -3.741624 -0.655484
v -5.309481 2.228778 0.950260
v -4.128463 2.683309 3.024076
v -3.822432 2.805833 3.301687
v -4.768306 2.207095 2.625563
v -4.546123 2.286854 2.846887
v -3.339649 -2.687782 4.090530
v -1.696551 4.177691 4.501279
v -1.769756 4.191082 4.815022
v -0.077594 -0.078382 -5.152754
v -3.540920 -2.371780 4.332681
v -3.420573 -2.593326 4.220129
v -3.831708 -1.672935 4.015235
v 0.665043 -0.513710 -5.122249
v 0.530501 -0.773159 -5.025490
v 0.557398 -0.738701 -5.163527
v 0.656230 -0.483594 -4.885462
v 0.510474 -0.763891 -4.773717
v -0.352003 -1.948136 -5.769286
v -1.977526 -3.483926 -4.781469
v 0.530108 0.402528 -5.486935
v -2.528386 -0.021378 -4.901340
v -5.711347 2.392514 0.207544
v -6.589094 2.271205 2.686548
v -6.424874 2.271656 2.999444
v -3.198684 -5.342761 7.434817
v 3.768045 -5.799928 2.932352
v 3.573338 -5.806448 3.245198
v 3.832193 -5.394965 0.429475
v 3.100995 -4.684056 -1.490435
v 1.401348 -0.283517 -5.091030
v -5.368405 -3.269001 7.580413
v -5.577099 -2.749100 7.530488
v -5.613140 -2.727348 7.519990
v -1.921246 -5.367192 1.772662
v -2.041590 -5.402475 1.054424
v -1.972349 -5.800393 7.576927
v 0.722631 -1.657967 -5.275862
v -6.166602 1.476633 5.064544
v 3.389396 -5.537347 4.517365
v -1.990465 -5.387218 6.359465
v 0.437209 -2.760722 -4.948480
v -1.880639 -0.268336 -5.204926
v -6.075039 -1.052484 7.235416
v -2.059860 -5.719352 -0.201831
v -1.454280 -5.872119 0.219371
v -4.456896 -4.138145 -0.369940
v -3.658834 -4.886524 -0.346341
v -2.700089 -5.274202 0.023726
v 3.713917 -5.103410 2.112442
v 3.733034 -5.107322 2.379947
v -2.807116 -4.080840 -3.879170
v -1.430000 -3.073053 -5.600718
v -1.625905 -2.636064 -5.690053
v -0.949685 -2.753196 -5.226844
v 0.539207 -0.972279 -6.127853
v -0.132539 -0.526382 -5.860013
v -0.061530 -0.340983 -5.648858
v 0.884786 -0.946192 -5.494363
v 0.783703 -1.163195 -5.466315
v -1.722544 -0.806609 -5.308088
v -0.992146 -5.625590 5.803368
v -1.565780 -5.250525 5.396791
v -1.578056 -5.278275 5.361955
v -0.147032 -2.749466 -5.148458
v -5.739644 -2.285880 7.058727
v 0.488477 -1.897508 -5.298291
v 0.633904 -1.754846 -5.299536
v -1.519269 -5.765954 6.942639
v 2.705634 -5.597152 2.069043
v -6.390978 1.661189 2.754755
v -5.647229 -0.789970 3.826755
v -2.692568 -5.425376 7.124565
v -3.617551 -4.815440 -1.434959
v 2.995633 -5.309089 1.256118
v -3.930277 -5.037916 -1.566981
v -3.844867 -5.151373 -1.227751
v -5.919806 -0.493618 3.032393
v -5.781095 -0.341571 3.344831
v -3.869562 0.489301 -4.068820
v 2.102639 -4.215691 -3.197855
v -4.815313 -0.149328 -3.301791
v -5.101539 0.784007 -2.555328
v -4.898538 1.518506 -2.513477
v -5.192737 1.450699 -2.105459
v 2.790877 -4.942122 -1.127048
v -6.060927 1.587442 1.059113
v -6.152086 1.503104 1.210546
v -5.818330 2.442966 0.482912
v -5.901996 2.359777 0.704067
v 3.521130 -5.197708 0.915259
v 3.347478 -5.152733 1.040787
v 3.800783 -5.394810 0.151277
v -6.607787 2.210953 2.322838
v 1.274852 -6.043028 1.862502
v 3.844351 -5.609596 2.714318
v -6.320890 1.287359 4.460765
v 0.756500 0.436419 -5.383875
v 1.388206 -0.101730 -5.097589
v 1.575846 0.045350 -5.333683
v 0.960747 0.524799 -5.564659
v -0.882167 -8.248228 5.207730
v 0.207211 -1.365386 -5.811320
v -0.664712 -1.236466 -5.363698
v -0.692571 -1.450552 -5.484383
v -7.828415 -3.338938 6.505855
v -2.302642 -9.756362 11.161763
v -0.713677 -10.019842 11.110043
v -1.029974 -10.027030 11.033503
v -0.713610 -10.031701 11.101813
v -0.412437 -10.015634 11.250633
v 0.602478 -1.569318 -5.254831
v -3.041406 -9.334840 11.294374
v 0.264335 -9.805512 11.513187
v 4.644409 -7.121196 10.352240
v -4.539034 -8.058713 11.064213
v 6.569791 -5.314176 6.700863
v 4.832707 -5.779531 0.097026
v -0.860601 -2.640243 -5.074381
v -0.952874 -2.777955 -5.027122
v 0.224696 -2.816602 -5.166817
v 0.197843 -2.769563 -5.115780
v 0.212266 -2.951519 -5.092040
v -1.021260 -8.347036 7.036902
v -0.111041 -8.912322 9.228893
v 0.192890 -3.852742 -4.732416
v 0.341904 -3.873044 -4.686710
v 0.692283 -4.210031 -4.378171
v -0.650290 -3.294028 -4.959265
v -7.769918 -2.879892 3.411836
v -1.683082 -7.674750 1.914344
v -5.038292 -2.849271 -1.490818
v 2.864031 -5.451980 -2.712018
v 5.271158 -5.099030 -0.542002
v 5.169357 -5.232837 -0.234330
v -7.095313 -3.783996 3.979794
v -7.157977 -3.825518 4.109622
v -8.050858 -2.490910 5.245941
v -8.124147 -2.768290 5.884016
v -5.977594 -6.114994 8.249871
v -5.952147 -5.730567 8.002666
v -0.820174 -2.273411 -5.527359
v 0.075503 -9.134754 9.450873
v -1.076931 -8.597934 8.635453
v -5.563975 -6.970307 10.154750
v -0.441937 -1.020924 -5.098064
v 0.524140 -1.186919 -5.251398
v 0.282908 -1.127620 -5.701343
v -0.337055 -1.027889 -5.645970
v -0.471547 -1.010697 -5.455951
v 0.981082 1.998636 -6.327878
v 1.086228 2.096698 -6.385941
v 1.998172 1.260249 -6.026249
v 7.205828 0.654696 -2.124053
v 6.145342 10.129569 7.594665
v -1.947625 9.385273 6.215418
v 0.899899 1.913054 -6.182114
v 8.073141 8.681163 7.936872
v 4.527665 10.576049 8.339042
v 3.671450 10.514654 8.499079
v 3.827431 1.773856 -4.729682
v 4.076346 1.680379 -4.522232
v 8.984829 6.995903 8.200489
v -2.655329 8.369001 5.335004
v 8.438030 0.538321 -0.733769
v -1.355764 7.314467 -0.981528
v 4.510208 3.196840 -3.716424
v 4.481961 3.377908 -3.805785
v 0.812075 4.859454 -4.238976
v 2.368601 1.921002 -5.831200
v 1.451134 2.562539 -5.831709
v 1.457674 2.511132 -5.776104
v 4.907927 7.958182 5.114069
v 2.626606 3.588262 -4.619302
v 2.778628 3.621741 -4.700540
v 2.617846 2.337528 -5.708256
v 0.114514 5.674227 -3.489502
v -1.819168 6.423383 -1.628621
v 9.384271 1.826713 3.030926
v -1.502777 7.608537 -0.766051
v 10.606483 1.060873 3.908273
v 10.648472 1.229991 4.517961
v -1.471392 8.804532 5.168949
v 9.200415 4.136999 6.412897
v 9.017878 3.790300 6.263343
v 1.512126 2.393414 -6.570449
v 1.698511 2.462760 -6.589640
v 9.397363 5.445148 7.793386
v 1.797369 1.225186 -6.121321
v 1.157894 1.605152 -6.726858
v 1.815568 1.209766 -6.485981
v 1.625375 -1.444767 -5.991676
v 2.036151 -0.968153 -5.831343
v 3.504855 -2.170685 -4.429346
v 1.468546 -1.856038 -5.505333
v 1.417009 -1.762587 -5.619181
v 1.579456 -1.874437 -5.589010
v 4.483719 -4.671859 -1.840706
v 6.336562 -4.964514 -0.171884
v 2.411085 -0.778453 -5.154982
v 1.407211 -1.853769 -5.346017
v 1.191741 -6.453295 -2.502413
v -1.024575 -8.782013 0.909115
v -0.068534 -10.205496 5.858393
v 10.327753 -8.366000 7.610360
v 11.102159 -0.141999 6.331471
v 10.959720 -0.053419 6.161318
v 8.620092 0.487380 0.796115
v 7.348917 0.477359 -2.250741
v 7.420791 0.708079 -1.730798
v 2.440056 -0.776781 -5.004879
v 2.337144 -0.787285 -4.988981
v 2.526279 -0.825273 -4.955978
v 3.237782 -1.465197 -4.395305
v 2.637927 -11.202304 5.552262
v 11.300990 -0.616811 7.750849
v 12.240407 -2.372698 8.220628
v 6.287069 -2.140936 -2.107526
v 3.884971 -1.322433 -4.155934
v 4.089231 -1.323571 -4.109056
v 2.089499 -3.762217 -3.932266
v 9.615062 0.752193 5.653437
v 7.441218 0.407475 -0.774195
v 7.600686 0.443516 -0.424691
v 7.022389 -2.178756 -1.409854
v 5.936963 -4.455395 -0.810222
v 4.584205 -2.975264 -3.027173
v 4.247163 -3.885954 -2.929612
v 6.267055 -1.143616 -3.694456
v 6.286791 -1.153417 -3.733562
v 2.887994 -1.615195 -5.441033
v 2.220147 -2.226754 -4.875800
v 2.269618 -2.323408 -4.820640
v 10.865837 -3.443002 5.355464
v 10.117840 -6.108065 5.944869
v 2.272602 -5.088539 -3.035069
v 2.101963 -4.354284 -3.607322
v 2.199760 -4.509293 -3.496068
v 2.952578 -2.371768 -4.857237
v 3.354635 -1.594678 -4.393164
v 10.617075 -1.123789 4.939631
v 1.919033 -5.644529 -2.922694
v 1.846338 -5.798955 -2.898029
v 6.448011 -1.600084 -2.806537
v 6.982459 -0.292595 -3.020258
v 7.150519 0.023099 -2.785728
v 7.002002 -0.297237 -3.045981
v 6.771358 -1.153073 -3.141213
v 6.701595 -1.041681 -3.280940
v 1.769240 -6.927446 -2.202255
v 7.009939 -1.264779 -1.947093
v 7.417519 0.680805 -1.341004
v 7.006422 -1.618507 -1.980894
v 0.076838 -8.985915 2.511733
v 0.288122 -9.094075 2.723358
v 9.406451 1.244604 3.910873
v -1.085783 -8.952135 1.383246
v -1.008189 -9.050594 1.835683
v 8.668785 0.926221 2.441781
v 6.800702 -3.163894 -0.487861
v 7.148471 -2.233600 -0.592523
v 9.377380 -2.175573 2.943105
v 10.061889 -4.677044 4.795548
v 11.554976 -1.075815 8.233431
v 11.740023 -1.156574 8.335368
v 2.378926 -10.964797 5.414213
v 1.847654 -10.606508 5.686050
v 2.073940 -1.722013 -5.946603
v 1.763697 -1.989012 -5.236401
v 2.835984 -1.091902 -4.789370
v 3.131029 -11.188516 6.683092
v 10.990541 -4.075328 6.075171
v 12.157953 -1.669740 8.249545
v 11.957926 -1.305670 8.325893
v 8.082479 -6.309928 0.341013
v 16.391357 -12.542629 2.226131
v 18.156782 -1.162902 6.536407
v 18.523502 -1.537145 6.418158
v 12.413673 1.842858 4.712664
v 19.127035 -8.027214 2.898307
v 9.470810 -16.934673 5.707881
v 9.849781 -17.097954 5.753375
v 16.588165 -3.874995 4.248875
v 18.743431 -6.136189 4.034610
v 4.378635 0.489579 -5.636696
v 4.051553 -10.717753 2.287217
v 4.092165 -10.944222 1.794830
v 10.622603 -6.794452 2.952725
v 10.184526 -7.407415 2.725147
v 10.153751 -8.118397 3.164238
v 5.065506 -15.025376 5.795028
v 16.034842 -0.438030 7.316037
v 16.657602 -0.812744 7.422691
v 5.112325 -4.246670 -3.734814
v 1.408814 -6.488642 -2.383641
v 1.311430 -6.304319 -2.608166
v 17.771009 -4.510644 4.130658
v 16.154688 -9.822001 3.061276
v 7.336292 -15.540514 5.401311
v 7.884356 -15.156586 5.149976
v 17.697691 -9.617875 2.710291
v 3.893809 -14.039584 5.659822
v 4.124848 -14.054356 5.501988
v 14.270174 -0.035740 5.676943
v 13.341434 -0.604920 4.087533
v 13.457565 -0.152901 4.444925
v 12.406528 -2.014154 3.201971
v 17.630478 -4.077237 4.241773
v 17.358040 -3.944248 4.274863
v 9.200808 2.009474 0.920906
v 9.292526 1.809084 1.037920
v 9.501919 1.739622 1.240509
v 4.876215 -14.423205 5.320240
v 12.915129 -2.324134 3.804545
v 13.327651 -2.424688 3.897141
v 13.181368 -2.007051 3.618707
v 4.695649 -11.393759 2.929669
v 12.925088 -0.034819 4.084143
v 13.699104 0.629837 5.566691
v 11.756109 2.105456 4.172435
v 15.995224 -2.767838 4.865047
v 16.826794 -1.696947 6.073808
v 17.209806 -1.746299 5.888518
v 16.853178 -1.627809 6.004507
v 16.076904 -2.643603 4.771444
v 8.990906 -16.528671 5.922959
v 19.913599 -4.198943 5.374278
v 7.074271 0.843604 -2.184813
v 10.033419 7.322467 6.380241
v 10.293283 12.447344 7.774593
v 10.133503 13.255526 8.466684
v -1.753871 20.483734 7.239236
v -1.200381 20.393311 7.091364
v -1.755429 20.495899 7.218986
v -8.241238 10.733783 8.166477
v -8.348743 11.248439 8.420173
v -8.274170 11.016292 8.174671
v -8.205486 7.964743 5.201631
v -8.200831 8.164501 5.554040
v 8.250307 17.078812 7.902093
v -4.370106 6.540288 -0.021952
v -3.316418 2.304768 -5.806963
v -7.710329 9.483829 8.265358
v 9.236493 6.200788 5.231265
v -7.366875 6.319747 5.386700
v -7.234427 6.080452 5.071700
v 7.576842 1.221757 -1.456847
v -0.299315 14.920851 5.727929
v -0.381854 14.518114 5.576724
v -5.742003 14.816794 8.175469
v -0.883177 18.433372 6.786913
v 0.005081 2.912107 -5.965259
v -5.017181 4.738208 -2.515114
v -5.155670 4.292992 -2.973130
v -7.541638 11.190717 7.103955
v -7.188293 8.189323 4.846900
v -7.617102 8.062378 4.973997
v -5.496865 4.549529 -1.919991
v -1.370137 2.507416 -5.982440
v 8.542404 10.279433 5.456608
v 10.129197 8.825852 5.824752
v -8.213847 8.535327 6.382888
v 0.792991 11.278443 1.384375
v 9.721228 13.897402 8.764905
v 0.250662 13.172745 5.210738
v -4.853385 5.662654 -1.131972
v -4.906139 5.859947 -1.297778
v -4.453255 6.275635 -1.370654
v -4.842857 6.705101 0.798804
v -7.458112 4.638556 4.552206
v -4.900695 7.286374 0.184751
v 9.324066 9.501421 5.008583
v 9.353123 9.660303 5.016071
v 8.429255 9.418028 4.561420
v 8.779129 9.544950 4.763386
v 6.245514 9.810112 3.561449
v 6.032561 10.172439 4.053743
v -7.269023 9.140373 5.941288
v -8.134764 8.802823 7.458673
v 10.378629 8.140904 6.312490
v 10.315446 8.377243 6.113235
v 10.349909 8.519475 6.149232
v 1.030530 9.706141 1.208572
v -7.981646 8.211160 6.106388
v -5.071041 9.801060 2.623141
v -6.879533 7.319838 3.974119
v -7.106304 10.392220 7.291865
v -7.753737 9.910041 8.289680
v -7.167391 16.059729 11.074479
v -7.575676 15.860755 11.432073
v -8.087879 15.657116 11.955354
v -8.072689 16.047924 11.991702
v -8.207945 16.408684 12.088928
v -7.271658 15.429703 10.632924
v -1.231623 17.537865 6.673819
v -0.490055 15.747907 6.504143
v -0.218100 15.928145 6.535106
v 0.588479 16.154785 6.644982
v 0.931938 15.967180 6.630116
v 4.559875 16.778364 7.754395
v 7.107333 18.391834 8.116319
v -8.302446 17.653469 11.766538
v -8.328930 16.999245 12.041256
v -7.140849 16.650383 11.154315
v -6.562499 16.754915 10.733295
v 1.425641 -0.404377 -6.867397
v -0.605921 -1.021160 -7.506873
v 0.935046 -4.041924 -6.359844
v 0.777453 -3.954453 -6.366555
v 0.860645 -3.980953 -6.420009
v 2.593730 -0.423176 -6.561632
v 2.490500 -0.347758 -6.616718
v 2.458027 -0.234134 -6.534646
v -1.651621 0.606485 -6.316819
v -1.400844 0.939143 -6.459640
v -1.487847 0.743008 -6.433987
v -3.884911 -3.395617 -4.374041
v -8.593052 -5.653934 1.693861
v -7.919415 -5.626854 -0.692276
v -8.194955 -5.695124 2.032283
v -8.574314 -5.251805 1.852015
v -17.333984 1.461527 6.361694
v -0.582322 -8.954189 1.512931
v -11.332421 -10.829836 5.061317
v -18.103752 -3.774315 3.294315
v -13.037552 -15.835364 3.654121
v -18.012869 -7.692319 2.940665
v -10.396940 -6.819396 3.420923
v -7.753869 -15.302316 8.806787
v -7.742788 -4.708758 0.321634
v -2.425273 -10.201697 3.218227
v -2.237187 -10.054372 3.023192
v -6.707627 -4.311681 -2.036807
v -13.460796 -8.214683 4.413518
v -14.967286 -7.431597 4.426970
v -15.300319 -3.650053 5.005888
v -4.512562 -7.128533 -1.356671
v -5.586864 -4.198119 -3.073587
v -2.068442 -1.711460 -6.086903
v -2.793326 -9.737740 2.367910
v -2.648302 -9.953270 2.794320
v -10.512794 -16.149326 5.223850
v -9.500396 1.688540 3.800541
v -9.410378 2.266738 3.685515
v -9.356610 -6.137984 3.119884
v -8.284153 -7.673144 3.352625
v -17.656555 -1.961705 4.588233
v -7.711249 1.533217 -1.465071
v -1.355370 -8.336584 -1.594982
v -1.317865 -8.856285 -0.830926
v -0.613910 -9.081469 2.367162
v -13.554012 1.247111 6.254177
v -13.829178 1.222739 6.338454
v -5.932124 -14.049832 7.975027
v -8.897871 3.039336 3.119832
v -16.061451 2.164953 6.781922
v -15.597101 2.301270 6.854880
v -16.584761 2.148607 6.690099
v -8.421646 -14.608494 8.080951
v -8.143061 -15.628647 8.689696
v -8.383077 -14.630915 8.042317
v -11.092226 -16.344635 4.749320
v -11.226488 -16.529739 4.570985
v -0.536006 -4.969896 -6.971833
v -0.493780 -13.865532 0.227253
v -1.438366 -13.872437 0.366917
v -1.423162 -14.399351 0.129131
v -1.602606 -14.957835 -0.045127
v 1.993260 -18.181339 -3.913258
v 9.034757 -16.593750 1.596435
v 4.073195 -18.355305 -3.428084
v -8.887222 -18.422857 1.719245
v -8.814983 -18.724834 1.478311
v -3.369046 -18.110579 -2.138761
v 8.957104 -18.212439 0.419031
v -1.469454 -11.762540 0.364417
v -9.587873 -12.571131 4.501300
v -0.644418 -11.752287 0.317347
v -0.746711 -12.238119 0.427045
v 8.563986 -14.346148 3.482703
v -8.062207 -5.174317 -2.064692
v -4.368684 -3.129144 -4.870673
v -1.166303 -17.584139 -1.997296
v -5.276946 -4.552744 -3.908587
v -5.199645 -4.177588 -4.040987
v -8.488132 -9.956984 3.069515
v -8.002967 -10.149010 2.666257
v -9.381289 -10.075764 4.240282
v -1.042846 -10.426751 -0.379691
v 6.165036 -10.448602 1.470225
v -8.999218 -17.892590 2.740309
v -5.217356 -3.490386 -4.301082
v -9.160193 -11.113367 4.003880
v -9.180831 -11.604902 4.029350
v 8.279307 -13.184329 3.333207
v -9.609552 -9.417723 4.144692
v 7.705686 -9.644903 2.329026
v 7.780072 -7.017024 -0.224496
v 8.758988 -16.018970 2.723657
v 7.835787 -15.469439 1.846301
v -8.784417 -18.089018 2.281888
v 3.998330 1.682955 -7.774191
v 7.588606 3.603980 -2.508029
v 7.957682 3.734109 -2.348736
v 16.098005 -1.174842 3.251662
v 17.117134 11.137915 6.507150
v 15.895573 12.987980 7.412689
v 5.958953 14.188882 2.137771
v 6.115026 14.263985 2.172126
v 6.213256 14.451828 2.254302
v 6.135769 14.305412 2.125834
v 4.280610 13.183090 1.934515
v 12.577965 15.056307 9.426572
v 0.597761 2.740619 -7.460340
v 0.596629 3.110057 -7.354309
v 0.451931 3.582191 -7.266232
v 14.686718 12.912385 5.413586
v 10.778205 15.624831 9.379894
v 18.365879 5.287003 7.610595
v 6.727355 3.010365 -3.443500
v 6.822233 3.233846 -3.173122
v 11.428612 -3.570968 2.464086
v 6.109204 -4.730458 -3.179897
v 15.422651 12.143842 4.696089
v 3.463957 1.327581 -7.315226
v 3.493318 1.017480 -7.402182
v 10.267649 -2.336685 0.442082
v 5.321611 -2.809797 -5.383218
v 4.928518 -1.840598 -6.334650
v 3.971389 -1.594314 -6.950131
v 3.458983 -1.708057 -7.119250
v 6.475912 14.016272 1.863036
v 8.980370 4.726608 -1.916115
v 12.928009 -1.579160 1.356217
v 4.802270 12.852453 2.240565
v 6.518207 8.945153 -0.614420
v 6.120706 9.532727 -0.306121
v 11.347383 7.147724 0.797708
v 1.536355 12.321759 2.118385
v 1.863958 12.259661 2.094762
v 2.157913 12.449682 2.171560
v 13.663812 -1.563150 1.552070
v 4.815104 13.227250 2.308314
v 4.812111 13.429086 2.380167
v 4.846412 13.286012 2.270873
v 11.635330 -0.322200 0.051647
v 13.348801 -2.893203 2.413331
v 11.335957 0.023433 0.500017
v 4.713069 12.805983 2.218275
v 4.675532 12.783003 2.136696
v 10.065581 -1.390148 -0.357483
v 11.953464 -2.984471 2.515124
v 11.885624 -2.645133 2.288582
v 3.942399 12.738955 1.641705
v 3.725293 13.474711 2.207137
v 4.052155 13.377855 2.006489
v 6.197730 12.997026 1.855459
v 5.536364 13.686529 2.225052
v 0.255981 1.597129 -7.674611
v -1.581177 -0.187916 -8.191535
v -2.599648 -2.028507 -7.474931
v -2.691444 -1.874612 -7.484293
v -2.626724 -1.941574 -7.520162
v 2.402794 -2.112237 -7.687709
v 2.431493 -1.981821 -7.727856
v 2.511427 -1.881670 -7.650411
v 2.353406 -1.893796 -7.697642
v 0.039331 2.240438 -7.408413
v 0.449754 2.228017 -7.517651
v 0.239940 2.192442 -7.500215
v 1.445146 -1.040854 -8.561954
v -1.045266 -0.055828 -8.649231
v -0.125141 -1.056077 -8.965142
v 0.447289 0.850718 -8.988425
v -8.821491 18.125301 3.507555
v -9.776273 17.637951 3.364676
v -13.010574 -0.787201 3.976073
v -11.855165 10.552687 4.310188
v -11.096238 11.056132 4.380697
v -14.739143 5.741216 4.198448
v -14.611465 6.506258 4.107924
v -12.179668 15.394804 1.922262
v -20.419945 3.016195 3.751197
v -11.603703 2.887529 2.294866
v -0.354260 5.302594 -5.618280
v -10.923100 7.369722 3.096030
v -10.924649 8.397429 3.568793
v -10.030280 9.049761 3.921338
v -17.806194 0.441367 5.785768
v -11.742206 -1.317255 2.114511
v -8.462645 4.873198 -0.426060
v -13.815044 9.058718 4.016568
v -15.812433 4.587914 4.534293
v -6.296630 2.826696 -4.563942
v -7.489185 15.270439 4.712443
v -10.203610 6.681786 2.446330
v -11.058782 16.184866 2.880505
v -20.235966 2.570180 4.421776
v -2.885992 8.231091 -2.655762
v -9.496508 -1.865613 -1.797064
v -10.710518 -2.819592 1.066995
v -6.288852 14.905746 4.592671
v -6.712502 15.120153 4.687014
v -17.196590 0.057615 5.570361
v -13.878172 -0.300628 4.708698
v -2.710674 11.268005 1.224827
v -7.078818 17.464087 3.988657
v -7.849109 18.071194 3.704910
v -16.269585 3.109089 4.994661
v -18.690695 1.244277 5.815935
v -20.139603 4.282450 2.527959
v -11.616415 15.425382 2.389273
v -0.058983 2.270391 4.633908
v -0.963846 -0.326998 5.213911
v 0.655163 -1.212496 5.074851
v 1.029563 1.439090 5.117486
v 2.630026 -1.392429 4.094707
v 1.586644 -0.588196 5.143792
v 0.816674 -1.151994 5.103387
v -0.540707 -0.048980 5.374125
v 0.967216 -0.567679 5.378072
v 1.054789 -0.805744 5.276079
v 1.514494 -0.097595 5.317580
v 1.455937 -0.222256 5.315045
v 1.519906 0.179696 5.315998
v 0.807311 -0.629618 5.373138
v 0.738140 -0.978458 5.221281
v 1.651643 0.540657 5.200500
v 1.560445 0.364641 5.275218
v 1.546805 0.658727 5.206270
v 0.772245 -0.359560 5.431010
v -0.403328 0.286145 5.440172
v 0.414381 -0.444075 5.399974
v 0.670872 -3.655481 3.415426
v -3.699101 -0.384024 3.381185
v -2.537308 2.843762 3.170232
v -1.166664 3.891076 3.389872
v 1.919510 4.103718 3.288031
v 2.367945 3.560300 3.583586
v 3.668500 1.866641 3.003366
v 4.247811 -1.877067 2.242955
v 3.762514 -2.188835 2.885564
v 2.585567 -2.916899 0.000046
v -3.687968 -1.406880 2.483912
v -3.819155 -0.444953 2.446562
v -2.647946 2.823797 2.250578
v -2.420633 3.099244 2.231717
v -2.129264 3.354522 2.168407
v 4.059460 1.535219 1.436283
v 1.405349 -0.437101 -6.225789
v 3.596813 0.922813 -5.666842
v 6.226161 1.198464 -2.774728
v 6.890610 3.210943 4.877052
v 5.896465 1.025567 -2.568630
v 3.338383 1.320075 -5.598492
v 1.491490 -0.556219 -6.022817
v 3.063128 1.449997 -5.365518
v 0.870220 0.508258 -5.851789
v 1.501201 -0.585302 -5.645018
v 6.412028 2.453590 11.939650
v 6.104291 2.993244 11.945889
v 2.843249 3.104563 -4.558050
v 2.778838 2.749932 -4.693088
v 2.375206 1.386131 -5.457413
v 6.560285 2.586314 8.542813
v 6.584056 2.359242 8.991355
v 6.793286 -1.335610 -1.324931
v 6.700358 -2.162663 -1.019756
v 4.255210 4.344879 -1.708641
v 2.534120 0.485659 -6.281960
v 2.798859 0.144593 -5.750165
v 2.752570 0.082640 -5.635175
v 2.704330 0.093553 -5.583060
v 2.157944 1.077011 -5.538596
v 6.472954 3.349370 6.953938
v 6.513994 2.935873 7.851712
v 6.372864 3.306400 6.962966
v 3.307348 0.707615 -5.317264
v 2.632733 1.750726 -5.253685
v 2.729950 2.072619 -5.044726
v 2.615197 6.067431 -0.865776
v 6.316373 2.546073 11.334211
v 1.757116 7.203180 0.984865
v 2.480474 1.374330 -5.357881
v 2.912171 0.897191 -5.476540
v 3.039448 0.647146 -5.477792
v 6.897161 2.376108 1.946324
v 5.552365 -2.989615 -2.184927
v 3.986926 3.622794 -3.179078
v 1.271483 6.612194 -0.941073
v 2.525502 6.242965 -0.450785
v 1.506341 0.752490 -6.003113
v 6.557086 2.342379 10.096491
v 6.488360 2.428236 9.642223
v 0.814813 0.223733 -6.120327
v 0.885087 -0.046579 -6.253919
v -0.501321 -0.510581 -5.931188
v 4.412948 4.308568 -3.185868
v 0.764719 1.878644 -5.679614
v 2.943301 3.758075 -4.927413
v -0.070771 -0.529535 -5.636227
v 1.532385 2.222317 7.613325
v 0.813418 2.627541 7.601341
v -0.829125 3.544008 -4.692502
v -0.946292 0.173623 -5.237234
v 1.727085 3.527606 6.752215
v 0.632612 5.306115 -1.701203
v 0.512188 5.734099 4.572394
v 4.900730 5.066456 -0.134761
v 3.852834 3.501079 -4.421754
v 4.733169 1.542682 -3.692463
v 3.864072 3.769053 -3.661975
v 3.788318 3.082011 -4.154934
v -2.289014 4.970603 -1.020459
v 1.567229 2.872318 -5.501899
v 1.329604 2.678241 -5.158049
v -0.047872 0.578288 -5.690276
v -0.392309 0.856903 -5.636391
v -0.359485 0.819469 -5.586924
v -0.258465 1.036793 -5.552020
v -0.186991 1.109287 -5.879395
v -0.113677 2.965926 -4.903470
v 3.364615 5.321366 3.408597
v 1.766520 3.565259 6.768256
v 1.516512 4.299538 6.131947
v 1.978051 3.756587 6.453193
v 0.150853 3.065768 -4.946725
v -0.069399 1.334647 -5.644614
v 0.016076 1.317888 -5.800812
v -0.106169 1.491623 -5.469986
v -0.150801 1.822023 -5.288953
v 2.109410 0.249196 -5.357808
v 2.447430 0.403481 -5.280360
v 6.827509 -1.767809 2.363645
v 2.720437 0.638363 -5.237935
v 4.817090 4.747103 -1.622207
v 5.029547 4.676675 -0.850362
v 4.945808 4.499814 -1.580009
v 5.153366 4.198364 -0.768801
v 4.454280 5.303289 -0.806169
v 5.301071 -0.054072 -3.204471
v -2.201749 4.847742 -1.278907
v -2.387731 5.175174 0.714232
v -1.699844 5.907356 2.202356
v -1.737645 6.025594 2.358248
v -0.670840 6.330131 2.157161
v -0.409642 0.514652 -6.253535
v 0.050180 0.205443 -6.276739
v 0.070267 -0.116324 -6.146031
v 0.059842 0.223932 -5.751249
v 2.018968 3.796262 6.468324
v 2.017442 4.924494 5.121328
v 1.190134 5.183958 5.180878
v -0.248255 -0.504398 -5.493106
v -1.115468 -0.170269 -5.554064
v -0.530087 -0.616999 -5.766987
v -0.812157 -0.552115 -5.767643
v -0.354481 1.693823 -6.066765
v -0.849093 0.958409 -5.900349
v -4.362858 3.959915 -2.115124
v -4.185021 3.405713 -2.644864
v -1.008120 0.772474 -5.343017
v -3.136664 1.276583 -4.813427
v -1.125129 3.851161 -4.462574
v -4.770254 0.862129 -3.819657
v -1.638680 1.949468 -5.566819
v -1.887976 1.585383 -5.453411
v -7.490791 4.071482 5.567284
v -7.982280 4.632185 7.296000
v -8.264263 3.623831 6.731279
v -4.748459 1.401632 -3.166029
v -2.611719 9.227183 7.259144
v -2.187110 2.319394 -5.786445
v -2.124413 2.012046 -5.801105
v -6.609671 -1.996446 1.450261
v -7.570343 -1.546930 5.009376
v -7.474875 -2.415092 5.357051
v -6.848250 -1.656830 3.816461
v -4.630679 1.224173 -3.669008
v -1.753697 2.034867 -5.496614
v -1.597869 2.251892 -5.528783
v -5.869965 5.104086 1.560012
v -6.478197 -2.626567 3.169762
v -6.806221 -1.634433 3.319338
v -6.679345 -1.522576 2.882557
v -6.380142 -2.166151 2.089118
v -2.584721 9.073220 7.354697
v -0.890012 2.260051 -5.759110
v -1.469209 1.015179 -5.581714
v -1.429078 1.055910 -5.533161
v -8.430115 4.086052 7.380054
v -9.224457 -0.758617 8.167570
v -0.228264 1.655518 -5.923190
v -0.740087 0.879365 -5.728876
v -0.780344 0.916608 -5.288749
v 4.155840 -2.904966 -3.671766
v 2.600619 -1.007457 -5.239429
v 4.164449 -2.301520 -4.083060
v 1.729560 -2.423065 -4.552541
v 0.544348 0.279981 -5.217855
v 4.677804 -0.976550 -3.271532
v 2.170361 -0.492902 -5.231050
v 2.289356 -3.816740 5.110054
v 4.562820 -0.348927 -3.477298
v 2.908532 -0.316832 -4.787320
v 2.916357 -0.316757 -4.804115
v 4.266486 -0.160530 -4.053766
v 1.796120 -2.102695 -4.756183
v 2.529634 -3.685272 4.592947
v 2.936660 -4.636575 2.263772
v 5.832540 -3.005305 0.143055
v 3.974698 -4.633860 0.537354
v 5.308549 2.096676 0.932088
v 4.083697 -3.375716 -3.157636
v 1.617426 -4.701544 -2.608092
v 1.604918 -4.588855 -2.610050
v 2.315907 -4.463605 -2.586542
v 3.768441 -3.687018 -2.811213
v 4.891600 -2.403925 -2.816089
v 5.020163 -1.812089 -2.706657
v 3.555476 -1.535114 -4.561748
v 3.487753 -1.804312 -4.699823
v 4.169997 0.644966 -4.072498
v 1.703211 -0.913735 -5.598516
v 1.661365 -0.928132 -5.486840
v 3.185027 -1.215548 -4.716534
v 2.415326 -3.958055 4.471499
v 2.143606 -3.981620 4.752768
v 5.761819 -3.173574 -0.406005
v 2.881696 -4.305717 3.190624
v 2.398192 -4.328043 3.594640
v 5.645855 0.073879 2.336902
v 4.602574 2.541267 2.929453
v 4.691740 2.720604 2.688457
v 4.450803 -0.258341 -3.701280
v 4.377902 0.518950 -3.742557
v 1.673124 -4.572360 -2.829602
v 2.682029 -4.984704 0.284779
v 5.425235 -3.308724 -0.406557
v 5.146502 -3.601141 -0.363583
v 3.498113 -4.695704 -0.657587
v 5.602330 -2.744322 -0.988736
v 2.173481 -4.653272 -2.177854
v 4.414004 -3.471565 -2.489360
v 4.601256 -3.615311 -2.036402
v 5.614968 -2.758422 1.192619
v 4.503120 2.929271 1.679844
v 2.905931 -3.339023 4.367148
v 4.542207 -2.729408 2.998950
v 3.878771 -2.905381 3.582167
v 4.993107 -2.339697 2.825660
v 2.365964 -3.887068 4.387796
v 4.061363 2.107337 3.905218
v 4.054319 2.100582 3.898243
v 0.393860 0.237255 -5.485049
v 0.324910 0.169501 -5.593941
v 0.256326 -0.029744 -5.226205
v 0.396980 0.251053 -5.133316
v -3.382653 2.456822 -3.780153
v -1.715529 0.467077 -5.098651
v -4.832641 2.966879 -1.827603
v -5.389278 2.448104 1.038625
v -0.901773 1.942455 -4.469710
v 0.346631 -0.786947 -4.851398
v -1.282116 -0.039463 -5.024296
v -2.071685 4.042248 4.990637
v -2.078459 4.057979 5.004539
v -4.367898 -1.885313 -0.746868
v -3.778442 -0.082369 -3.415946
v -2.045069 -0.191349 -4.614859
v -2.051824 -0.192806 -4.632051
v -3.444882 -0.309902 -3.956840
v -0.952605 1.606672 -4.651931
v -2.284679 3.884376 4.485161
v -2.553488 4.650733 2.069180
v -5.313197 2.844769 -0.100846
v -5.014662 3.269514 -0.081953
v -3.484009 4.506293 0.286257
v -4.011602 2.351575 -3.403269
v -4.131616 2.806674 -2.976137
v -3.347039 2.966183 -3.300130
v -1.583175 4.384880 -2.555079
v -0.931667 4.363681 -2.702520
v -3.820305 2.614146 -3.043493
v -4.166322 2.012466 -2.935378
v -4.296941 1.429856 -2.787655
v -4.166005 0.556608 -2.926991
v -2.715610 1.031638 -4.523730
v -2.641745 1.290472 -4.677573
v -3.148604 -0.766230 -4.265576
v -0.796584 0.358566 -5.393327
v -0.761949 0.381967 -5.280708
v -2.333380 0.706307 -4.630374
v -2.165395 4.148679 4.350471
v -1.912060 4.197221 4.645367
v -0.029645 4.469479 -2.411964
v -3.738226 -2.971420 -1.318948
v -5.050714 3.021280 -1.229592
v -2.553620 4.391739 3.020341
v -2.096595 4.451227 3.450583
v -1.921255 4.570432 3.109797
v -4.266512 -2.676390 2.947074
v -3.651810 -0.188169 -3.624972
v -3.569132 -0.964303 -3.601635
v -0.961845 4.143405 -2.874858
v -2.036287 5.092067 0.418414
v -4.248167 3.734472 0.107270
v -4.864865 3.098752 -0.642559
v -4.591394 3.396645 -0.604778
v -3.420422 -3.851044 1.300507
v -5.145580 2.663989 0.980599
v -5.461865 0.089863 1.238230
v -4.070966 2.591738 3.171818
v -4.620566 2.375181 2.677242
v -1.892284 4.138077 4.597246
v -1.782429 4.177993 4.785460
v -3.719087 -1.964005 4.149909
v -3.711680 -1.957704 4.142887
v 0.513189 -0.762589 -5.111264
v 0.588228 -0.702367 -5.220554
v 0.631864 -0.474865 -4.865631
v 0.488148 -0.749684 -4.760375
v 0.983247 0.410740 -5.796337
v -2.476234 -3.411868 -4.643009
v 1.569038 0.031434 -5.588426
v 1.473345 0.202418 -5.733160
v -0.244140 -1.999713 -5.705242
v -2.391959 -3.912606 -4.919256
v 0.550790 0.420204 -5.515043
v -2.830314 -5.541024 7.490903
v 1.303089 -3.270499 -4.738822
v 1.370001 -3.648726 -4.603776
v -1.404771 -5.603327 1.904594
v -2.523923 -5.188391 0.948401
v 0.719808 -1.449988 -5.327630
v 0.756417 -1.839842 -5.146826
v -1.336665 -5.675814 6.472588
v -1.664153 -0.317583 -5.306304
v -2.108103 -0.223447 -5.142493
v -2.096227 -0.216478 -5.120449
v -3.790220 -5.182290 -0.430897
v -4.508876 -3.990078 -0.338223
v 2.830691 -5.084269 -0.935501
v -1.516901 -2.744076 -5.705401
v -1.896523 -1.936451 -5.264791
v -1.384167 -2.488296 -5.336673
v -0.194916 -0.411236 -5.675989
v 0.895007 -0.960707 -5.528745
v 0.861270 -0.924267 -5.478431
v 0.763630 -1.143488 -5.449168
v 0.695423 -1.214077 -5.790432
v 0.646544 -3.080427 -4.824766
v -5.837152 -1.887146 6.295224
v -0.250115 -2.710885 -5.211857
v 0.580176 -1.443332 -5.569048
v 0.495448 -1.426481 -5.735180
v 0.458002 -1.786804 -5.366983
v 0.667352 -1.932538 -5.212292
v -1.896388 -5.678027 6.983820
v -4.531238 -4.031209 -0.884727
v -5.865146 -0.050856 3.470056
v 2.063534 -4.200316 -3.210648
v -4.899815 -0.192525 -3.162194
v 2.743000 -4.960528 -1.193385
v 1.224247 -6.061136 1.914348
v 2.295961 -5.878398 2.131453
v 2.329560 -5.990873 2.271945
v 0.694483 -0.465382 -6.208663
v 0.445806 -0.310833 -6.164894
v 0.991514 -0.740487 -5.445279
v -3.953520 -3.309833 5.083628
v 1.600606 0.077160 -5.420794
v 1.009261 0.516122 -5.630444
v 1.292288 0.455761 -5.624323
v -0.237060 -1.299870 -5.850302
v -0.500485 -1.293281 -5.689151
v -2.232444 -6.065441 -2.639197
v -0.946602 -7.985188 4.824957
v 0.321599 -1.398919 -5.737816
v 0.068896 -1.339862 -5.865751
v -0.351104 -4.181727 -4.967584
v -0.640810 -1.267039 -5.475412
v 0.586544 -1.404564 -5.396165
v 0.518397 -1.763780 -5.387460
v -1.019635 -10.018042 11.007871
v -0.400563 -9.998321 11.232681
v 1.101790 -4.536345 -4.122271
v 0.630526 -1.406628 -5.260724
v -3.137448 -5.649720 -1.661821
v -0.817540 -6.018827 -2.374794
v 0.003223 -3.997565 -4.665527
v -1.602355 -8.535945 8.469464
v -0.963040 -2.811058 -5.057876
v -0.921280 -2.768255 -5.009069
v 0.208489 -2.985718 -5.119792
v -1.049654 -8.416078 7.405801
v 0.156700 -8.943686 9.340463
v 0.123784 -3.770056 -4.814377
v 0.408553 -3.791810 -4.721669
v 0.108575 -3.647541 -4.728891
v -0.437149 -3.492958 -4.913720
v -5.864615 -4.563862 4.224524
v -7.088866 -3.844149 4.104146
v -1.372645 -8.549603 8.665996
v 0.523582 -1.172608 -5.312238
v 0.396086 -1.190746 -5.639023
v 0.138640 -1.086180 -5.749985
v -0.465718 -1.056144 -5.560696
v 1.658839 1.515134 -6.852726
v 1.890749 1.390437 -6.680513
v 1.392108 1.669399 -6.865996
v 0.934144 1.899153 -6.368198
v 1.136276 2.091608 -6.486532
v 5.884637 10.289876 7.706793
v 5.883152 10.283935 7.716487
v 0.895722 1.914446 -6.228724
v 4.304097 3.257856 -4.020394
v 4.168250 3.610424 -3.518268
v 2.514797 2.136012 -5.813064
v 2.336750 1.922145 -5.810089
v 1.413697 2.436219 -5.840078
v 1.805553 3.036083 -5.491650
v 4.705552 6.524036 1.458788
v 0.152049 5.648680 -3.471991
v -0.012395 8.837545 4.399526
v -0.952188 9.062400 5.127030
v 1.834695 2.422395 -6.645226
v 1.977481 2.074320 -6.749882
v 2.099241 2.285015 -6.637985
v 2.299522 2.106197 -6.488971
v 2.188616 1.903934 -6.586436
v 2.275484 1.793512 -5.908949
v 1.276793 2.301148 -6.417710
v 1.788437 1.256791 -6.077757
v 1.067651 1.690945 -6.653271
v 1.279882 1.520177 -6.782463
v 1.816667 1.243243 -6.585217
v 1.550991 -1.559337 -5.909488
v 6.189138 -5.025416 -0.363707
v 1.563180 -1.899364 -5.488926
v 2.305795 -0.760900 -5.181131
v 1.431751 -1.841479 -5.313721
v 1.225581 -6.462456 -2.516881
v 11.095204 -0.187254 6.277168
v 2.319739 -0.823919 -4.974046
v 2.533800 -0.811831 -4.994321
v 3.550096 -1.405827 -4.292089
v 3.254318 -1.478880 -4.422690
v 2.664618 -11.193060 5.527046
v 4.290982 -1.307948 -4.026910
v 2.096238 -3.746896 -3.914327
v 2.154067 -3.333398 -4.123640
v 5.020837 -5.110476 -1.141404
v 4.591251 -2.898644 -3.004308
v 6.478881 -1.006957 -3.610150
v 2.817605 -1.718089 -5.536565
v 2.361775 -2.316151 -4.987887
v 2.291746 -2.326773 -4.861706
v 2.270182 -2.306536 -4.782926
v 10.662511 -3.821515 5.004506
v 3.869911 -2.242566 -3.807283
v 2.107424 -5.142485 -3.034884
v 2.068133 -4.549152 -3.490250
v 2.860550 -2.425191 -4.806881
v 3.312387 -1.548111 -4.424141
v 3.909795 -1.428273 -4.148442
v 6.424654 -1.178519 -3.581930
v 10.464682 -1.007204 4.804433
v 1.185707 -10.323524 5.908065
v 6.541132 -1.226771 -3.044656
v 6.617713 -1.274115 -3.261535
v 6.635397 -1.636850 -2.969344
v 7.063288 -1.275894 -1.852513
v 7.009294 -1.345335 -2.139443
v 9.611633 -1.702594 3.439390
v 9.745457 -1.586667 3.560997
v 10.904661 -3.862988 5.650802
v 1.898724 -10.576859 5.666915
v 2.181231 -1.605178 -5.987848
v 1.771084 -1.977956 -5.206284
v 2.804973 -1.120129 -4.772506
v 11.143791 -3.789788 6.428368
v 11.139912 -4.089738 6.652203
v 11.895009 -2.336739 7.861021
v 6.729930 -16.477882 6.052396
v 17.003235 -3.366170 4.558765
v 3.032997 -8.420294 -1.701079
v 3.845971 -11.070061 2.587117
v 3.857165 -11.239922 2.129609
v 11.041957 -6.999139 3.065667
v 10.582972 -7.607169 2.848459
v 9.828279 -7.248765 2.544468
v 10.033060 -8.278975 3.232783
v 7.439336 -10.026204 3.704018
v 9.758524 -7.129171 2.866030
v 10.551394 -7.528653 3.164541
v 5.110167 -4.146321 -3.706444
v 1.353844 -6.281476 -2.609245
v 17.236185 -5.009739 3.833246
v 16.891619 -9.312333 3.055182
v 4.746202 -3.264053 -3.979162
v 18.050476 -9.083743 2.789145
v 13.173362 -0.435859 3.962994
v 8.561387 -16.484106 6.103958
v 17.170561 -4.369235 4.044439
v 9.152283 1.944776 0.870244
v 12.694386 -2.707252 3.672666
v 12.989595 -2.387866 3.497770
v 14.090590 -1.856797 4.023040
v 4.662293 -11.787170 3.218949
v 3.103111 -10.080112 0.900817
v 16.571198 -2.030345 5.587933
v 16.906981 -2.101982 5.478309
v 16.612631 -1.945118 5.508953
v 19.211872 -4.365912 5.119648
v 9.975004 7.318475 6.338533
v -1.203156 20.342768 7.102509
v -1.204618 20.355145 7.079768
v -8.312901 11.283795 8.348996
v -0.974451 6.914396 -1.496310
v -2.536430 1.909726 -6.152877
v -1.735712 1.483351 -6.414694
v -4.068592 9.196553 1.270496
v -4.987015 6.192586 0.373452
v -3.265223 2.326190 -5.779032
v -5.983951 10.459031 5.566001
v 9.198147 6.221534 5.086931
v 0.499998 7.335938 -0.796609
v -7.334400 6.359630 5.256441
v -5.702095 3.739569 -3.056460
v -0.495705 14.939774 5.787691
v -5.199604 14.924836 7.795655
v -0.769583 2.799664 -5.900739
v 0.196373 2.874933 -6.004774
v -5.197348 4.890739 -2.062144
v -7.023056 6.625948 4.376503
v -7.152289 11.415515 6.654401
v -7.691722 14.631530 10.804843
v -7.064450 11.189078 7.042401
v -7.611977 8.166876 5.159532
v -6.985775 6.492074 4.591940
v -1.715423 2.683206 -5.838927
v 9.721633 9.123949 5.323983
v -5.535361 4.988045 -1.035985
v -4.959387 6.004955 -1.063991
v 9.279205 9.650623 5.004497
v 8.871218 9.378027 4.793660
v 5.642842 9.931979 3.320805
v 0.818522 10.846186 3.234970
v -6.761684 9.339955 5.515448
v 9.756058 8.386909 5.301601
v 10.277121 8.562619 6.023996
v -7.511813 8.566559 5.319301
v -6.469078 7.522166 3.334986
v -4.597476 8.593464 1.354032
v -7.592615 16.215372 11.504411
v -8.024908 15.647918 11.896678
v -6.885735 15.367101 10.064472
v -6.789534 16.057693 10.289832
v -0.888340 15.845580 6.652423
v 0.927921 16.234169 6.710132
v 4.401059 17.047359 7.814666
v -5.559950 17.005886 9.492110
v -6.619382 16.498064 10.736033
v -0.349743 0.020792 -7.002122
v 1.040984 -0.508361 -7.010645
v -0.659128 -0.765507 -7.521852
v 1.888483 -2.699807 -6.907040
v 0.746217 -3.961416 -6.379470
v 0.970862 -4.054085 -6.376904
v 2.623308 -0.461651 -6.580393
v 2.458356 -0.200627 -6.569870
v -1.395321 0.975659 -6.480933
v -1.685096 0.577730 -6.327320
v -1.167940 0.967957 -6.628106
v -3.945935 -3.266823 -4.353816
v -8.396496 -5.586604 1.390276
v -7.776121 -5.566277 -1.017485
v -8.348330 -5.798943 1.404534
v -0.654623 -8.914364 1.472365
v -11.088917 -11.502954 5.429655
v -10.378549 -10.867804 5.256544
v -10.944843 -11.656918 5.310109
v 0.638234 -4.492506 -5.382523
v -9.743909 -12.417155 6.014198
v -14.948716 -4.270703 4.698462
v -14.263650 1.364282 6.457904
v -7.715587 -4.494775 0.346352
v -7.232148 -5.325378 -1.696852
v -6.462398 -4.702948 -2.416976
v -6.330070 -4.142200 -2.376081
v -12.984715 -9.026035 4.560477
v -14.998655 -4.350175 4.914688
v -9.848631 -12.297026 6.091553
v -4.157048 -7.370224 -1.376265
v -5.564830 -4.345509 -3.078894
v -14.631500 1.067078 6.432274
v -2.409584 -9.825401 2.603580
v -10.282393 -16.160187 5.416847
v -9.503764 2.710647 3.869725
v -9.729229 1.594769 4.110811
v -9.394055 -5.583002 2.688053
v -9.036188 -6.000347 2.891383
v -17.628195 -2.020932 4.586268
v -1.402715 -8.285471 -1.579712
v -1.349313 -8.787044 -0.842623
v -1.471450 -8.913380 -0.783571
v -9.101618 3.137288 3.461335
v -9.077271 2.618145 3.194732
v -14.961528 -0.275750 6.137215
v -16.542545 2.026989 6.672967
v -11.037142 -16.653381 4.687816
v -1.338700 -14.861859 -0.170849
v -1.219002 -13.809857 0.213905
v -0.682926 -13.842093 0.252620
v -1.350501 -13.849237 0.311923
v 1.991715 -18.185501 -3.882673
v -2.831378 -18.055576 -2.303113
v -1.385201 -11.771658 0.303812
v -0.805044 -11.734644 0.323643
v 2.207902 -11.913556 0.407651
v -0.861950 -6.907829 -5.638618
v 0.647539 -17.133852 -2.116647
v -4.992072 -4.483854 -4.074111
v -7.966290 -10.389025 2.765733
v -8.861400 -10.006184 3.542998
v 4.949417 -10.665996 0.873859
v 6.219376 -10.125014 1.365654
v 7.087236 -10.353447 2.131803
v 7.120029 -10.995401 2.062510
v 7.367355 -15.218977 1.485204
v -1.606851 -17.490810 -2.004732
v 7.654567 3.523252 -2.485922
v 5.278687 -4.317639 -4.435338
v 16.658619 12.057774 6.597467
v 15.893572 12.994772 7.345293
v 5.990740 14.125223 2.136276
v 6.264857 14.432189 2.212030
v 0.664187 2.665946 -7.452452
v 0.504915 3.547348 -7.235617
v 18.022564 2.018513 4.827013
v 6.655642 3.122930 -3.464987
v 9.787971 -1.575006 -0.516156
v 3.380652 1.243522 -7.429702
v 10.101198 -2.381096 0.307878
v 5.566701 -2.339040 -5.463955
v 4.271764 -1.148247 -7.048547
v 6.953640 13.256918 1.330446
v 6.348344 13.869589 1.795579
v 5.700706 13.178720 1.994483
v 12.001845 -2.121059 2.051832
v 13.152491 -1.981523 1.690040
v 4.827440 12.798860 2.171311
v 5.892549 10.208007 0.123786
v 6.485093 14.632309 2.577087
v 2.165406 12.334076 2.098687
v 1.575218 12.252468 1.995348
v 2.941476 8.937199 -1.316298
v 12.711524 0.423221 0.214134
v 12.798973 -0.329833 1.141209
v 9.290568 5.156247 -0.608064
v 11.724938 -0.406930 0.851967
v 4.607985 12.830884 2.104490
v 4.799356 12.403680 1.728394
v 10.239216 -1.703489 -0.033371
v 11.711759 -3.011563 2.441394
v 11.544850 -2.286443 1.944669
v 4.096844 12.691917 1.602410
v 4.056187 13.296361 1.971807
v 7.230183 11.996780 0.642080
v 17.528135 1.637283 4.450047
v 13.915835 9.370361 3.015722
v 0.004534 1.606520 -7.620851
v 0.096409 0.853602 -7.975383
v 1.098325 -1.019421 -8.016807
v 1.511349 1.251823 -8.307090
v -2.719467 -1.838731 -7.490515
v -2.597285 -2.058475 -7.490462
v 2.375997 -2.156673 -7.709462
v 2.537594 -1.863012 -7.684296
v 2.304974 -2.067396 -7.671770
v 0.478885 2.243207 -7.538070
v -0.011106 2.255527 -7.413972
v 0.606666 2.056103 -7.672230
v 1.625831 -0.750816 -8.587090
v 1.038872 0.853538 -8.791646
v -1.057572 0.116482 -8.648823
v -0.140538 -1.089495 -8.943265
v 0.462999 -1.242436 -8.965456
v 1.340583 -0.465901 -8.985341
v 1.414696 0.285320 -9.013044
v -11.746041 8.652600 3.840548
v -12.556975 9.012171 4.042380
v -12.768318 -1.012213 3.729614
v -10.617127 10.892830 4.350443
v -15.196361 5.818556 4.152372
v -11.784654 3.077641 2.534373
v -15.529171 4.343709 4.472071
v -10.859752 7.445734 3.039362
v -10.972553 8.332438 3.511551
v -9.656841 8.891918 3.735116
v -8.841063 10.207079 4.215689
v -8.457571 4.959540 -0.484207
v -7.070941 3.859033 -3.552567
v -13.497408 8.932821 4.091249
v -15.886273 6.239573 4.101615
v -16.222267 4.669381 4.454000
v -6.605521 3.118273 -4.244438
v -7.194994 15.819998 4.551039
v -9.962585 6.467103 2.180655
v -10.296228 7.102215 2.570699
v -11.074341 16.131969 2.912529
v -6.867450 14.510283 4.631897
v -6.307406 14.839550 4.574515
v -8.172329 15.193088 5.064228
v -16.104725 3.124246 4.987192
v -11.627941 15.404491 2.421058
vn -0.0986 0.1847 0.9778
vn 0.2210 -0.4532 0.8635
vn 0.7169 -0.3553 0.5999
vn 0.3889 0.0021 0.9213
vn 0.2199 0.1595 0.9624
vn 0.0040 0.9952 -0.0980
vn -0.0077 0.9973 -0.0727
vn -0.0113 0.9951 -0.0982
vn -0.0100 0.9954 -0.0948
vn -0.0053 0.9950 -0.0998
vn 0.3556 0.3376 0.8716
vn 0.2086 0.0267 0.9776
vn 0.2726 0.0013 0.9621
vn 0.4930 0.1698 0.8533
vn 0.4583 0.7453 0.4842
vn 0.5204 0.7558 0.3974
vn 0.5230 0.7543 0.3969
vn 0.5226 0.7545 0.3970
vn 0.5224 0.7545 0.3972
vn 0.5224 0.7548 0.3968
vn 0.6219 0.7446 0.2424
vn 0.3322 0.9416 -0.0556
vn 0.1317 0.9875 -0.0869
vn -0.0084 0.9956 -0.0931
vn -0.0169 0.9954 -0.0940
vn -0.6344 0.2637 -0.7266
vn -0.7433 -0.6436 0.1825
vn -0.7846 0.6144 -0.0832
vn 0.2965 0.0919 -0.9506
vn 0.4946 0.2386 -0.8358
vn 0.7378 -0.2535 -0.6256
vn 0.4043 -0.2777 -0.8714
vn 0.1625 -0.0997 -0.9817
vn -0.6741 -0.7120 0.1969
vn -0.6721 -0.7145 0.1942
vn -0.6735 -0.7111 0.2017
vn -0.6743 -0.7121 0.1955
vn -0.6739 -0.7126 0.1952
vn -0.6740 -0.7119 0.1974
vn -0.6735 -0.7123 0.1975
vn -0.6721 -0.7140 0.1962
vn -0.6969 -0.0721 -0.7135
vn -0.8359 0.5484 0.0221
vn -0.8280 0.5590 -0.0453
vn -0.8018 0.5938 -0.0668
vn -0.8477 0.5281 -0.0492
vn -0.8068 0.5882 -0.0558
vn -0.7922 0.5968 -0.1274
vn -0.5552 0.4254 -0.7147
vn -0.9871 -0.0791 -0.1394
vn -0.9669 0.0417 0.2516
vn -0.4236 -0.3958 0.8148
vn -0.4232 -0.3928 0.8164
vn -0.4276 -0.3938 0.8137
vn -0.4251 -0.3920 0.8158
vn -0.4251 -0.3906 0.8165
vn -0.4249 -0.3929 0.8155
vn -0.4263 -0.3928 0.8149
vn -0.4255 -0.3923 0.8155
vn -0.5892 -0.3335 0.7360
vn -0.7682 -0.2521 0.5885
vn -0.7685 -0.2527 0.5878
vn -0.7686 -0.2514 0.5883
vn -0.7684 -0.2530 0.5878
vn -0.7676 -0.2525 0.5892
vn -0.8526 -0.3012 0.4270
vn -0.8939 -0.4183 0.1614
vn 0.8541 0.4829 0.1931
vn -0.1244 0.8428 -0.5236
vn -0.1229 0.8427 -0.5242
vn -0.1254 0.8433 -0.5226
vn -0.1269 0.8408 -0.5262
vn -0.1238 0.8433 -0.5231
vn -0.1237 0.8430 -0.5235
vn -0.7231 -0.4079 0.5574
vn -0.9080 -0.0729 0.4126
vn -0.8940 -0.0892 0.4391
vn -0.9017 -0.0581 0.4285
vn -0.9085 -0.0677 0.4123
vn -0.8989 -0.1823 0.3983
vn -0.9058 -0.3922 0.1604
vn -0.8648 -0.4582 0.2056
vn -0.1551 -0.7196 -0.6769
vn 0.0033 -0.7421 -0.6703
vn 0.0006 -0.7412 -0.6713
vn 0.0008 -0.7420 -0.6704
vn -0.0000 -0.7432 -0.6690
vn 0.0050 -0.7404 -0.6722
vn 0.0037 -0.7411 -0.6714
vn 0.0017 -0.7409 -0.6716
vn 0.0058 -0.7404 -0.6721
vn 0.0033 -0.7410 -0.6715
vn 0.0008 -0.7398 -0.6728
vn 0.0025 -0.7414 -0.6710
vn 0.0041 -0.7422 -0.6701
vn -0.0894 -0.9487 -0.3032
vn -0.8911 -0.0542 0.4506
vn -0.8981 -0.0548 0.4363
vn -0.9037 -0.0681 0.4227
vn -0.9056 -0.0747 0.4175
vn -0.8874 -0.0596 0.4571
vn -0.6960 -0.4373 -0.5695
vn -0.4675 -0.0239 -0.8836
vn -0.3821 -0.1474 -0.9123
vn -0.1904 -0.4473 -0.8739
vn -0.4413 -0.8227 -0.3582
vn -0.5709 -0.7159 -0.4020
vn 0.2405 0.2113 -0.9474
vn 0.4159 0.1747 -0.8925
vn 0.4655 -0.0226 -0.8848
vn 0.4702 -0.2607 -0.8432
vn 0.4688 -0.2597 -0.8443
vn 0.4683 -0.2594 -0.8446
vn 0.2817 -0.4551 -0.8447
vn 0.0544 -0.6171 -0.7850
vn -0.0826 -0.5443 -0.8348
vn -0.2416 -0.0071 -0.9703
vn 0.6837 -0.6969 -0.2162
vn 0.4577 -0.4508 -0.7663
vn 0.9176 0.1512 0.3676
vn 0.8164 0.1457 0.5587
vn 0.8153 0.1454 0.5605
vn -0.1162 0.7742 0.6222
vn -0.6703 0.6825 0.2913
vn -0.1579 0.8440 -0.5125
vn -0.0310 0.7971 -0.6030
vn 0.1354 0.7180 -0.6828
vn -0.0535 0.7962 -0.6026
vn 0.2737 0.9173 0.2892
vn -0.3028 0.3712 0.8778
vn -0.5166 0.5532 0.6535
vn -0.5140 0.5530 0.6558
vn -0.4559 0.8540 0.2506
vn -0.1139 0.9898 0.0854
vn 0.7288 0.1386 -0.6705
vn 0.8527 0.1710 -0.4936
vn 0.8338 -0.3324 -0.4408
vn 0.8315 -0.3405 -0.4388
vn 0.8317 -0.3367 -0.4415
vn 0.8312 -0.3360 -0.4430
vn 0.8317 -0.3354 -0.4424
vn 0.8321 -0.3350 -0.4420
vn 0.8320 -0.3348 -0.4423
vn 0.8311 -0.3352 -0.4438
vn 0.8316 -0.3384 -0.4403
vn 0.8315 -0.3339 -0.4440
vn 0.8350 -0.3282 -0.4417
vn 0.8832 -0.1959 0.4262
vn 0.9886 0.1437 -0.0446
vn 0.7308 0.5787 -0.3621
vn 0.2761 0.6900 -0.6691
vn 0.8709 0.1113 0.4787
vn 0.4389 -0.7056 -0.5563
vn 0.3301 -0.6708 -0.6641
vn 0.2344 -0.5558 -0.7976
vn 0.2317 -0.5562 -0.7981
vn 0.2304 -0.5571 -0.7978
vn 0.2307 -0.5571 -0.7978
vn 0.2309 -0.5569 -0.7979
vn 0.2300 -0.5563 -0.7985
vn 0.2299 -0.5566 -0.7983
vn 0.2293 -0.5575 -0.7979
vn 0.1960 -0.7111 -0.6753
vn 0.4399 -0.7022 -0.5599
vn 0.4403 -0.7025 -0.5591
vn 0.4398 -0.7026 -0.5594
vn 0.4412 -0.7037 -0.5569
vn 0.3517 -0.6972 -0.6247
vn 0.4161 -0.0442 -0.9082
vn 0.5114 -0.0533 -0.8577
vn 0.6819 0.2870 -0.6728
vn 0.1667 -0.6111 0.7738
vn -0.2785 -0.6148 0.7379
vn -0.0667 -0.9878 0.1409
vn 0.2810 -0.9458 0.1626
vn -0.8886 0.4427 -0.1196
vn -0.7882 0.1903 0.5852
vn -0.4358 0.7677 0.4698
vn 0.9177 0.2876 -0.2739
vn 0.9173 0.2834 -0.2796
vn 0.9188 0.2826 -0.2755
vn 0.9179 0.2897 -0.2713
vn 0.2580 0.2401 0.9358
vn -0.2132 0.3701 0.9042
vn 0.3987 -0.7272 -0.5587
vn 0.6283 -0.4464 -0.6372
vn -0.2860 -0.9219 -0.2615
vn -0.1910 -0.1141 -0.9749
vn 0.8234 0.4724 -0.3144
vn 0.8237 0.4737 -0.3117
vn 0.8273 0.4730 -0.3030
vn -0.0549 -0.1319 -0.9897
vn -0.2501 0.4006 0.8815
vn -0.0825 -0.3086 0.9476
vn 0.9185 0.3554 0.1735
vn 0.9223 0.3471 0.1698
vn 0.9189 0.3548 0.1723
vn 0.9202 0.3492 0.1767
vn 0.9234 0.3439 0.1708
vn 0.9542 0.2515 -0.1619
vn 0.9410 0.3328 -0.0615
vn 0.7887 0.5519 0.2706
vn 0.7920 0.5510 0.2629
vn 0.8168 0.5176 0.2549
vn 0.7803 0.5519 0.2941
vn 0.1206 -0.4502 -0.8847
vn 0.1460 -0.8640 0.4819
vn 0.1473 -0.8654 0.4789
vn 0.2281 -0.8166 0.5302
vn 0.3216 -0.7337 0.5985
vn 0.3180 -0.7331 0.6012
vn 0.3139 -0.7340 0.6022
vn 0.3134 -0.7348 0.6016
vn 0.4346 -0.6343 0.6393
vn 0.4083 -0.3287 0.8516
vn 0.2630 0.0602 0.9629
vn 0.2487 -0.1382 0.9587
vn 0.3719 -0.3801 0.8469
vn 0.8861 -0.1036 0.4517
vn 0.6790 -0.3910 0.6213
vn 0.4521 -0.5087 0.7327
vn -0.4359 0.2005 -0.8774
vn -0.2913 0.5760 -0.7638
vn -0.2932 0.5740 -0.7645
vn 0.0243 0.6899 -0.7235
vn 0.2610 0.2662 -0.9279
vn -0.0777 -0.1938 -0.9780
vn -0.7040 -0.4974 -0.5070
vn -0.2442 -0.8410 -0.4828
vn -0.2463 -0.8385 -0.4860
vn -0.2489 -0.8377 -0.4861
vn -0.2462 -0.8375 -0.4878
vn -0.2476 -0.8500 -0.4650
vn -0.2469 -0.8376 -0.4873
vn -0.5500 -0.7937 -0.2599
vn -0.6654 -0.7435 -0.0671
vn -0.5048 -0.7011 0.5035
vn -0.3928 -0.7442 0.5403
vn -0.5099 -0.8593 0.0393
vn -0.8083 -0.4674 0.3580
vn -0.8504 -0.5170 -0.0975
vn -0.9831 -0.1215 -0.1370
vn 0.8338 -0.5338 -0.1410
vn 0.9658 -0.1199 -0.2301
vn 0.9573 0.0437 -0.2859
vn 0.8781 0.1831 0.4421
vn 0.8812 -0.2996 0.3658
vn -0.0632 -0.0488 0.9968
vn 0.1705 -0.0381 0.9846
vn 0.0816 -0.0948 0.9921
vn 0.0527 -0.0792 0.9955
vn 0.0860 -0.0808 0.9930
vn 0.0743 -0.0875 0.9934
vn -0.2910 -0.7605 -0.5805
vn 0.9195 -0.2039 -0.3362
vn -0.1677 -0.7199 -0.6735
vn 0.1077 -0.0881 0.9903
vn -0.0352 -0.9277 0.3718
vn 0.9284 -0.0980 -0.3585
vn 0.9268 -0.0940 -0.3636
vn 0.9262 -0.0931 -0.3652
vn 0.9269 -0.0983 -0.3623
vn 0.9283 -0.0940 -0.3597
vn 0.9282 -0.0955 -0.3596
vn 0.9283 -0.0957 -0.3593
vn 0.9283 -0.0958 -0.3592
vn 0.9285 -0.0958 -0.3589
vn 0.9282 -0.0963 -0.3594
vn 0.9285 -0.0952 -0.3589
vn 0.8291 0.2167 -0.5154
vn 0.8806 0.3915 -0.2671
vn 0.8883 0.4582 -0.0309
vn 0.8887 0.4575 -0.0315
vn 0.8888 0.4572 -0.0309
vn 0.8889 0.4570 -0.0311
vn 0.8884 0.4580 -0.0319
vn 0.8895 0.4559 -0.0292
vn 0.8880 0.4589 -0.0297
vn 0.8903 0.4542 -0.0329
vn 0.8912 0.4524 -0.0345
vn 0.8898 0.4552 -0.0320
vn 0.8889 0.4570 -0.0315
vn 0.8890 0.4569 -0.0312
vn 0.8889 0.4570 -0.0317
vn 0.8893 0.4563 -0.0309
vn 0.8887 0.4575 -0.0310
vn -0.1447 0.9856 0.0874
vn 0.0763 -0.1174 0.9902
vn 0.0598 -0.1119 0.9919
vn 0.0669 -0.0928 0.9934
vn 0.0652 -0.1093 0.9919
vn 0.0528 -0.1008 0.9935
vn 0.1013 -0.0719 0.9923
vn 0.0858 -0.0855 0.9926
vn 0.0703 -0.0654 0.9954
vn 0.0933 -0.0548 0.9941
vn 0.0985 -0.0750 0.9923
vn 0.0669 -0.1337 0.9888
vn 0.0567 -0.0931 0.9940
vn 0.0386 -0.0843 0.9957
vn 0.0171 -0.0256 0.9995
vn 0.6625 -0.2304 -0.7127
vn 0.9506 -0.3034 -0.0651
vn 0.5470 0.5969 0.5870
vn 0.7084 0.6370 0.3039
vn -0.7806 -0.5757 0.2433
vn -0.4501 -0.8751 0.1776
vn -0.5508 -0.5786 0.6016
vn -0.5584 -0.3185 0.7660
vn 0.8272 -0.4622 -0.3197
vn 0.8347 -0.5301 -0.1493
vn 0.8349 -0.5299 -0.1490
vn 0.8347 -0.5302 -0.1489
vn 0.7050 -0.7089 -0.0211
vn 0.5719 -0.8184 0.0566
vn 0.5724 -0.8179 0.0574
vn 0.5739 -0.8170 0.0556
vn 0.5714 -0.8186 0.0579
vn 0.3517 -0.9332 0.0744
vn 0.2504 -0.9627 -0.1025
vn 0.2879 -0.8666 -0.4076
vn 0.2853 -0.7963 -0.5334
vn 0.2865 -0.7957 -0.5337
vn 0.2864 -0.7958 -0.5335
vn 0.2866 -0.7960 -0.5332
vn 0.2862 -0.7958 -0.5336
vn 0.7099 -0.3928 -0.5845
vn -0.1269 -0.9749 0.1830
vn -0.0335 -0.9987 0.0377
vn 0.4947 -0.5009 -0.7102
vn 0.4993 -0.4993 -0.7081
vn 0.5427 -0.6967 -0.4692
vn 0.6636 -0.6174 -0.4224
vn 0.6626 -0.6218 -0.4175
vn 0.6666 -0.6131 -0.4239
vn 0.3601 -0.8044 -0.4725
vn 0.7225 0.1614 -0.6723
vn 0.7236 0.1618 -0.6710
vn 0.2035 -0.9636 -0.1734
vn 0.2072 -0.9610 -0.1831
vn 0.2012 -0.9627 -0.1808
vn 0.5441 -0.7927 0.2749
vn 0.3237 -0.5907 0.7391
vn -0.0071 -0.7282 0.6853
vn -0.2613 -0.8192 0.5105
vn -0.3774 -0.9248 -0.0478
vn 0.0042 -0.9902 -0.1393
vn -0.7411 0.1645 0.6509
vn -0.6401 0.6119 0.4646
vn -0.7694 0.5777 0.2725
vn -0.7983 0.5951 0.0927
vn -0.9671 0.0132 0.2539
vn -0.9006 -0.0078 0.4346
vn -0.8995 -0.0071 0.4369
vn 0.3974 -0.4813 -0.7813
vn 0.6677 -0.2214 -0.7107
vn 0.6679 -0.2210 -0.7107
vn 0.6677 -0.2223 -0.7104
vn 0.5356 0.0767 -0.8410
vn 0.7113 0.3966 -0.5802
vn 0.7514 0.5091 -0.4198
vn 0.7507 0.5111 -0.4187
vn 0.7511 0.5107 -0.4183
vn 0.7511 0.5105 -0.4187
vn 0.7509 0.5113 -0.4179
vn 0.7511 0.5104 -0.4187
vn 0.7510 0.5109 -0.4183
vn 0.7517 0.5103 -0.4177
vn 0.7511 0.5102 -0.4190
vn 0.7175 0.2009 -0.6670
vn 0.7622 0.0127 -0.6472
vn 0.7575 0.0204 -0.6525
vn 0.7602 0.0171 -0.6495
vn 0.7592 0.0147 -0.6507
vn 0.7601 0.0139 -0.6497
vn 0.7606 0.0141 -0.6491
vn 0.7607 0.0146 -0.6490
vn 0.7608 0.0151 -0.6489
vn 0.6175 0.4571 -0.6401
vn -0.2617 0.9643 0.0416
vn -0.2926 -0.4479 -0.8449
vn -0.2566 -0.5206 -0.8144
vn -0.2562 -0.4629 -0.8486
vn -0.2136 -0.5093 -0.8337
vn -0.5942 0.4323 -0.6783
vn 0.6762 0.3444 -0.6513
vn 0.6786 0.3488 -0.6464
vn 0.6714 0.3480 -0.6543
vn 0.0865 0.1538 -0.9843
vn -0.1426 0.3236 -0.9354
vn 0.9288 0.3367 -0.1550
vn 0.9236 0.3505 -0.1557
vn 0.9246 0.3391 -0.1735
vn 0.9257 0.3399 -0.1659
vn 0.9300 0.3307 -0.1608
vn 0.9249 0.3421 -0.1658
vn 0.9748 0.1485 -0.1664
vn 0.5079 0.1149 -0.8537
vn 0.4230 -0.0638 -0.9039
vn -0.0487 0.1244 -0.9910
vn -0.1769 0.2586 -0.9497
vn -0.1796 0.2605 -0.9486
vn -0.3557 0.3845 -0.8519
vn -0.1209 0.5278 -0.8407
vn -0.1196 0.5292 -0.8400
vn -0.0409 0.6517 -0.7574
vn 0.4493 0.6448 -0.6184
vn 0.8052 0.3869 -0.4494
vn 0.5103 0.1111 -0.8528
vn -0.7829 0.3597 -0.5076
vn -0.6810 -0.3546 0.6406
vn -0.7433 0.5450 -0.3879
vn -0.8012 0.0968 0.5905
vn -0.8015 0.0970 0.5901
vn -0.8013 0.0943 0.5907
vn -0.8031 0.0935 0.5885
vn -0.8008 0.0961 0.5912
vn -0.8013 0.0963 0.5905
vn -0.8028 0.0965 0.5884
vn -0.7992 0.0943 0.5936
vn -0.8035 0.1010 0.5866
vn -0.7981 0.1042 0.5935
vn -0.8009 0.0966 0.5910
vn -0.8021 0.0940 0.5898
vn -0.8019 0.0948 0.5899
vn -0.8021 0.0950 0.5896
vn -0.8017 0.0955 0.5901
vn -0.8016 0.0958 0.5901
vn -0.8018 0.0956 0.5899
vn -0.9526 0.0866 0.2915
vn -0.9838 -0.1583 0.0847
vn -0.9359 -0.3400 0.0919
vn -0.9332 -0.3464 0.0958
vn -0.9351 -0.3420 0.0928
vn -0.9354 -0.3412 0.0924
vn -0.9356 -0.3403 0.0936
vn -0.9333 -0.3442 0.1020
vn 0.9802 -0.0725 -0.1844
vn 0.5234 0.8192 0.2345
vn 0.9060 0.2267 0.3574
vn -0.2963 0.5064 -0.8098
vn -0.2511 0.5630 -0.7874
vn -0.4580 0.7145 -0.5289
vn -0.5248 0.5526 -0.6474
vn -0.8455 -0.2274 0.4831
vn -0.2843 0.9497 0.1310
vn 0.2882 0.8561 0.4290
vn 0.8274 0.4869 -0.2799
vn 0.9905 0.1344 0.0296
vn 0.9962 0.0862 -0.0093
vn 0.9909 0.1032 -0.0861
vn -0.0587 -0.1614 0.9851
vn -0.0595 -0.1648 0.9845
vn -0.0678 -0.1638 0.9842
vn -0.0621 -0.1644 0.9844
vn -0.0612 -0.1660 0.9842
vn -0.0638 -0.1659 0.9841
vn -0.0546 -0.1638 0.9850
vn -0.0585 -0.1633 0.9848
vn -0.0596 -0.1629 0.9848
vn 0.0627 0.0822 0.9946
vn 0.3245 0.3252 0.8882
vn 0.7469 0.1931 0.6363
vn 0.7130 -0.0455 0.6997
vn 0.7127 -0.0489 0.6998
vn 0.7132 -0.0457 0.6995
vn 0.7129 -0.0455 0.6997
vn 0.7133 -0.0441 0.6995
vn 0.7119 -0.0480 0.7006
vn 0.7116 -0.0449 0.7011
vn 0.7139 -0.0453 0.6988
vn 0.7139 -0.0443 0.6988
vn 0.7148 -0.0471 0.6978
vn -0.3751 0.4887 0.7877
vn -0.7955 -0.0341 0.6050
vn -0.8440 -0.2532 0.4729
vn -0.6762 -0.5504 0.4897
vn -0.2250 -0.0522 0.9730
vn -0.3204 0.0320 0.9468
vn -0.8784 -0.2737 0.3918
vn 0.0543 0.2376 0.9698
vn -0.6383 -0.3886 -0.6645
vn -0.6518 -0.6849 -0.3257
vn -0.7595 -0.1184 -0.6397
vn -0.5886 -0.3214 -0.7418
vn -0.5747 -0.3188 -0.7537
vn -0.5354 -0.3471 -0.7700
vn -0.6028 -0.3093 -0.7356
vn -0.5630 -0.3739 -0.7371
vn -0.1578 0.4227 -0.8924
vn 0.1637 -0.6804 -0.7143
vn 0.1672 -0.7283 -0.6645
vn -0.0688 -0.6793 0.7307
vn -0.0637 -0.6748 0.7353
vn -0.0603 -0.6782 0.7324
vn -0.0665 -0.6777 0.7323
vn -0.0652 -0.6794 0.7309
vn -0.0663 -0.6790 0.7312
vn -0.0683 -0.6781 0.7318
vn -0.0666 -0.6785 0.7316
vn -0.0662 -0.6786 0.7316
vn -0.0667 -0.6780 0.7321
vn -0.0665 -0.6781 0.7320
vn -0.0668 -0.6779 0.7321
vn -0.3095 -0.4380 0.8440
vn -0.5259 -0.6625 0.5335
vn -0.4036 -0.9076 0.1158
vn -0.1104 -0.9878 -0.1097
vn 0.2088 -0.8002 0.5622
vn 0.2081 -0.8006 0.5619
vn 0.2053 -0.8000 0.5638
vn 0.2025 -0.7984 0.5671
vn 0.2041 -0.8008 0.5631
vn 0.2065 -0.7990 0.5648
vn 0.3370 0.0538 0.9400
vn -0.6395 -0.3558 -0.6816
vn -0.5863 -0.3064 -0.7499
vn -0.5469 -0.3295 -0.7696
vn -0.5225 -0.3805 -0.7630
vn -0.6127 -0.3444 -0.7113
vn -0.5907 -0.3359 -0.7337
vn -0.5382 -0.3814 -0.7516
vn -0.0466 0.2672 0.9625
vn 0.0578 0.0332 0.9978
vn 0.0907 0.0620 0.9939
vn 0.0578 0.0988 0.9934
vn 0.1651 0.1899 0.9678
vn -0.7282 -0.4436 -0.5225
vn -0.9326 -0.3439 -0.1092
vn -0.5583 0.5054 0.6579
vn -0.7713 0.3628 0.5230
vn -0.1916 -0.6951 -0.6929
vn -0.6534 -0.7531 -0.0767
vn 0.4843 -0.7440 0.4604
vn -0.8741 0.2568 -0.4123
vn -0.9141 0.0760 -0.3982
vn -0.9138 0.0780 -0.3986
vn -0.9056 -0.1112 -0.4093
vn -0.8901 0.2716 0.3659
vn -0.8889 0.2726 0.3682
vn -0.8892 0.2734 0.3667
vn -0.8897 0.2711 0.3675
vn -0.6890 0.6166 0.3809
vn -0.8615 0.5032 -0.0687
vn -0.8722 0.4451 -0.2028
vn -0.8721 0.4454 -0.2026
vn 0.2118 0.9738 -0.0825
vn 0.3576 0.9275 -0.1087
vn 0.3688 0.9229 -0.1110
vn 0.5660 0.8130 -0.1366
vn 0.7473 0.6395 -0.1806
vn 0.5350 0.7150 -0.4501
vn 0.7247 0.3476 -0.5950
vn 0.8011 0.3158 -0.5085
vn 0.6969 0.3785 -0.6091
vn 0.1377 0.8231 -0.5510
vn -0.8898 0.0971 -0.4459
vn -0.8628 0.0863 -0.4981
vn -0.6100 -0.4490 -0.6530
vn -0.6555 -0.5398 -0.5282
vn -0.6547 -0.5432 -0.5257
vn -0.6536 -0.5402 -0.5301
vn -0.6557 -0.5378 -0.5300
vn -0.6557 -0.5387 -0.5291
vn -0.7661 -0.3204 -0.5573
vn -0.1412 -0.8520 -0.5042
vn 0.1663 -0.8946 -0.4149
vn 0.3696 -0.9136 -0.1697
vn 0.3623 -0.9249 -0.1153
vn 0.3543 -0.9278 -0.1169
vn 0.4021 -0.9124 0.0759
vn -0.2554 -0.9467 0.1964
vn -0.5556 -0.8278 0.0775
vn -0.5255 -0.7825 -0.3339
vn -0.5249 -0.7841 -0.3313
vn -0.5270 -0.7833 -0.3296
vn -0.5244 -0.7843 -0.3314
vn -0.4751 -0.7151 -0.5128
vn -0.1459 -0.8494 -0.5071
vn -0.7454 0.3281 -0.5802
vn -0.4506 0.5463 -0.7061
vn -0.7502 0.3295 -0.5733
vn -0.0537 0.8539 -0.5177
vn -0.0595 0.8498 -0.5237
vn -0.0704 0.8552 -0.5135
vn -0.0615 0.8555 -0.5142
vn 0.6615 0.6718 0.3333
vn 0.9883 -0.0297 -0.1499
vn 0.9986 0.0506 -0.0134
vn 0.9059 0.2189 0.3624
vn 0.4629 0.1575 0.8723
vn 0.2425 0.4918 0.8363
vn 0.2031 0.9446 0.2578
vn 0.5505 0.8143 0.1842
vn 0.6222 0.5647 -0.5423
vn 0.6141 0.5658 -0.5502
vn 0.5137 0.3021 -0.8030
vn 0.3911 0.4057 -0.8261
vn -0.0542 0.8566 -0.5132
vn -0.0534 0.8577 -0.5114
vn -0.0567 0.8534 -0.5182
vn -0.1551 0.9268 -0.3420
vn 0.3238 0.7121 -0.6229
vn -0.1519 -0.0932 -0.9840
vn -0.5243 0.3300 -0.7850
vn -0.5506 0.6808 -0.4831
vn -0.5001 0.7405 -0.4490
vn -0.9724 -0.0135 -0.2328
vn -0.7448 -0.5529 -0.3736
vn -0.9710 0.0673 0.2293
vn -0.9996 0.0202 -0.0197
vn -0.9983 0.0418 0.0407
vn -0.9989 0.0138 0.0438
vn -0.9994 0.0075 0.0335
vn -0.9388 -0.0366 0.3424
vn -0.1997 0.7090 0.6764
vn -0.1999 0.7283 0.6554
vn -0.1844 0.7376 0.6496
vn -0.2719 0.7270 0.6306
vn 0.9209 0.3642 0.1389
vn -0.0071 0.6172 -0.7868
vn -0.0030 0.6166 -0.7872
vn -0.0046 0.6183 -0.7859
vn -0.0057 0.6189 -0.7854
vn -0.0068 0.6147 -0.7888
vn -0.0090 0.6148 -0.7887
vn -0.0036 0.6176 -0.7865
vn -0.0048 0.6176 -0.7865
vn -0.0029 0.6179 -0.7863
vn -0.3442 0.4276 -0.8359
vn -0.5876 0.4397 -0.6793
vn -0.5972 0.4689 -0.6508
vn -0.5956 0.4701 -0.6514
vn -0.5799 0.4552 -0.6757
vn -0.3723 0.3656 -0.8531
vn -0.3714 0.3645 -0.8539
vn -0.3690 0.3644 -0.8550
vn -0.3699 0.3656 -0.8541
vn -0.3711 0.3625 -0.8549
vn -0.3707 0.3633 -0.8548
vn -0.3749 0.4453 -0.8131
vn -0.3727 0.5484 -0.7486
vn 0.0819 0.8092 -0.5819
vn 0.1397 0.8649 -0.4821
vn 0.1393 0.8633 -0.4850
vn 0.1105 0.8432 -0.5261
vn 0.8018 0.5393 -0.2574
vn 0.7209 0.6931 -0.0075
vn 0.7351 0.6771 0.0326
vn 0.7065 0.7077 0.0047
vn 0.6951 0.7183 -0.0288
vn 0.7317 0.6815 -0.0086
vn 0.7219 0.6919 0.0115
vn 0.7255 0.6881 0.0126
vn 0.5089 0.3227 0.7981
vn -0.2013 0.9367 -0.2864
vn -0.0799 0.9959 -0.0430
vn -0.4862 0.8640 -0.1308
vn -0.2410 0.3783 0.8937
vn -0.6547 0.6598 0.3689
vn -0.9792 0.0858 0.1837
vn -0.9995 0.0172 -0.0250
vn -0.9441 0.2096 -0.2543
vn -0.9181 0.2465 -0.3104
vn -0.4783 0.6030 -0.6385
vn -0.7217 0.6862 -0.0911
vn -0.5281 0.8486 0.0324
vn -0.1362 0.3951 -0.9085
vn -0.7107 -0.3648 -0.6015
vn -0.7080 -0.1313 -0.6939
vn -0.7077 -0.1304 -0.6943
vn -0.7101 -0.1317 -0.6917
vn -0.1327 -0.9569 -0.2585
vn -0.5500 -0.8351 -0.0088
vn -0.1131 -0.8867 -0.4482
vn 0.2723 -0.5825 -0.7659
vn 0.3073 -0.4720 -0.8263
vn 0.3416 -0.4633 -0.8177
vn 0.3222 -0.4260 -0.8454
vn 0.3281 -0.4124 -0.8499
vn 0.3554 -0.4492 -0.8197
vn 0.2903 -0.4914 -0.8212
vn 0.2591 -0.4467 -0.8563
vn -0.0732 -0.4555 -0.8872
vn -0.4078 -0.6503 -0.6410
vn -0.9899 0.1418 0.0014
vn -0.9898 0.1422 0.0028
vn -0.9897 0.1428 0.0014
vn -0.9892 0.1464 0.0045
vn -0.9898 0.1425 0.0052
vn -0.9901 0.1402 -0.0012
vn 0.0789 -0.8011 0.5933
vn 0.3127 -0.3694 -0.8751
vn -0.1683 -0.1633 -0.9721
vn -0.9627 -0.1313 -0.2365
vn -0.9656 -0.1222 -0.2295
vn -0.9646 -0.1225 -0.2337
vn -0.9651 -0.1245 -0.2303
vn -0.9647 -0.1241 -0.2324
vn -0.9654 -0.1220 -0.2306
vn -0.9643 -0.1222 -0.2348
vn -0.9069 -0.2071 -0.3669
vn -0.7933 -0.1732 -0.5837
vn -0.7945 -0.1747 -0.5816
vn -0.7948 -0.1745 -0.5812
vn -0.7948 -0.1749 -0.5811
vn 0.2897 -0.4499 -0.8448
vn 0.3337 -0.4447 -0.8312
vn 0.3364 -0.4632 -0.8199
vn -0.0406 0.1506 0.9878
vn -0.6430 0.2059 0.7377
vn -0.6352 0.2595 0.7275
vn -0.6126 0.2096 0.7621
vn 0.3054 -0.4336 -0.8478
vn 0.8375 0.5343 0.1148
vn -0.7396 0.5048 -0.4452
vn -0.7398 0.5043 -0.4454
vn -0.7400 0.5040 -0.4454
vn -0.7391 0.5052 -0.4455
vn -0.7387 0.5040 -0.4475
vn -0.7367 0.5076 -0.4468
vn -0.7429 0.5023 -0.4425
vn -0.7401 0.5046 -0.4445
vn -0.7396 0.5043 -0.4457
vn -0.7398 0.5041 -0.4456
vn -0.7401 0.5042 -0.4450
vn -0.7402 0.5040 -0.4451
vn -0.7400 0.5042 -0.4453
vn -0.7399 0.5036 -0.4460
vn -0.7405 0.5042 -0.4443
vn -0.7401 0.5038 -0.4455
vn -0.6739 0.1675 -0.7196
vn -0.7456 -0.0653 -0.6632
vn -0.7460 -0.0652 -0.6628
vn -0.7848 -0.2905 -0.5474
vn -0.8815 -0.2251 -0.4151
vn -0.0274 0.3283 0.9442
vn -0.0028 0.2151 0.9766
vn -0.0055 0.2156 0.9765
vn -0.1134 0.1606 0.9805
vn 0.6626 0.7306 -0.1652
vn 0.2940 0.9028 -0.3139
vn 0.0907 0.9673 -0.2368
vn 0.1605 0.9780 0.1330
vn 0.4855 0.8547 0.1839
vn 0.2258 0.8797 0.4186
vn -0.5256 0.6586 0.5384
vn -0.1842 0.7862 -0.5898
vn -0.1849 0.7880 -0.5873
vn -0.1846 0.7867 -0.5891
vn -0.1834 0.7876 -0.5883
vn -0.3715 0.1649 0.9137
vn -0.4922 0.3874 0.7795
vn -0.9248 0.1090 0.3646
vn -0.8701 -0.4868 0.0766
vn -0.8667 -0.4935 0.0725
vn -0.8586 -0.5082 0.0670
vn -0.8533 -0.5154 0.0786
vn -0.0815 0.3799 -0.9214
vn -0.2676 0.8776 0.3978
vn -0.4351 0.7081 0.5562
vn -0.4468 0.7004 0.5566
vn -0.4426 0.7019 0.5581
vn -0.4408 0.7033 0.5578
vn -0.4409 0.7027 0.5584
vn -0.4408 0.7028 0.5583
vn -0.4407 0.7029 0.5583
vn -0.4410 0.7028 0.5582
vn -0.4407 0.7024 0.5589
vn -0.5059 0.5743 0.6436
vn -0.3377 0.0578 0.9395
vn -0.2146 0.9642 -0.1558
vn -0.2361 0.9704 0.0506
vn -0.3764 0.6818 0.6273
vn 0.0026 0.6491 0.7607
vn 0.3497 0.9324 0.0912
vn -0.0834 0.9515 -0.2961
vn -0.2404 0.9625 -0.1257
vn -0.4659 0.4095 0.7843
vn -0.4646 0.4103 0.7847
vn -0.2477 0.5168 0.8195
vn -0.5073 0.4591 0.7293
vn -0.7218 0.2537 0.6439
vn -0.8662 -0.2640 0.4243
vn -0.6358 0.4752 0.6082
vn -0.4661 0.4094 0.7843
vn -0.2362 -0.9611 0.1433
vn -0.2271 -0.9584 0.1726
vn -0.2343 -0.9621 0.1395
vn -0.2035 -0.9706 0.1287
vn -0.2182 -0.9661 0.1376
vn -0.2299 -0.9655 0.1223
vn -0.5240 -0.7713 0.3613
vn -0.8649 -0.2929 0.4075
vn -0.5913 -0.0958 -0.8007
vn -0.6855 -0.0530 -0.7261
vn -0.7471 0.0418 -0.6634
vn -0.6273 -0.1402 -0.7660
vn -0.2487 -0.7560 0.6054
vn -0.4851 -0.8738 0.0327
vn -0.4872 -0.8712 0.0600
vn 0.5748 0.6020 0.5543
vn -0.2546 -0.8729 -0.4163
vn 0.7281 -0.2252 0.6474
vn -0.3863 0.2829 0.8779
vn -0.3830 0.2852 0.8786
vn -0.3866 0.2831 0.8777
vn -0.3848 0.2838 0.8783
vn -0.3856 0.2838 0.8779
vn -0.3852 0.2848 0.8778
vn -0.3851 0.2849 0.8778
vn -0.3874 0.2814 0.8779
vn -0.3845 0.2893 0.8766
vn -0.3988 0.2865 0.8711
vn -0.3957 0.2833 0.8736
vn -0.3899 0.2879 0.8747
vn -0.3793 0.2902 0.8786
vn -0.3930 0.2808 0.8756
vn -0.3765 0.2910 0.8795
vn -0.3785 0.2897 0.8791
vn -0.3767 0.2858 0.8812
vn -0.5758 -0.2574 0.7760
vn -0.5167 -0.8482 -0.1164
vn 0.0510 -0.8105 -0.5835
vn 0.0971 -0.4131 0.9055
vn 0.0422 -0.4585 0.8877
vn 0.2083 -0.5808 0.7869
vn -0.3976 -0.3579 0.8449
vn -0.3823 -0.3555 0.8530
vn 0.6767 -0.6947 0.2440
vn 0.5826 0.5936 0.5552
vn 0.5845 0.5872 0.5599
vn 0.1800 -0.8901 0.4187
vn -0.5564 -0.3242 0.7651
vn -0.5572 -0.3254 0.7640
vn -0.5569 -0.3257 0.7641
vn -0.5567 -0.3258 0.7641
vn -0.5571 -0.3252 0.7641
vn -0.5566 -0.3266 0.7639
vn -0.5567 -0.3236 0.7651
vn -0.5545 -0.3265 0.7655
vn -0.5601 -0.3245 0.7623
vn -0.5567 -0.3274 0.7634
vn -0.4591 -0.2230 0.8599
vn 0.1298 -0.7165 0.6854
vn -0.5007 -0.8655 0.0160
vn -0.3965 -0.8772 0.2707
vn -0.3944 -0.9171 0.0572
vn -0.8897 -0.4271 0.1614
vn -0.1682 0.4181 0.8927
vn 0.1171 -0.0676 0.9908
vn 0.1091 -0.5972 -0.7947
vn 0.3178 -0.7116 -0.6266
vn 0.3178 -0.7151 -0.6226
vn 0.3176 -0.7130 -0.6251
vn 0.3188 -0.7129 -0.6246
vn 0.3185 -0.7135 -0.6242
vn 0.3184 -0.7132 -0.6244
vn 0.3185 -0.7132 -0.6245
vn 0.3188 -0.7131 -0.6243
vn 0.3176 -0.7139 -0.6241
vn 0.3191 -0.7137 -0.6235
vn 0.3179 -0.7135 -0.6243
vn 0.3183 -0.7129 -0.6249
vn 0.3195 -0.7130 -0.6241
vn 0.3190 -0.7140 -0.6232
vn 0.3183 -0.7144 -0.6232
vn 0.3142 -0.7124 -0.6275
vn 0.3172 -0.7127 -0.6257
vn 0.3177 -0.7132 -0.6248
vn 0.3192 -0.7133 -0.6240
vn 0.3174 -0.7140 -0.6241
vn 0.3195 -0.7125 -0.6247
vn 0.3181 -0.7137 -0.6240
vn 0.3187 -0.7125 -0.6251
vn 0.1866 -0.4509 -0.8728
vn -0.3567 -0.3155 -0.8793
vn -0.4174 -0.5116 -0.7511
vn -0.4231 -0.5153 -0.7453
vn -0.3754 -0.8033 -0.4624
vn -0.2207 -0.8799 -0.4209
vn -0.2017 -0.8794 -0.4313
vn -0.2329 -0.8754 -0.4236
vn -0.2035 -0.8802 -0.4287
vn -0.2075 -0.8813 -0.4245
vn -0.2057 -0.8844 -0.4190
vn -0.2064 -0.8827 -0.4221
vn -0.2065 -0.8827 -0.4220
vn -0.2034 -0.8841 -0.4208
vn -0.2771 -0.8134 -0.5115
vn -0.3313 -0.6873 -0.6464
vn -0.3294 -0.6849 -0.6500
vn -0.2024 -0.5565 -0.8058
vn -0.1131 -0.4771 -0.8716
vn -0.3094 -0.2931 0.9047
vn -0.4867 -0.5072 0.7112
vn -0.4768 -0.7481 0.4614
vn -0.4913 -0.7471 0.4478
vn -0.0946 -0.8420 0.5312
vn -0.0689 0.9843 -0.1627
vn -0.0736 0.9842 -0.1610
vn -0.0712 0.9824 -0.1727
vn -0.0616 0.9838 -0.1685
vn -0.0768 0.9800 -0.1837
vn -0.0803 -0.6557 -0.7507
vn -0.1053 -0.5468 -0.8306
vn -0.2093 -0.2147 -0.9540
vn -0.5009 -0.2625 -0.8248
vn -0.4950 -0.2576 -0.8298
vn -0.5027 -0.2621 -0.8238
vn -0.5007 -0.2610 -0.8253
vn -0.4988 -0.2609 -0.8265
vn -0.5003 -0.2605 -0.8257
vn -0.5002 -0.2596 -0.8261
vn -0.5011 -0.2600 -0.8254
vn -0.5007 -0.2598 -0.8257
vn -0.5012 -0.2602 -0.8253
vn -0.2099 0.9210 -0.3282
vn -0.7457 0.6568 -0.1124
vn -0.7509 0.6550 -0.0844
vn -0.7377 0.6648 -0.1179
vn -0.3045 0.2240 0.9258
vn -0.0778 -0.9802 0.1822
vn -0.5130 -0.3761 -0.7717
vn -0.5142 -0.3673 -0.7750
vn -0.5118 -0.3706 -0.7750
vn -0.4567 0.6800 -0.5736
vn -0.7301 0.6784 -0.0822
vn -0.8157 0.5448 0.1943
vn -0.9499 0.3121 0.0153
vn -0.7217 -0.3440 -0.6008
vn -0.7158 -0.4549 -0.5297
vn -0.8085 -0.5707 -0.1435
vn -0.5190 -0.2034 -0.8302
vn -0.5234 -0.1996 -0.8284
vn -0.5219 -0.1982 -0.8297
vn -0.5213 -0.1989 -0.8298
vn -0.5200 -0.1993 -0.8306
vn -0.5198 -0.1980 -0.8311
vn -0.5228 -0.1995 -0.8288
vn -0.5200 -0.1967 -0.8312
vn -0.5246 -0.1989 -0.8278
vn -0.5263 -0.1941 -0.8279
vn -0.1945 -0.3948 -0.8980
vn -0.0881 -0.6555 -0.7501
vn -0.0762 -0.6556 -0.7512
vn -0.0790 -0.6547 -0.7517
vn -0.0792 -0.6574 -0.7494
vn -0.0796 -0.6567 -0.7499
vn -0.0812 -0.6556 -0.7507
vn -0.0803 -0.6560 -0.7505
vn 0.9375 -0.3421 -0.0633
vn -0.4906 -0.6833 -0.5408
vn -0.7837 -0.3196 0.5326
vn -0.2290 0.1186 -0.9662
vn 0.0065 -0.0190 -0.9998
vn 0.2349 -0.1729 -0.9565
vn 0.0817 -0.5478 -0.8326
vn -0.5595 0.5501 0.6199
vn -0.3496 0.5092 0.7864
vn -0.4504 -0.1559 0.8791
vn 0.1178 -0.0760 0.9901
vn 0.0280 0.1156 0.9929
vn 0.4152 -0.2086 0.8855
vn 0.4152 -0.2091 0.8854
vn 0.4155 -0.2093 0.8852
vn 0.4151 -0.2091 0.8854
vn 0.4147 -0.2127 0.8847
vn 0.3065 0.8467 0.4349
vn -0.6998 0.7141 -0.0163
vn -0.9476 0.1080 0.3007
vn 0.7170 -0.6358 -0.2857
vn 0.8462 -0.5038 0.1737
vn 0.8907 -0.4445 -0.0951
vn -0.1620 0.2117 0.9638
vn -0.1519 0.2207 0.9634
vn -0.1714 0.2297 0.9581
vn -0.1656 0.2189 0.9616
vn -0.1558 0.2160 0.9639
vn -0.1601 0.2122 0.9640
vn -0.1599 0.2107 0.9644
vn -0.1592 0.2114 0.9643
vn -0.1585 0.2134 0.9640
vn -0.1584 0.2086 0.9651
vn -0.1711 0.2167 0.9611
vn -0.1589 0.2070 0.9653
vn -0.1577 0.2127 0.9643
vn -0.1589 0.2109 0.9645
vn -0.1610 0.2112 0.9641
vn -0.1660 0.2144 0.9625
vn -0.1728 0.2114 0.9620
vn -0.1600 0.2126 0.9640
vn -0.1603 0.2148 0.9634
vn -0.1578 0.2145 0.9639
vn -0.9360 0.3521 0.0015
vn -0.9503 0.1626 0.2656
vn -0.9509 0.1381 0.2771
vn -0.9381 0.1915 0.2888
vn -0.9335 0.1287 0.3347
vn -0.9391 0.1793 0.2931
vn 0.2111 -0.5016 -0.8390
vn 0.2096 -0.5491 -0.8090
vn 0.1960 -0.6080 -0.7694
vn 0.1971 -0.6082 -0.7689
vn 0.1971 -0.6078 -0.7692
vn 0.1965 -0.6081 -0.7692
vn 0.1969 -0.6082 -0.7690
vn 0.1963 -0.6087 -0.7687
vn 0.1986 -0.6085 -0.7683
vn 0.4466 0.2791 -0.8501
vn 0.6246 0.4113 -0.6639
vn 0.4725 0.6487 -0.5966
vn 0.4711 0.6531 -0.5929
vn 0.4726 0.6506 -0.5945
vn 0.4774 0.4922 0.7279
vn -0.9507 0.1354 -0.2789
vn -0.9500 0.1173 -0.2892
vn -0.9464 0.0871 -0.3110
vn -0.9554 0.0869 -0.2824
vn -0.9466 0.0806 -0.3121
vn -0.3871 -0.6572 -0.6468
vn 0.4066 -0.6223 -0.6689
vn 0.4422 -0.6180 -0.6501
vn 0.1398 -0.6391 -0.7563
vn -0.0240 0.7108 -0.7030
vn -0.0184 0.7104 -0.7036
vn -0.0271 0.7094 -0.7043
vn -0.0200 0.7088 -0.7052
vn -0.1530 0.3617 -0.9196
vn -0.1128 0.1304 -0.9850
vn -0.6808 -0.4413 0.5846
vn -0.9285 0.2320 0.2898
vn -0.9640 -0.1548 0.2161
vn 0.0032 -0.9348 0.3553
vn -0.5587 0.1274 0.8196
vn -0.3035 0.0810 0.9494
vn 0.3661 0.8947 0.2559
vn -0.0655 0.9972 0.0373
vn 0.6075 0.6314 -0.4819
vn 0.5727 0.7009 -0.4251
vn 0.0984 -0.9891 -0.1092
vn 0.1141 -0.9860 -0.1216
vn 0.1479 -0.9634 -0.2234
vn 0.4512 -0.6792 -0.5789
vn 0.6579 -0.4480 -0.6054
vn 0.7448 -0.4959 -0.4466
vn 0.5243 -0.6062 0.5980
vn -0.8028 0.5897 -0.0880
vn -0.7991 0.5942 -0.0921
vn -0.7992 0.5940 -0.0921
vn -0.6095 0.7624 -0.2174
vn -0.5541 0.5582 -0.6176
vn -0.8252 0.2958 -0.4811
vn -0.9099 0.0989 -0.4028
vn -0.9794 -0.0050 -0.2017
vn 0.4333 0.0959 -0.8961
vn 0.3588 0.1032 -0.9277
vn 0.3783 0.0991 -0.9204
vn 0.3649 0.1125 -0.9242
vn 0.3712 0.1003 -0.9231
vn 0.3815 0.1141 -0.9173
vn 0.3725 0.1056 -0.9220
vn 0.8853 -0.3722 0.2786
vn 0.8485 -0.3942 0.3531
vn 0.8043 -0.5213 0.2853
vn -0.2707 -0.9103 -0.3131
vn -0.2698 -0.9108 -0.3125
vn -0.2691 -0.9104 -0.3142
vn -0.2726 -0.9089 -0.3155
vn -0.2680 -0.9103 -0.3155
vn -0.2682 -0.9097 -0.3170
vn -0.2713 -0.9102 -0.3130
vn -0.2716 -0.9099 -0.3134
vn -0.2716 -0.9102 -0.3128
vn -0.3414 -0.9248 -0.1681
vn -0.3760 -0.9256 -0.0432
vn -0.3766 -0.9254 -0.0423
vn -0.3746 -0.9260 -0.0461
vn -0.3786 -0.9246 -0.0418
vn -0.3757 -0.9257 -0.0442
vn -0.3766 -0.9253 -0.0442
vn -0.3767 -0.9253 -0.0431
vn -0.3767 -0.9253 -0.0447
vn -0.3763 -0.9254 -0.0456
vn -0.3760 -0.9256 -0.0435
vn -0.3464 -0.9216 -0.1751
vn -0.1700 -0.8422 -0.5117
vn -0.0056 -0.7050 -0.7092
vn 0.7591 0.0233 -0.6505
vn 0.5035 0.0572 -0.8621
vn 0.4022 0.1470 -0.9037
vn 0.3838 0.1166 -0.9160
vn 0.3961 0.1127 -0.9113
vn 0.3650 0.1673 -0.9159
vn 0.3733 0.1751 -0.9110
vn 0.3720 0.0603 -0.9263
vn 0.3501 0.0946 -0.9319
vn 0.3270 0.1144 -0.9381
vn 0.4340 0.1133 -0.8938
vn 0.4153 0.1444 -0.8981
vn 0.4136 0.1457 -0.8987
vn -0.5629 -0.2640 0.7833
vn -0.3455 -0.8047 0.4828
vn 0.2271 -0.8494 -0.4763
vn 0.2221 -0.8535 -0.4714
vn 0.2457 -0.8375 -0.4881
vn 0.2235 -0.8499 -0.4773
vn 0.2249 -0.8495 -0.4772
vn 0.2246 -0.8473 -0.4812
vn 0.3729 0.4186 -0.8281
vn -0.4525 0.6004 0.6593
vn -0.8833 0.3305 -0.3326
vn 0.4042 0.6817 0.6099
vn 0.3516 0.2855 0.8916
vn 0.2096 0.1900 0.9591
vn -0.9408 0.1158 0.3186
vn -0.7878 0.4726 0.3949
vn -0.4489 0.0169 0.8934
vn 0.3370 -0.1680 0.9264
vn 0.2414 0.4260 0.8719
vn -0.5073 0.1532 0.8480
vn 0.1452 -0.9792 0.1415
vn 0.4843 -0.8272 0.2850
vn 0.4295 -0.9028 0.0235
vn -0.4257 -0.7499 -0.5064
vn -0.3813 -0.6824 -0.6236
vn -0.2177 -0.5640 -0.7965
vn -0.2148 -0.5672 -0.7951
vn -0.2078 -0.5633 -0.7997
vn -0.3222 -0.5544 -0.7674
vn -0.1565 -0.9208 -0.3574
vn -0.1532 -0.9227 -0.3537
vn -0.2107 -0.4757 0.8540
vn -0.5523 -0.8148 -0.1760
vn -0.4857 -0.8617 -0.1466
vn -0.8628 -0.1474 -0.4836
vn -0.7868 -0.3876 -0.4803
vn -0.4719 -0.8058 -0.3576
vn 0.2254 -0.6724 0.7051
vn 0.2238 -0.6728 0.7051
vn 0.2205 -0.6723 0.7067
vn 0.1029 0.2829 0.9536
vn 0.5837 -0.3566 -0.7295
vn 0.6537 0.1558 -0.7406
vn 0.7346 0.3280 -0.5940
vn 0.7317 0.3343 -0.5940
vn 0.9082 0.3657 -0.2036
vn 0.9594 -0.2148 -0.1828
vn 0.6461 -0.7463 -0.1601
vn 0.5991 -0.6013 -0.5286
vn 0.5989 -0.6030 -0.5270
vn 0.9691 -0.0405 0.2435
vn 0.9732 -0.0399 0.2266
vn 0.9602 -0.0105 0.2791
vn 0.9645 -0.0284 0.2627
vn 0.9699 -0.0214 0.2426
vn 0.3839 -0.7054 -0.5958
vn 0.1705 -0.8981 -0.4053
vn -0.4157 -0.9073 0.0634
vn -0.4120 -0.9082 0.0737
vn -0.1046 -0.9944 0.0137
vn 0.4011 -0.8367 -0.3728
vn -0.7052 -0.7076 -0.0432
vn -0.9537 -0.2804 -0.1093
vn -0.9533 -0.2815 -0.1094
vn -0.1637 0.0521 -0.9851
vn -0.6046 -0.5501 -0.5761
vn -0.6752 -0.7147 -0.1824
vn -0.8865 -0.1112 0.4491
vn -0.7829 -0.0387 0.6210
vn -0.5800 -0.7800 -0.2350
vn -0.5529 0.3645 -0.7493
vn 0.6602 0.5935 0.4604
vn 0.5402 0.6239 0.5648
vn 0.2593 0.6917 0.6741
vn 0.5681 0.6172 0.5443
vn 0.6883 0.5832 0.4314
vn 0.6347 0.5740 0.5174
vn 0.6779 0.5948 0.4321
vn 0.6467 0.5888 0.4850
vn 0.6235 0.6333 0.4584
vn 0.6404 0.5900 0.4917
vn 0.6647 0.6154 0.4236
vn 0.6451 0.6033 0.4689
vn 0.6457 0.6037 0.4675
vn 0.6416 0.5982 0.4801
vn 0.6670 0.6094 0.4286
vn 0.6536 0.5984 0.4633
vn 0.6636 0.5961 0.4519
vn 0.6645 0.5803 0.4708
vn 0.3406 0.9392 0.0431
vn 0.4918 0.0533 0.8691
vn 0.1374 0.4524 0.8811
vn -0.1118 0.9731 0.2017
vn 0.2159 0.0871 -0.9725
vn -0.1460 0.1325 -0.9804
vn -0.4255 0.1360 -0.8947
vn -0.4206 0.1344 -0.8972
vn -0.5977 0.1189 -0.7929
vn -0.2102 0.8657 -0.4543
vn 0.2112 0.7804 -0.5885
vn -0.3650 0.9114 -0.1899
vn -0.3659 0.9116 -0.1874
vn -0.3658 0.9116 -0.1876
vn -0.3679 0.9100 -0.1910
vn -0.3698 0.9100 -0.1877
vn -0.3640 0.9118 -0.1899
vn -0.3646 0.9130 -0.1830
vn -0.3635 0.9110 -0.1947
vn -0.3698 0.9104 -0.1853
vn -0.3714 0.9107 -0.1808
vn -0.3607 0.9126 -0.1922
vn -0.3582 0.9149 -0.1864
vn -0.3432 0.9383 -0.0436
vn -0.2754 0.9547 0.1129
vn -0.2753 0.9543 0.1161
vn -0.2738 0.9547 0.1165
vn -0.2799 0.9534 0.1128
vn -0.2712 0.9556 0.1150
vn -0.2771 0.9547 0.1080
vn -0.2734 0.9556 0.1102
vn -0.0476 0.2247 -0.9733
vn -0.9609 -0.0463 0.2729
vn -0.9520 -0.0469 0.3026
vn -0.9541 -0.0379 0.2972
vn -0.9554 -0.0349 0.2934
vn -0.9439 -0.0510 0.3262
vn -0.9473 -0.0656 0.3135
vn -0.9606 -0.0408 0.2748
vn -0.9608 -0.0167 0.2769
vn -0.9613 -0.0234 0.2745
vn -0.9487 -0.0087 0.3159
vn -0.9649 -0.0229 0.2618
vn -0.9601 0.0076 0.2797
vn -0.9475 -0.0545 0.3150
vn -0.9540 -0.0123 0.2995
vn -0.9696 -0.0582 0.2376
vn -0.9473 -0.0042 0.3203
vn -0.9538 -0.0616 0.2941
vn -0.9224 0.0580 -0.3818
vn 0.7547 -0.4855 0.4413
vn 0.7541 -0.4860 0.4418
vn 0.7545 -0.4859 0.4412
vn 0.7544 -0.4856 0.4415
vn 0.7546 -0.4854 0.4415
vn 0.7544 -0.4855 0.4417
vn 0.7544 -0.4857 0.4415
vn 0.7545 -0.4854 0.4418
vn 0.7550 -0.4845 0.4419
vn 0.7554 -0.4815 0.4444
vn 0.7535 -0.4873 0.4414
vn 0.7535 -0.4867 0.4420
vn 0.7547 -0.4848 0.4420
vn 0.7545 -0.4860 0.4410
vn 0.7554 -0.4848 0.4408
vn 0.7552 -0.4851 0.4408
vn 0.8412 -0.4175 0.3435
vn 0.0564 -0.9302 -0.3627
vn -0.1051 -0.9595 0.2615
vn -0.1582 -0.6167 0.7711
vn 0.1987 -0.1420 0.9697
vn 0.4029 -0.4609 0.7907
vn 0.4059 -0.4306 0.8061
vn 0.4033 -0.4218 0.8120
vn 0.4029 -0.4214 0.8124
vn 0.4031 -0.4217 0.8122
vn 0.4036 -0.4201 0.8128
vn 0.4035 -0.4221 0.8118
vn 0.4022 -0.4223 0.8124
vn 0.4032 -0.4225 0.8118
vn 0.4037 -0.4206 0.8124
vn 0.4033 -0.4221 0.8119
vn 0.4036 -0.4208 0.8124
vn 0.4031 -0.4210 0.8126
vn 0.4064 -0.4181 0.8124
vn 0.4028 -0.4286 0.8087
vn 0.3077 -0.5696 0.7622
vn 0.3143 -0.7374 0.5979
vn 0.6432 -0.7193 -0.2625
vn 0.6961 -0.6446 -0.3162
vn 0.7265 -0.3876 -0.5675
vn 0.9271 -0.2039 0.3145
vn 0.6309 0.0949 0.7700
vn 0.9658 0.0493 0.2547
vn 0.9707 0.0370 0.2374
vn 0.6699 0.6213 -0.4065
vn 0.9624 0.1212 0.2429
vn 0.9536 0.0690 0.2929
vn 0.3454 -0.7317 0.5877
vn 0.7348 -0.1583 0.6595
vn 0.5990 -0.2762 -0.7516
vn 0.6059 -0.2718 -0.7477
vn 0.6021 -0.2750 -0.7496
vn 0.5999 -0.2763 -0.7508
vn 0.6020 -0.2759 -0.7493
vn 0.6021 -0.2755 -0.7494
vn 0.3971 -0.3375 -0.8535
vn 0.1948 -0.2145 -0.9571
vn 0.5611 -0.3312 -0.7586
vn 0.5621 -0.3324 -0.7573
vn 0.5630 -0.3363 -0.7550
vn 0.5623 -0.3364 -0.7554
vn 0.5562 -0.3433 -0.7568
vn 0.5614 -0.3426 -0.7533
vn 0.5619 -0.3385 -0.7547
vn 0.5637 -0.3381 -0.7536
vn 0.5604 -0.3367 -0.7567
vn 0.5641 -0.3356 -0.7544
vn 0.5603 -0.3365 -0.7569
vn 0.5613 -0.3363 -0.7562
vn 0.5618 -0.3382 -0.7550
vn 0.5622 -0.3376 -0.7549
vn 0.5622 -0.3376 -0.7550
vn 0.5624 -0.3377 -0.7548
vn 0.5618 -0.3355 -0.7562
vn 0.5639 -0.3383 -0.7533
vn 0.4851 0.2332 0.8428
vn 0.3920 0.1903 0.9000
vn 0.3918 0.1892 0.9004
vn 0.3925 0.1893 0.9001
vn 0.3911 0.1896 0.9006
vn 0.3900 0.1879 0.9014
vn 0.3923 0.1889 0.9003
vn 0.3923 0.1890 0.9002
vn 0.3920 0.1904 0.9000
vn 0.3949 0.1891 0.8991
vn 0.3214 0.9468 0.0179
vn 0.5486 0.6860 -0.4779
vn 0.5413 0.6866 -0.4853
vn -0.4557 0.1793 0.8719
vn 0.1918 0.2433 0.9508
vn -0.1819 0.0781 -0.9802
vn 0.5231 0.8160 -0.2461
vn 0.5288 0.8117 -0.2479
vn 0.5266 0.8133 -0.2476
vn 0.3927 0.7856 -0.4782
vn -0.8249 -0.4600 0.3287
vn -0.8353 -0.3053 0.4573
vn -0.0349 0.7047 0.7086
vn -0.7654 -0.3857 -0.5151
vn 0.8409 0.2147 0.4968
vn 0.7787 0.3371 0.5291
vn 0.7788 0.3382 0.5282
vn 0.7783 0.3399 0.5280
vn 0.7820 0.3404 0.5221
vn 0.4449 0.6325 0.6341
vn 0.4057 0.2599 0.8763
vn 0.4064 0.2588 0.8763
vn 0.4064 0.2580 0.8765
vn 0.4050 0.2595 0.8767
vn 0.4055 0.2597 0.8764
vn 0.4064 0.2599 0.8760
vn 0.4035 0.2586 0.8777
vn 0.4044 0.2590 0.8772
vn 0.4058 0.2589 0.8765
vn 0.4045 0.2591 0.8771
vn 0.4053 0.2584 0.8769
vn 0.4047 0.2586 0.8771
vn 0.4067 0.2582 0.8763
vn 0.4060 0.2593 0.8763
vn 0.4069 0.2570 0.8765
vn 0.4032 0.2603 0.8773
vn 0.3990 0.1059 0.9108
vn 0.5594 -0.2409 0.7931
vn 0.5554 -0.2409 0.7959
vn 0.5600 -0.2439 0.7918
vn 0.5577 -0.2427 0.7938
vn 0.5573 -0.2416 0.7944
vn 0.5578 -0.2420 0.7939
vn 0.5578 -0.2424 0.7938
vn 0.5581 -0.2418 0.7937
vn 0.5585 -0.2404 0.7939
vn 0.7147 -0.5332 0.4526
vn 0.8872 -0.0794 0.4544
vn 0.5252 -0.2660 0.8084
vn 0.6093 -0.3583 0.7074
vn 0.2703 -0.2852 0.9196
vn 0.2437 -0.2772 0.9294
vn 0.2442 -0.2782 0.9290
vn 0.2443 -0.2784 0.9289
vn 0.2443 -0.2794 0.9286
vn 0.2475 -0.2814 0.9271
vn 0.2511 -0.2775 0.9273
vn 0.8570 0.3770 -0.3513
vn 0.8500 0.3723 -0.3727
vn 0.0851 0.6180 -0.7816
vn 0.0835 0.6184 -0.7814
vn 0.0859 0.6172 -0.7821
vn 0.0840 0.6188 -0.7810
vn 0.0841 0.6191 -0.7808
vn 0.0839 0.6190 -0.7809
vn 0.0855 0.6193 -0.7805
vn 0.0849 0.6192 -0.7806
vn 0.0864 0.6188 -0.7808
vn 0.0863 0.6169 -0.7823
vn 0.1104 0.6082 -0.7861
vn -0.5280 0.3626 -0.7680
vn -0.4966 0.3899 -0.7755
vn -0.4964 0.3876 -0.7767
vn -0.4990 0.3889 -0.7745
vn -0.4992 0.3858 -0.7759
vn -0.4961 0.3926 -0.7744
vn -0.4918 0.3853 -0.7808
vn -0.5467 0.4737 -0.6905
vn -0.5560 0.5858 -0.5897
vn -0.5571 0.5848 -0.5896
vn -0.5571 0.5851 -0.5894
vn -0.5576 0.5841 -0.5899
vn -0.5579 0.5837 -0.5899
vn -0.5566 0.5847 -0.5902
vn -0.5592 0.5825 -0.5899
vn -0.5561 0.5832 -0.5921
vn -0.5614 0.5847 -0.5857
vn -0.5600 0.5838 -0.5879
vn -0.5588 0.5850 -0.5878
vn -0.5667 0.5791 -0.5861
vn -0.5415 0.6065 -0.5821
vn -0.5550 0.5796 -0.5967
vn -0.5600 0.5787 -0.5929
vn -0.5535 0.5859 -0.5919
vn -0.5508 0.5830 -0.5973
vn -0.5588 0.5874 -0.5854
vn -0.5501 0.5849 -0.5960
vn -0.5588 0.5866 -0.5862
vn -0.5572 0.5761 -0.5981
vn -0.5622 0.5763 -0.5932
vn -0.5518 0.5911 -0.5883
vn -0.5581 0.5853 -0.5881
vn -0.5591 0.5850 -0.5876
vn -0.5604 0.5827 -0.5886
vn -0.5565 0.4555 -0.6949
vn -0.4397 0.3893 -0.8094
vn -0.4398 0.3893 -0.8093
vn -0.4390 0.3895 -0.8097
vn -0.1988 0.3557 -0.9132
vn 0.0842 0.6181 -0.7816
vn -0.8043 0.5494 -0.2267
vn -0.0423 0.8633 0.5030
vn -0.3047 0.9420 -0.1406
vn 0.2343 -0.6670 -0.7073
vn 0.1457 -0.9889 0.0294
vn -0.1378 -0.9905 0.0039
vn -0.1507 -0.8037 -0.5757
vn -0.0117 -0.7937 -0.6081
vn -0.7652 0.2278 -0.6022
vn -0.6691 0.7252 -0.1624
vn -0.3283 0.9406 0.0867
vn -0.2876 0.9466 0.1458
vn -0.3253 0.9385 0.1160
vn -0.2974 0.9456 0.1316
vn -0.2926 0.9467 0.1350
vn -0.0757 0.7915 0.6065
vn -0.8513 0.4208 -0.3135
vn -0.8581 0.5008 -0.1133
vn -0.9744 0.0651 -0.2152
vn -0.4513 -0.0678 0.8898
vn -0.9207 -0.3897 -0.0215
vn -0.9810 -0.1867 0.0523
vn -0.6411 0.0396 -0.7664
vn -0.4927 -0.3177 -0.8101
vn -0.4873 -0.3243 -0.8108
vn -0.4867 -0.3276 -0.8098
vn -0.4889 -0.3284 -0.8082
vn -0.4881 -0.3287 -0.8085
vn -0.4883 -0.3288 -0.8084
vn -0.4881 -0.3284 -0.8086
vn -0.4878 -0.3292 -0.8085
vn -0.4889 -0.3290 -0.8079
vn -0.4880 -0.3271 -0.8092
vn -0.4900 -0.3268 -0.8081
vn -0.4860 -0.3299 -0.8093
vn -0.4848 -0.3301 -0.8100
vn -0.7960 0.2012 -0.5709
vn -0.7963 0.2024 -0.5701
vn -0.7958 0.2023 -0.5708
vn -0.7969 0.2036 -0.5687
vn -0.7972 0.2008 -0.5693
vn -0.7961 0.2014 -0.5707
vn -0.7959 0.2008 -0.5712
vn -0.7959 0.2025 -0.5706
vn -0.7957 0.2012 -0.5713
vn -0.7957 0.2037 -0.5704
vn -0.7962 0.2009 -0.5707
vn -0.7964 0.2018 -0.5701
vn -0.7967 0.2016 -0.5698
vn -0.4879 -0.3270 -0.8093
vn -0.4885 -0.3279 -0.8086
vn -0.0432 -0.1495 -0.9878
vn -0.1704 0.1368 -0.9758
vn -0.1690 0.1360 -0.9762
vn -0.1693 0.1354 -0.9762
vn -0.1684 0.1343 -0.9765
vn -0.1697 0.1369 -0.9759
vn -0.1677 0.1333 -0.9768
vn -0.1719 0.1355 -0.9758
vn -0.1720 0.1327 -0.9761
vn -0.1735 0.1344 -0.9756
vn -0.1655 0.1318 -0.9774
vn -0.1658 0.1413 -0.9760
vn -0.1732 0.1375 -0.9752
vn -0.1617 0.1359 -0.9774
vn -0.1658 0.1286 -0.9777
vn -0.1584 0.1363 -0.9779
vn -0.4115 0.4289 -0.8042
vn -0.4669 0.4408 -0.7666
vn -0.7673 0.2281 -0.5993
vn -0.7661 0.2299 -0.6002
vn 0.0979 -0.8686 0.4857
vn 0.8069 0.3197 0.4966
vn 0.5507 -0.6293 -0.5483
vn 0.8411 -0.2901 -0.4565
vn 0.6487 -0.3650 -0.6678
vn -0.6258 0.6147 0.4801
vn -0.7002 0.6027 0.3827
vn -0.6935 -0.7161 -0.0790
vn -0.7145 -0.6906 -0.1118
vn 0.7593 0.3693 0.5359
vn -0.6513 0.6325 0.4192
vn -0.7256 0.4297 0.5375
vn -0.7266 0.4269 0.5383
vn -0.7212 0.4322 0.5414
vn -0.7247 0.4288 0.5394
vn -0.7239 0.4340 0.5363
vn -0.7211 0.4300 0.5432
vn -0.7222 0.4351 0.5377
vn -0.7219 0.4304 0.5418
vn -0.7287 0.4256 0.5364
vn -0.7248 0.4340 0.5350
vn -0.7276 0.4248 0.5386
vn -0.7361 0.4221 0.5292
vn -0.7316 0.4271 0.5313
vn -0.7216 0.4375 0.5366
vn -0.7257 0.4246 0.5414
vn -0.7099 0.4384 0.5512
vn -0.7306 0.4278 0.5321
vn -0.7250 0.4278 0.5398
vn -0.7260 0.4283 0.5380
vn -0.7240 0.4302 0.5392
vn -0.7248 0.4298 0.5384
vn -0.7249 0.4297 0.5384
vn -0.7250 0.4302 0.5379
vn -0.7243 0.4294 0.5394
vn -0.7252 0.4303 0.5375
vn -0.4678 -0.8672 -0.1706
vn -0.5149 -0.8430 -0.1557
vn -0.2383 -0.9212 0.3074
vn -0.6253 0.6184 -0.4761
vn -0.6589 0.5782 -0.4811
vn -0.6125 0.6118 -0.5005
vn -0.1978 0.8330 -0.5168
vn 0.2662 0.8692 0.4168
vn 0.2240 0.8704 0.4384
vn 0.2371 0.8866 0.3972
vn 0.1867 0.8827 0.4312
vn -0.0920 0.9840 0.1528
vn -0.8069 -0.2193 0.5485
vn -0.8010 -0.2217 0.5562
vn -0.8017 -0.2265 0.5532
vn -0.0292 0.8549 0.5180
vn 0.2581 0.8694 0.4213
vn 0.2501 0.8826 0.3981
vn 0.2382 0.8645 0.4425
vn 0.1269 0.8838 0.4503
vn -0.3818 0.8945 0.2326
vn -0.9083 0.3724 0.1904
vn 0.5682 0.7816 0.2575
vn 0.2449 0.8991 0.3629
vn 0.2667 0.8731 0.4082
vn 0.2336 0.8659 0.4424
vn 0.2169 0.8798 0.4230
vn 0.2236 0.8975 0.3802
vn 0.2250 0.9016 0.3695
vn 0.1749 0.9114 0.3724
vn 0.1602 0.9367 0.3113
vn -0.6406 0.5847 -0.4978
vn -0.8884 0.3844 0.2510
vn -0.1717 -0.5782 -0.7976
vn -0.2610 -0.8058 -0.5316
vn -0.6640 -0.6005 -0.4456
vn -0.6659 -0.5988 -0.4450
vn -0.6645 -0.6001 -0.4453
vn -0.6653 -0.5992 -0.4453
vn -0.6649 -0.5996 -0.4454
vn -0.6649 -0.5994 -0.4457
vn -0.6652 -0.5991 -0.4456
vn -0.6649 -0.5997 -0.4452
vn -0.6616 -0.6031 -0.4456
vn -0.6636 -0.5998 -0.4471
vn -0.3742 0.8798 -0.2931
vn -0.1967 0.7755 -0.5998
vn -0.2393 0.7889 -0.5661
vn -0.2010 0.7613 -0.6165
vn -0.2213 0.7700 -0.5984
vn -0.6813 -0.0507 -0.7302
vn -0.6853 -0.0519 -0.7264
vn -0.7941 0.0451 -0.6061
vn -0.9252 -0.0949 -0.3674
vn -0.9263 -0.0900 -0.3658
vn -0.9365 0.1435 -0.3200
vn -0.7926 0.0560 -0.6072
vn -0.7891 0.0531 -0.6120
vn -0.7906 0.0595 -0.6095
vn -0.7866 0.0449 -0.6158
vn 0.1835 0.8847 -0.4285
vn 0.1827 0.8846 -0.4292
vn 0.1824 0.8845 -0.4294
vn 0.1829 0.8850 -0.4282
vn 0.1824 0.8843 -0.4299
vn 0.1815 0.8852 -0.4283
vn 0.1824 0.8845 -0.4295
vn 0.1823 0.8850 -0.4284
vn 0.1824 0.8848 -0.4287
vn 0.3233 0.5118 -0.7960
vn 0.1238 0.5347 -0.8359
vn 0.1225 0.5347 -0.8361
vn 0.1223 0.5359 -0.8354
vn 0.1240 0.5333 -0.8368
vn 0.1223 0.5346 -0.8362
vn 0.1215 0.5343 -0.8366
vn -0.3795 0.4114 -0.8287
vn -0.5255 0.6961 -0.4891
vn -0.5245 0.7902 -0.3171
vn -0.5242 0.7893 -0.3198
vn -0.5237 0.7901 -0.3185
vn -0.5219 0.7911 -0.3190
vn -0.5177 0.7938 -0.3193
vn -0.5284 0.7873 -0.3179
vn -0.2904 0.7273 -0.6219
vn -0.1372 0.6564 -0.7419
vn -0.1419 0.6545 -0.7427
vn -0.1412 0.6553 -0.7420
vn -0.1421 0.6554 -0.7418
vn -0.1428 0.6590 -0.7385
vn -0.1409 0.6551 -0.7423
vn -0.1478 0.6578 -0.7385
vn -0.3248 0.3961 -0.8589
vn -0.1170 0.5152 -0.8490
vn -0.4675 0.6395 -0.6103
vn -0.4717 0.6457 -0.6004
vn -0.4515 0.6604 -0.6000
vn -0.1671 0.7417 0.6496
vn -0.0426 0.9786 -0.2013
vn -0.0439 0.9774 -0.2067
vn -0.2816 0.9177 -0.2803
vn -0.4007 0.7136 0.5746
vn -0.3101 0.7244 0.6157
vn -0.3077 0.7282 0.6123
vn -0.2080 0.3869 0.8984
vn -0.2059 0.3848 0.8997
vn -0.2095 0.3841 0.8992
vn -0.2097 0.3848 0.8988
vn -0.2100 0.3845 0.8989
vn 0.1034 0.2605 0.9599
vn 0.0589 -0.2209 0.9735
vn -0.3226 -0.2253 0.9193
vn -0.3210 -0.2200 0.9212
vn 0.8160 -0.4905 0.3059
vn 0.7993 0.3519 0.4871
vn 0.7833 0.3518 0.5125
vn -0.2075 0.3823 0.9004
vn -0.2136 0.3884 0.8964
vn -0.2098 0.3850 0.8988
vn -0.2097 0.3853 0.8986
vn -0.2082 0.3853 0.8990
vn -0.2085 0.3830 0.8999
vn -0.2072 0.3838 0.8999
vn -0.2123 0.3826 0.8992
vn -0.2116 0.3820 0.8996
vn -0.3383 -0.2462 -0.9083
vn -0.5035 -0.3020 -0.8095
vn 0.0383 -0.9951 0.0908
vn -0.9516 -0.3066 -0.0211
vn -0.6839 -0.7287 -0.0375
vn 0.2883 -0.8431 0.4540
vn 0.2902 -0.8391 0.4601
vn 0.2941 -0.8378 0.4600
vn -0.6472 -0.5734 0.5024
vn -0.9295 -0.3350 -0.1544
vn 0.4880 -0.5365 -0.6885
vn 0.8031 -0.0929 -0.5886
vn 0.7723 0.1064 -0.6263
vn 0.7719 0.1071 -0.6267
vn 0.7698 0.1213 -0.6267
vn 0.7682 0.1039 -0.6318
vn 0.7712 0.1066 -0.6277
vn 0.7708 0.1069 -0.6280
vn 0.7703 0.1073 -0.6286
vn 0.7707 0.1077 -0.6281
vn 0.7699 0.1088 -0.6288
vn 0.8725 0.0519 -0.4858
vn 0.8530 -0.0796 -0.5159
vn 0.6674 0.2101 -0.7145
vn 0.6684 0.2091 -0.7138
vn 0.6684 0.2080 -0.7142
vn 0.6715 0.2065 -0.7117
vn 0.1856 0.3566 -0.9156
vn 0.3518 0.6962 -0.6257
vn 0.4768 0.7497 -0.4590
vn 0.4760 0.7493 -0.4604
vn 0.4775 0.7504 -0.4571
vn 0.4756 0.7505 -0.4589
vn 0.4763 0.7496 -0.4596
vn 0.4756 0.7501 -0.4595
vn 0.4759 0.7494 -0.4605
vn 0.4752 0.7507 -0.4590
vn -0.5837 0.8063 -0.0964
vn 0.6453 -0.7500 0.1453
vn 0.6341 -0.7622 0.1303
vn 0.6304 -0.7660 0.1256
vn 0.6322 -0.7653 0.1211
vn 0.6525 -0.7470 0.1274
vn 0.6719 -0.7253 0.1498
vn 0.6551 -0.7425 0.1395
vn 0.6657 -0.7307 0.1514
vn 0.6964 -0.7036 0.1414
vn 0.5942 -0.7897 0.1525
vn 0.6223 -0.7769 0.0957
vn 0.6582 -0.7472 0.0920
vn 0.6608 -0.7435 0.1030
vn 0.6442 -0.7564 0.1134
vn 0.6471 -0.7577 0.0845
vn 0.6258 -0.7799 0.0108
vn 0.6604 -0.7493 0.0489
vn 0.6571 -0.7281 0.1954
vn 0.6432 -0.7534 0.1367
vn 0.6331 -0.7645 0.1213
vn 0.6487 -0.7504 0.1270
vn 0.6445 -0.7531 0.1324
vn 0.6437 -0.7590 0.0980
vn 0.6621 -0.7390 0.1249
vn 0.6065 -0.7837 0.1342
vn 0.6723 -0.7257 0.1463
vn 0.6334 -0.7659 0.1107
vn 0.2125 -0.9202 -0.3288
vn 0.2431 0.7698 -0.5901
vn 0.4085 0.5874 -0.6986
vn -0.2482 0.6290 -0.7368
vn -0.3603 0.8773 -0.3170
vn -0.3623 0.8751 -0.3208
vn 0.6908 0.7048 0.1615
vn 0.6907 0.7049 0.1616
vn 0.6902 0.7056 0.1605
vn 0.4896 0.8453 0.2141
vn 0.4036 0.9145 -0.0273
vn 0.3989 0.9165 -0.0309
vn 0.4021 0.9151 -0.0298
vn 0.4022 0.9151 -0.0293
vn 0.4022 0.9151 -0.0297
vn 0.4025 0.9149 -0.0296
vn 0.5558 0.8028 0.2156
vn 0.8698 0.4900 0.0582
vn 0.8730 0.4847 0.0545
vn 0.8726 0.4860 0.0491
vn 0.8733 0.4851 0.0447
vn 0.7644 0.5860 0.2690
vn 0.6909 0.7049 0.1604
vn -0.2743 -0.9499 -0.1497
vn 0.1658 0.5137 0.8418
vn -0.0315 0.9955 -0.0893
vn -0.3812 0.9068 0.1797
vn -0.3689 0.9140 0.1690
vn -0.3694 0.9033 0.2183
vn -0.4849 0.8153 0.3164
vn 0.6479 0.1283 -0.7508
vn 0.6557 0.1277 -0.7441
vn -0.6139 0.3109 -0.7256
vn -0.8673 0.2511 -0.4297
vn -0.2738 0.7795 -0.5634
vn 0.6829 -0.6889 0.2428
vn 0.8472 -0.1086 0.5201
vn -0.9068 0.3326 -0.2590
vn -0.9094 0.3264 -0.2578
vn 0.0284 -0.9750 0.2203
vn -0.2157 -0.4711 0.8553
vn 0.1092 -0.4482 0.8872
vn 0.3674 -0.9178 0.1507
vn -0.4879 -0.5151 0.7047
vn 0.2915 -0.9426 0.1630
vn -0.1179 -0.9117 0.3937
vn -0.4245 -0.7913 0.4400
vn -0.6328 0.7739 -0.0244
vn 0.8635 -0.4148 -0.2868
vn 0.8154 -0.4144 -0.4042
vn 0.8217 -0.4060 -0.3999
vn 0.6943 -0.5931 -0.4076
vn 0.3990 -0.4607 -0.7928
vn 0.3323 -0.2836 -0.8995
vn 0.8191 0.1623 0.5502
vn 0.8649 0.1651 0.4740
vn 0.8864 0.1142 0.4486
vn 0.8533 0.1265 0.5058
vn 0.8660 0.1192 0.4856
vn 0.8692 0.0798 0.4879
vn 0.8709 0.1406 0.4710
vn 0.8663 0.1277 0.4829
vn 0.8739 0.1590 0.4593
vn 0.8588 0.1567 0.4878
vn 0.8795 0.1286 0.4582
vn -0.7622 -0.2424 0.6003
vn -0.7712 0.0686 0.6329
vn 0.8670 0.1478 0.4759
vn 0.8618 0.1334 0.4894
vn 0.8664 0.1377 0.4799
vn 0.8615 0.1550 0.4835
vn 0.9753 -0.1096 0.1918
vn 0.8802 -0.4415 0.1741
vn -0.1479 -0.9593 -0.2406
vn -0.1496 -0.9600 -0.2367
vn -0.1487 -0.9601 -0.2367
vn -0.1484 -0.9600 -0.2374
vn -0.1498 -0.9600 -0.2364
vn -0.1439 -0.9613 -0.2348
vn -0.1449 -0.9591 -0.2432
vn -0.1471 -0.9609 -0.2346
vn -0.1496 -0.9594 -0.2392
vn -0.1491 -0.9601 -0.2364
vn -0.1488 -0.9599 -0.2376
vn -0.1485 -0.9601 -0.2369
vn -0.1488 -0.9600 -0.2373
vn -0.1484 -0.9599 -0.2379
vn -0.1488 -0.9601 -0.2369
vn -0.1489 -0.9599 -0.2375
vn -0.1480 -0.9600 -0.2377
vn -0.1482 -0.9602 -0.2366
vn -0.1429 -0.9574 -0.2511
vn 0.2831 -0.6563 -0.6993
vn 0.1355 -0.8615 -0.4894
vn 0.1319 -0.8627 -0.4883
vn -0.4819 0.1760 0.8584
vn -0.2826 0.0013 0.9592
vn -0.2828 0.0011 0.9592
vn -0.2809 0.0032 0.9597
vn -0.2811 0.0030 0.9597
vn -0.2804 0.0026 0.9599
vn -0.2825 0.0036 0.9593
vn -0.4348 -0.0296 0.9000
vn 0.9673 0.2536 0.0005
vn 0.7536 0.2812 0.5942
vn -0.3054 -0.8882 0.3432
vn -0.4849 -0.8050 0.3420
vn -0.1121 -0.8380 0.5340
vn 0.5061 -0.6029 0.6167
vn 0.0068 -0.0100 0.9999
vn 0.2811 -0.2093 0.9366
vn -0.0705 0.6509 0.7559
vn -0.0661 0.6501 0.7570
vn -0.8009 -0.4094 0.4371
vn 0.4115 -0.6492 0.6397
vn -0.1190 0.3915 -0.9125
vn -0.7618 -0.6452 0.0588
vn -0.7614 -0.6456 0.0589
vn -0.7615 -0.6456 0.0577
vn -0.5696 0.3317 -0.7520
vn 0.2031 0.2021 0.9581
vn 0.1966 0.0632 0.9784
vn 0.1843 0.5007 0.8458
vn -0.4713 -0.6246 0.6227
vn -0.6882 -0.2388 0.6851
vn 0.5539 -0.4197 -0.7191
vn 0.1838 -0.0345 -0.9824
vn -0.2563 0.2212 -0.9410
vn -0.0569 0.5741 -0.8168
vn 0.7195 0.4566 -0.5232
vn 0.7944 0.0825 -0.6017
vn 0.7951 0.0818 -0.6010
vn 0.6930 0.4707 -0.5460
vn 0.7802 0.4891 -0.3899
vn 0.7813 0.4876 -0.3897
vn 0.7919 0.5848 -0.1759
vn 0.9607 0.2717 0.0562
vn 0.9608 0.2716 0.0559
vn 0.9607 0.2718 0.0564
vn 0.9607 0.2719 0.0565
vn 0.9609 0.2713 0.0562
vn 0.9608 0.2717 0.0558
vn 0.9596 0.2769 0.0506
vn 0.9604 0.2725 0.0590
vn 0.2160 -0.5692 -0.7933
vn -0.0729 -0.8280 -0.5560
vn -0.0093 -0.8387 -0.5445
vn -0.0312 -0.7741 -0.6323
vn -0.0024 -0.8335 -0.5525
vn -0.0206 -0.8080 -0.5888
vn -0.0074 -0.8057 -0.5922
vn -0.0001 -0.8066 -0.5911
vn -0.0456 -0.7986 -0.6002
vn -0.0353 -0.8133 -0.5808
vn -0.0380 -0.8017 -0.5965
vn -0.0414 -0.7952 -0.6049
vn -0.0062 -0.8192 -0.5735
vn -0.0716 -0.8291 -0.5545
vn 0.0877 -0.3521 -0.9318
vn 0.3119 0.7020 -0.6403
vn -0.1714 0.8533 -0.4925
vn 0.0696 0.5575 -0.8273
vn 0.3623 0.5958 -0.7167
vn 0.3530 0.5917 -0.7247
vn -0.9625 0.0687 -0.2624
vn -0.2453 0.1391 -0.9594
vn -0.3984 0.0295 -0.9168
vn -0.8173 -0.3634 -0.4472
vn 0.5617 0.5626 0.6066
vn 0.6668 0.3630 0.6508
vn 0.4842 0.5285 0.6973
vn 0.4869 0.5291 0.6950
vn 0.4892 0.5290 0.6934
vn 0.4849 0.5311 0.6948
vn 0.4861 0.5292 0.6955
vn 0.4824 0.5301 0.6974
vn 0.5709 -0.8014 0.1782
vn 0.5465 -0.8092 0.2155
vn 0.3267 -0.7237 0.6079
vn -0.3467 -0.4390 0.8289
vn 0.2488 0.3111 0.9172
vn 0.5554 0.2306 0.7990
vn 0.5558 0.2244 0.8004
vn 0.0218 -0.2070 0.9781
vn 0.0748 -0.1593 0.9844
vn 0.0821 -0.1783 0.9805
vn -0.1605 0.6225 0.7660
vn 0.5297 -0.7682 -0.3595
vn 0.5950 -0.7236 -0.3499
vn 0.9902 0.1095 -0.0866
vn 0.9200 -0.0785 0.3841
vn 0.7656 -0.4305 0.4779
vn 0.2175 -0.4134 -0.8842
vn -0.5367 -0.5668 -0.6251
vn -0.5389 -0.5668 -0.6231
vn 0.1354 -0.3037 0.9431
vn -0.5190 0.6419 -0.5644
vn -0.1878 0.8299 -0.5253
vn -0.1063 0.7273 -0.6780
vn -0.1047 0.7266 -0.6791
vn -0.1048 0.7280 -0.6776
vn -0.1037 0.7270 -0.6788
vn -0.7491 -0.1998 -0.6316
vn -0.6519 0.2371 -0.7203
vn -0.7417 -0.1870 -0.6441
vn -0.8236 -0.3149 -0.4717
vn -0.7260 0.4183 -0.5458
vn -0.5191 0.6435 -0.5625
vn -0.5215 0.6426 -0.5614
vn -0.5201 0.6423 -0.5630
vn -0.5195 0.6419 -0.5640
vn -0.5213 0.6432 -0.5609
vn -0.5218 0.6405 -0.5635
vn -0.5216 0.6429 -0.5609
vn 0.8068 0.4766 0.3492
vn 0.4379 0.5355 0.7222
vn 0.7513 -0.0239 0.6596
vn 0.7481 -0.0235 0.6632
vn 0.7508 -0.0258 0.6601
vn 0.7139 -0.4425 0.5427
vn 0.7064 -0.4698 0.5294
vn 0.5877 0.0867 -0.8044
vn 0.5873 0.0870 -0.8047
vn 0.5871 0.0866 -0.8049
vn 0.5883 0.0863 -0.8040
vn 0.5850 0.0858 -0.8065
vn 0.5854 0.0870 -0.8061
vn 0.5879 0.0871 -0.8042
vn 0.5872 0.0846 -0.8050
vn 0.5819 0.0854 -0.8087
vn 0.5860 0.0862 -0.8057
vn 0.4366 -0.1457 -0.8878
vn 0.3060 -0.4104 -0.8590
vn 0.3259 -0.4195 -0.8473
vn 0.3296 -0.4237 -0.8437
vn 0.1307 -0.5634 0.8158
vn 0.6578 -0.4726 0.5865
vn 0.7218 -0.4239 0.5471
vn 0.7055 -0.4264 0.5661
vn 0.8717 -0.1102 0.4776
vn -0.6382 -0.6758 0.3687
vn 0.1721 -0.6903 -0.7028
vn 0.9252 0.0368 0.3778
vn 0.8636 -0.3817 0.3294
vn 0.7467 -0.3557 0.5620
vn 0.6322 -0.5835 0.5098
vn 0.3642 -0.8967 0.2515
vn 0.3667 -0.8979 0.2435
vn 0.3671 -0.8980 0.2426
vn 0.3675 -0.8979 0.2421
vn 0.3681 -0.8980 0.2411
vn 0.3655 -0.8987 0.2426
vn 0.3653 -0.8988 0.2424
vn 0.3697 -0.8975 0.2406
vn 0.3695 -0.8972 0.2418
vn 0.3705 -0.8970 0.2410
vn 0.3655 -0.8972 0.2480
vn 0.3689 -0.8981 0.2394
vn 0.3666 -0.8975 0.2451
vn 0.3712 -0.8983 0.2353
vn 0.3628 -0.8990 0.2454
vn -0.0571 0.0325 -0.9978
vn 0.0126 0.1595 -0.9871
vn 0.9671 0.2491 -0.0521
vn 0.9668 0.2498 -0.0536
vn 0.9672 0.2488 -0.0507
vn 0.9671 0.2490 -0.0526
vn 0.1659 0.1521 -0.9743
vn -0.1137 0.0396 -0.9927
vn -0.2612 -0.9085 0.3262
vn -0.4565 -0.0459 0.8886
vn 0.2360 0.9714 -0.0262
vn 0.7326 0.4641 0.4979
vn 0.2701 0.5079 -0.8180
vn 0.2633 0.5160 -0.8151
vn 0.2685 0.5016 -0.8224
vn 0.6154 0.3892 -0.6855
vn 0.3785 0.5058 -0.7752
vn 0.5407 -0.3465 -0.7666
vn 0.5392 -0.3491 -0.7664
vn 0.5385 -0.3460 -0.7683
vn 0.5395 -0.3448 -0.7681
vn 0.5396 -0.3497 -0.7658
vn 0.5346 -0.3504 -0.7691
vn 0.1139 -0.3555 -0.9277
vn 0.1671 -0.1297 -0.9774
vn 0.1664 -0.1284 -0.9777
vn 0.1658 -0.1253 -0.9782
vn 0.1037 -0.1341 -0.9855
vn 0.5465 0.2781 -0.7900
vn -0.5784 -0.2835 -0.7649
vn -0.5614 -0.6813 -0.4697
vn -0.5232 -0.7456 -0.4128
vn 0.5374 -0.3404 -0.7715
vn -0.6250 0.6154 0.4803
vn -0.9142 0.1304 0.3837
vn -0.9279 -0.2874 -0.2377
vn -0.9290 -0.2865 -0.2341
vn -0.9962 0.0363 0.0798
vn -0.3373 0.4018 0.8514
vn -0.2865 0.3990 0.8710
vn -0.3609 0.4222 0.8315
vn 0.4206 0.7802 0.4629
vn 0.5314 0.8436 -0.0769
vn 0.4168 0.8956 -0.1557
vn 0.0344 -0.0802 -0.9962
vn 0.0077 -0.0557 -0.9984
vn 0.9737 0.1223 0.1925
vn 0.9734 0.1145 0.1986
vn 0.9745 0.1164 0.1920
vn 0.9728 0.1151 0.2008
vn 0.9743 0.1127 0.1952
vn 0.9742 0.1115 0.1962
vn 0.9746 0.1145 0.1926
vn -0.0127 -0.0323 -0.9994
vn 0.0651 -0.0517 -0.9965
vn 0.5682 -0.2612 -0.7804
vn 0.5612 -0.2676 -0.7832
vn 0.5675 -0.2558 -0.7826
vn 0.5649 -0.2696 -0.7799
vn 0.5643 -0.2639 -0.7823
vn 0.5635 -0.2701 -0.7807
vn 0.5668 -0.2633 -0.7806
vn 0.5664 -0.2673 -0.7796
vn 0.5718 -0.2583 -0.7787
vn 0.5631 -0.2628 -0.7834
vn 0.5689 -0.2628 -0.7793
vn 0.5675 -0.2643 -0.7798
vn 0.5664 -0.2658 -0.7801
vn 0.5661 -0.2659 -0.7802
vn 0.5653 -0.2647 -0.7813
vn 0.5658 -0.2661 -0.7805
vn 0.5673 -0.2594 -0.7816
vn -0.2427 0.9696 -0.0328
vn -0.1868 0.9466 -0.2629
vn -0.2282 0.9064 -0.3556
vn 0.7773 -0.6279 -0.0395
vn -0.1536 -0.4997 0.8525
vn -0.6502 -0.7364 -0.1869
vn -0.6497 -0.7368 -0.1872
vn -0.6504 -0.7363 -0.1867
vn 0.7185 -0.6869 0.1091
vn 0.0089 -0.6783 -0.7348
vn 0.0629 -0.5438 -0.8369
vn 0.0595 -0.5364 -0.8419
vn 0.0575 -0.5382 -0.8409
vn -0.2126 -0.9397 0.2680
vn -0.7273 0.6314 -0.2689
vn -0.4586 0.4305 -0.7774
vn -0.7308 0.3822 -0.5656
vn -0.8377 0.4341 0.3313
vn -0.7231 0.6729 0.1557
vn -0.1607 -0.8911 -0.4243
vn -0.1631 -0.8920 -0.4215
vn -0.1645 -0.8928 -0.4194
vn -0.1634 -0.8910 -0.4235
vn -0.1627 -0.8914 -0.4230
vn -0.1622 -0.8913 -0.4233
vn -0.1625 -0.8912 -0.4236
vn -0.5145 -0.7082 -0.4835
vn -0.4311 -0.6404 -0.6357
vn -0.4306 -0.6410 -0.6354
vn -0.4305 -0.6401 -0.6364
vn -0.4303 -0.6414 -0.6352
vn -0.4290 -0.6398 -0.6377
vn -0.4323 -0.6404 -0.6349
vn -0.4310 -0.6401 -0.6360
vn -0.4314 -0.6396 -0.6363
vn -0.8467 0.5310 -0.0341
vn 0.7054 0.4085 -0.5793
vn 0.7086 0.4100 -0.5743
vn 0.7153 0.4066 -0.5683
vn 0.7096 0.4126 -0.5712
vn 0.5300 -0.3887 0.7537
vn 0.5276 -0.3893 0.7551
vn 0.5711 -0.5266 0.6297
vn 0.7991 -0.3528 0.4868
vn 0.8160 -0.0590 0.5751
vn 0.8032 0.0209 0.5954
vn 0.8033 0.0205 0.5953
vn 0.8028 0.0211 0.5959
vn 0.8041 0.0209 0.5941
vn 0.8035 0.0192 0.5950
vn 0.7983 0.0265 0.6017
vn 0.8045 0.0174 0.5937
vn 0.8003 0.0259 0.5990
vn 0.8045 0.0216 0.5935
vn 0.8027 0.0209 0.5960
vn 0.8028 0.0194 0.5959
vn 0.8048 0.0206 0.5932
vn 0.8038 0.0227 0.5945
vn 0.8040 0.0186 0.5944
vn 0.8037 0.0196 0.5947
vn -0.1614 -0.4890 0.8572
vn -0.9762 -0.2150 -0.0286
vn -0.9085 -0.1862 -0.3741
vn -0.9105 -0.1899 -0.3672
vn -0.9097 -0.1834 -0.3726
vn -0.4129 -0.5344 0.7375
vn -0.2985 -0.8636 0.4063
vn -0.1510 0.1258 -0.9805
vn 0.1754 0.9101 0.3754
vn 0.4145 0.7459 0.5214
vn 0.2143 0.8288 0.5169
vn -0.2258 0.8419 0.4901
vn -0.2856 0.7129 0.6404
vn 0.6660 0.4476 0.5968
vn 0.0289 -0.6251 -0.7800
vn 0.0279 -0.6264 -0.7790
vn 0.0282 -0.6260 -0.7793
vn 0.0294 -0.6243 -0.7806
vn 0.0295 -0.6262 -0.7791
vn 0.0299 -0.6244 -0.7806
vn 0.5390 -0.7794 -0.3195
vn 0.5386 -0.7801 -0.3183
vn 0.5370 -0.7810 -0.3188
vn 0.5335 -0.7830 -0.3197
vn 0.5417 -0.7768 -0.3211
vn 0.4777 -0.6945 -0.5380
vn 0.1984 -0.6130 -0.7648
vn 0.7908 -0.2081 -0.5756
vn 0.7074 0.5329 -0.4643
vn 0.7305 0.3953 -0.5569
vn 0.7417 0.3795 -0.5530
vn 0.7069 0.4076 -0.5780
vn 0.7192 0.3867 -0.5773
vn 0.8025 0.1670 -0.5728
vn 0.4774 -0.6002 -0.6417
vn 0.4813 -0.6069 -0.6324
vn 0.4541 -0.6123 -0.6472
vn 0.6939 0.3513 -0.6286
vn 0.0280 -0.6255 -0.7798
vn -0.0572 0.1165 0.9915
vn -0.5599 0.6023 0.5690
vn -0.8876 0.4602 -0.0171
vn -0.9512 -0.2637 0.1601
vn -0.0607 -0.4766 0.8770
vn -0.0683 -0.4787 0.8753
vn -0.0647 -0.4809 0.8744
vn -0.0674 -0.4769 0.8764
vn -0.0673 -0.4763 0.8767
vn -0.0666 -0.4786 0.8755
vn -0.0667 -0.4797 0.8749
vn -0.0662 -0.4730 0.8786
vn -0.0636 -0.4783 0.8759
vn -0.0661 -0.4780 0.8759
vn -0.0608 -0.4767 0.8770
vn -0.0622 -0.4777 0.8763
vn -0.0558 -0.4777 0.8767
vn -0.0651 -0.4695 0.8805
vn -0.0438 -0.4847 0.8736
vn -0.7565 -0.2260 0.6137
vn -0.9777 -0.1590 -0.1371
vn -0.5758 0.0950 -0.8120
vn -0.1884 -0.6961 -0.6927
vn 0.9596 0.0536 0.2764
vn 0.7358 -0.1351 0.6636
vn 0.9744 -0.1542 0.1636
vn -0.0313 -0.6271 0.7783
vn -0.0330 -0.6230 0.7815
vn -0.0238 -0.6206 0.7838
vn -0.0197 -0.6197 0.7846
vn -0.0250 -0.6209 0.7835
vn -0.0261 -0.6191 0.7849
vn -0.0245 -0.6218 0.7828
vn -0.6646 -0.5132 0.5430
vn -0.2407 -0.3790 0.8935
vn -0.2733 -0.3933 0.8779
vn 0.7036 0.0699 0.7071
vn -0.1007 0.6065 0.7887
vn -0.1215 0.5931 0.7959
vn -0.0822 0.5939 0.8003
vn -0.0623 0.5799 0.8123
vn -0.0598 0.5840 0.8096
vn -0.0899 0.5625 0.8219
vn -0.8106 0.3787 -0.4467
vn 0.7840 -0.3720 0.4970
vn 0.8137 -0.4142 0.4079
vn 0.8474 -0.5231 0.0912
vn 0.7755 0.6185 0.1265
vn 0.1645 0.6717 0.7223
vn 0.1643 0.6716 0.7224
vn 0.1650 0.6717 0.7222
vn 0.1648 0.6717 0.7223
vn 0.4614 0.4754 -0.7491
vn 0.6712 -0.6969 -0.2526
vn 0.8084 -0.3429 0.4784
vn -0.6411 -0.7621 0.0902
vn -0.9131 -0.1767 0.3675
vn -0.9534 0.0074 0.3015
vn -0.9514 0.0133 0.3077
vn -0.9516 0.0139 0.3070
vn -0.9517 0.0144 0.3066
vn -0.9515 0.0149 0.3072
vn -0.9520 0.0143 0.3056
vn -0.9182 0.2744 0.2856
vn -0.9159 0.3858 0.1106
vn -0.9158 0.3860 0.1109
vn -0.8056 0.5914 0.0338
vn -0.8303 0.4851 -0.2744
vn -0.8312 0.4843 -0.2732
vn -0.8312 0.4840 -0.2734
vn -0.8302 0.4851 -0.2747
vn -0.8480 0.3384 -0.4079
vn -0.8500 0.1576 -0.5026
vn -0.8495 0.1578 -0.5034
vn -0.8497 0.1577 -0.5031
vn -0.8496 0.1576 -0.5034
vn -0.8495 0.1574 -0.5035
vn -0.9101 -0.0172 -0.4141
vn -0.9526 -0.1298 -0.2750
vn -0.9506 -0.1327 -0.2806
vn -0.9501 -0.2023 -0.2373
vn -0.9637 -0.2663 0.0205
vn -0.9657 -0.2593 0.0112
vn 0.9531 -0.2577 0.1587
vn 0.9523 -0.2610 0.1583
vn -0.7130 0.6689 0.2104
vn -0.5251 0.8126 -0.2527
vn -0.9252 0.0348 0.3778
vn -0.9257 0.0358 0.3766
vn -0.9255 0.0361 0.3770
vn -0.9255 0.0357 0.3770
vn -0.9254 0.0358 0.3773
vn -0.9257 0.0354 0.3765
vn -0.9256 0.0357 0.3769
vn -0.4566 0.0303 0.8892
vn -0.4562 0.0313 0.8893
vn -0.4576 0.0299 0.8887
vn -0.4560 0.0317 0.8894
vn -0.4572 0.0311 0.8888
vn -0.4599 0.0296 0.8875
vn -0.4531 0.0374 0.8906
vn -0.4622 0.0391 0.8859
vn -0.7224 0.0048 0.6914
vn -0.9247 0.0379 0.3787
vn -0.2924 0.1859 0.9381
vn -0.2931 0.1873 0.9376
vn -0.2940 0.1892 0.9369
vn -0.2908 0.1877 0.9382
vn -0.2935 0.1897 0.9369
vn -0.2922 0.1925 0.9368
vn -0.3036 0.1833 0.9350
vn -0.2790 0.2042 0.9383
vn -0.2927 0.1881 0.9375
vn -0.2948 0.1891 0.9367
vn -0.8270 -0.4334 0.3582
vn -0.8264 -0.3859 0.4101
vn -0.3693 0.5856 -0.7216
vn 0.7447 0.6583 -0.1098
vn 0.7433 0.6596 -0.1115
vn 0.7508 0.6513 -0.1098
vn -0.7151 -0.6989 -0.0149
vn -0.9364 -0.3116 -0.1617
vn -0.3760 -0.8036 -0.4614
vn 0.2685 0.7250 0.6343
vn 0.2692 0.7972 0.5403
vn 0.2390 -0.7449 0.6229
vn 0.2397 -0.7437 0.6240
vn 0.2388 -0.7432 0.6251
vn 0.2418 -0.7442 0.6227
vn 0.2365 -0.7443 0.6246
vn 0.2394 -0.7432 0.6247
vn 0.2373 -0.7441 0.6245
vn 0.2363 -0.7454 0.6233
vn 0.0079 -0.6074 0.7943
vn 0.0300 -0.5240 0.8512
vn 0.0310 -0.5242 0.8511
vn 0.0315 -0.5243 0.8510
vn -0.1201 -0.9639 -0.2375
vn -0.1303 -0.9680 -0.2145
vn -0.1258 -0.9524 -0.2778
vn -0.5682 0.8228 0.0049
vn -0.5677 0.8232 0.0050
vn -0.5684 0.8227 0.0049
vn -0.5684 0.8228 0.0046
vn -0.9136 -0.3360 -0.2292
vn -0.7412 0.4257 -0.5191
vn -0.7442 0.4254 -0.5149
vn -0.7429 0.4270 -0.5156
vn -0.7434 0.4266 -0.5151
vn -0.7427 0.4261 -0.5166
vn -0.7428 0.4258 -0.5166
vn -0.7436 0.4254 -0.5159
vn -0.7434 0.4256 -0.5160
vn -0.7434 0.4250 -0.5165
vn -0.7429 0.4260 -0.5163
vn -0.3836 -0.1475 0.9117
vn -0.3868 -0.1504 0.9098
vn -0.3864 -0.1486 0.9103
vn -0.3833 -0.1475 0.9118
vn -0.3832 -0.1496 0.9115
vn -0.3843 -0.1477 0.9113
vn -0.3850 -0.1475 0.9110
vn -0.3839 -0.1502 0.9111
vn -0.3866 -0.1493 0.9101
vn -0.8196 -0.1656 0.5485
vn -0.8195 -0.1669 0.5483
vn -0.8172 -0.1612 0.5533
vn -0.8183 -0.1655 0.5505
vn -0.8185 -0.1649 0.5504
vn -0.8184 -0.1652 0.5504
vn -0.8185 -0.1654 0.5501
vn -0.8181 -0.1644 0.5511
vn -0.8554 0.4333 -0.2839
vn -0.7039 0.4751 0.5280
vn -0.7034 0.4805 0.5237
vn -0.7844 0.4399 -0.4374
vn -0.7848 0.6195 0.0160
vn -0.4379 0.8949 0.0857
vn -0.2323 0.4504 0.8621
vn -0.3855 0.9086 0.1606
vn -0.3850 0.9084 0.1630
vn -0.3850 0.9085 0.1628
vn -0.3841 0.9090 0.1617
vn -0.3835 0.9092 0.1621
vn -0.3854 0.9084 0.1623
vn -0.3755 0.9131 0.1590
vn -0.3872 0.9069 0.1661
vn 0.4976 0.8483 0.1809
vn 0.5592 0.5997 0.5724
vn 0.6693 0.1862 0.7193
vn 0.5679 0.0244 0.8227
vn 0.5623 0.0051 0.8269
vn 0.6014 0.0678 0.7960
vn 0.6060 0.0221 0.7951
vn 0.5895 0.0934 0.8023
vn 0.5663 0.0554 0.8223
vn 0.5646 0.0402 0.8244
vn 0.5777 0.0634 0.8138
vn 0.5789 0.0685 0.8125
vn 0.5746 0.0638 0.8160
vn 0.5601 0.0592 0.8263
vn 0.6206 0.0361 0.7833
vn 0.5920 0.0487 0.8045
vn 0.5808 0.0493 0.8125
vn 0.5973 0.0320 0.8014
vn 0.5800 0.0333 0.8139
vn 0.2651 -0.2472 -0.9320
vn -0.0536 0.9022 -0.4281
vn -0.0562 0.9049 -0.4220
vn -0.1074 0.9199 -0.3772
vn -0.2505 0.9487 -0.1929
vn -0.2462 0.9493 -0.1955
vn -0.2508 0.9483 -0.1942
vn -0.2511 0.9482 -0.1948
vn -0.2489 0.9481 -0.1978
vn -0.2433 0.9507 -0.1924
vn -0.4261 0.8992 -0.0991
vn -0.3880 0.9068 0.1651
vn -0.3888 0.9060 0.1674
vn -0.3870 0.9077 0.1620
vn -0.3859 0.9078 0.1644
vn -0.3784 0.9114 0.1617
vn -0.3857 0.9089 0.1588
vn -0.3851 0.9082 0.1642
vn -0.3838 0.9096 0.1591
vn 0.4866 0.8554 -0.1774
vn 0.4887 0.8553 -0.1719
vn 0.4762 0.8161 0.3274
vn 0.4966 -0.7497 0.4375
vn -0.4271 -0.8936 0.1384
vn 0.5749 -0.6762 0.4607
vn -0.1928 0.8963 0.3993
vn 0.2933 0.7749 -0.5599
vn -0.1946 0.8947 0.4021
vn -0.1973 0.8949 0.4004
vn -0.2096 0.8883 0.4087
vn -0.1717 0.9101 0.3771
vn -0.1976 0.8942 0.4016
vn -0.1989 0.8950 0.3992
vn 0.0202 -0.7282 0.6850
vn 0.1142 -0.8118 0.5727
vn 0.1148 -0.8122 0.5720
vn 0.1128 -0.8129 0.5714
vn -0.1046 -0.7830 0.6132
vn -0.3068 -0.7399 0.5986
vn -0.3114 -0.7368 0.6001
vn -0.3116 -0.7353 0.6018
vn -0.3169 -0.7339 0.6008
vn -0.3147 -0.7361 0.5993
vn 0.2708 0.9626 -0.0079
vn -0.5857 0.8090 -0.0498
vn -0.5858 0.8090 -0.0485
vn -0.5844 0.8099 -0.0503
vn -0.5848 0.8096 -0.0506
vn -0.5849 0.8095 -0.0502
vn -0.0377 0.9504 -0.3088
vn -0.2152 0.9659 -0.1436
vn -0.1524 0.9784 -0.1398
vn 0.8370 -0.5244 0.1561
vn 0.1317 -0.3335 -0.9335
vn 0.1259 -0.3324 -0.9347
vn 0.1271 -0.3307 -0.9351
vn 0.1270 -0.3302 -0.9353
vn 0.1271 -0.3312 -0.9350
vn 0.1267 -0.3313 -0.9350
vn 0.1279 -0.3306 -0.9351
vn 0.1269 -0.3305 -0.9353
vn 0.1271 -0.3310 -0.9350
vn 0.1265 -0.3300 -0.9355
vn 0.1282 -0.3320 -0.9345
vn 0.1265 -0.3310 -0.9351
vn 0.1270 -0.3316 -0.9348
vn 0.1268 -0.3321 -0.9347
vn 0.1284 -0.3303 -0.9351
vn 0.3998 -0.2277 -0.8879
vn 0.2742 -0.0654 -0.9594
vn 0.2764 -0.0643 -0.9589
vn 0.2744 -0.0663 -0.9593
vn 0.2752 -0.0657 -0.9592
vn 0.2738 -0.0644 -0.9596
vn 0.3536 0.1894 -0.9160
vn 0.2320 0.2619 -0.9368
vn 0.2380 0.2504 -0.9384
vn 0.2359 0.2514 -0.9387
vn 0.2382 0.2549 -0.9372
vn 0.2384 0.2447 -0.9398
vn 0.2355 0.2491 -0.9394
vn 0.2452 0.2490 -0.9370
vn 0.2326 0.2531 -0.9391
vn 0.2452 0.2510 -0.9364
vn 0.2367 0.2514 -0.9385
vn 0.2386 0.2504 -0.9383
vn 0.2393 0.2527 -0.9375
vn 0.2386 0.2513 -0.9380
vn 0.2376 0.2506 -0.9385
vn 0.2384 0.2458 -0.9395
vn 0.9061 -0.0002 0.4230
vn -0.4739 -0.8786 -0.0587
vn 0.8958 -0.3226 -0.3058
vn -0.1910 0.9810 -0.0337
vn 0.3347 0.7449 -0.5772
vn 0.1565 0.6331 -0.7581
vn 0.5993 0.5244 -0.6049
vn 0.6009 0.5232 -0.6043
vn 0.5985 0.5261 -0.6042
vn 0.6011 0.5244 -0.6031
vn 0.6007 0.5246 -0.6033
vn 0.6007 0.5239 -0.6039
vn 0.5511 0.3256 -0.7683
vn 0.3327 0.7439 -0.5796
vn 0.3337 0.7405 -0.5834
vn 0.4294 -0.6601 -0.6164
vn 0.4322 -0.7251 -0.5362
vn -0.6329 -0.4442 -0.6342
vn -0.6359 -0.4441 -0.6312
vn -0.6344 -0.4437 -0.6330
vn -0.6381 -0.4455 -0.6280
vn -0.6334 -0.4450 -0.6331
vn -0.9001 -0.3947 -0.1846
vn -0.8982 -0.4002 -0.1816
vn -0.9027 -0.3910 -0.1797
vn -0.8977 -0.4032 -0.1777
vn -0.7343 0.0070 -0.6788
vn -0.7345 0.0075 -0.6785
vn -0.7347 0.0066 -0.6783
vn -0.7347 0.0072 -0.6784
vn -0.5466 -0.2145 -0.8094
vn -0.6612 -0.4720 -0.5831
vn -0.7062 -0.5734 -0.4153
vn -0.7075 -0.5716 -0.4157
vn -0.7072 -0.5723 -0.4152
vn -0.7074 -0.5719 -0.4155
vn -0.7073 -0.5725 -0.4148
vn -0.7074 -0.5717 -0.4156
vn -0.7073 -0.5721 -0.4152
vn -0.7083 -0.5714 -0.4146
vn -0.7074 -0.5715 -0.4160
vn -0.6677 -0.2740 -0.6922
vn -0.7146 -0.0955 -0.6930
vn -0.7133 -0.1053 -0.6929
vn -0.7144 -0.1006 -0.6925
vn -0.7133 -0.0984 -0.6939
vn -0.7143 -0.0975 -0.6930
vn -0.7149 -0.0977 -0.6924
vn -0.7153 -0.0983 -0.6919
vn -0.0178 0.5239 0.8516
vn -0.1542 -0.1431 0.9776
vn -0.1646 -0.1360 0.9769
vn -0.1675 0.2729 0.9473
vn -0.1689 0.2803 0.9449
vn -0.1662 0.2810 0.9452
vn 0.0216 0.3487 0.9370
vn 0.0352 0.0370 0.9987
vn 0.5110 -0.3164 0.7992
vn -0.3906 -0.5586 -0.7317
vn -0.6605 -0.3813 -0.6468
vn -0.6586 -0.3847 -0.6468
vn -0.3428 0.2432 0.9074
vn -0.0083 0.0526 -0.9986
vn -0.6784 0.7342 0.0261
vn 0.6451 0.6917 -0.3246
vn 0.6447 0.6930 -0.3227
vn 0.6435 0.6949 -0.3210
vn 0.6447 0.6935 -0.3215
vn -0.0048 0.0574 -0.9983
vn 0.0173 0.0330 -0.9993
vn 0.0088 -0.0000 -1.0000
vn 0.0179 0.1020 -0.9946
vn 0.0304 0.0381 -0.9988
vn 0.0135 0.0409 -0.9991
vn -0.0292 0.0123 -0.9995
vn -0.0151 0.0591 -0.9981
vn 0.0082 0.0344 -0.9994
vn -0.0043 0.0364 -0.9993
vn -0.0050 0.0353 -0.9994
vn 0.9412 -0.2995 -0.1562
vn 0.6433 0.7547 -0.1284
vn 0.6121 0.7707 -0.1773
vn 0.2944 0.7501 -0.5922
vn -0.5996 0.5443 -0.5867
vn -0.6032 0.5262 -0.5994
vn -0.5979 0.5290 -0.6021
vn -0.6074 0.5124 -0.6070
vn -0.5980 0.5633 -0.5702
vn -0.5823 0.5625 -0.5869
vn -0.5839 0.5544 -0.5931
vn -0.5922 0.5201 -0.6155
vn -0.6170 0.5120 -0.5976
vn 0.0262 -0.1886 -0.9817
vn 0.0442 -0.1702 -0.9844
vn 0.0322 -0.1748 -0.9841
vn 0.0296 -0.1711 -0.9848
vn 0.0297 -0.1748 -0.9842
vn 0.0328 -0.1714 -0.9847
vn 0.0211 -0.1857 -0.9824
vn 0.0248 -0.1789 -0.9835
vn 0.0289 -0.1761 -0.9839
vn 0.0296 -0.1755 -0.9840
vn 0.0292 -0.1755 -0.9840
vn 0.0296 -0.1766 -0.9838
vn 0.0277 -0.1770 -0.9838
vn 0.0284 -0.1751 -0.9841
vn 0.0280 -0.1762 -0.9840
vn 0.0272 -0.1763 -0.9840
vn 0.0265 -0.1776 -0.9837
vn 0.0263 -0.1716 -0.9848
vn 0.0223 -0.1795 -0.9835
vn 0.0290 -0.1474 -0.9887
vn 0.0235 -0.1751 -0.9843
vn 0.0264 -0.1697 -0.9851
vn -0.5677 0.5168 -0.6408
vn -0.5824 0.5280 -0.6181
vn -0.5636 0.5401 -0.6250
vn -0.6096 0.5237 -0.5950
vn -0.5940 0.5196 -0.6142
vn -0.5839 0.5277 -0.6170
vn -0.5925 0.5513 -0.5874
vn -0.5950 0.5456 -0.5901
vn -0.5856 0.5355 -0.6085
vn -0.5997 0.5315 -0.5981
vn -0.5982 0.5230 -0.6071
vn 0.6447 -0.5102 0.5693
vn 0.1839 -0.5834 0.7911
vn -0.0635 0.0536 0.9965
vn -0.3640 -0.6583 -0.6589
vn -0.8898 -0.4564 0.0033
vn -0.8886 -0.4586 0.0048
vn -0.8889 -0.4581 0.0035
vn -0.8893 -0.4573 0.0043
vn -0.8891 -0.4576 0.0040
vn -0.8890 -0.4579 0.0033
vn -0.8888 -0.4584 0.0031
vn -0.8893 -0.4573 0.0042
vn -0.8892 -0.4575 0.0037
vn -0.8891 -0.4576 0.0034
vn -0.8893 -0.4573 0.0032
vn 0.4077 -0.9131 -0.0005
vn 0.4229 -0.8977 0.1236
vn 0.3834 -0.9146 -0.1285
vn 0.3863 -0.9134 -0.1284
vn 0.3858 -0.9134 -0.1296
vn 0.3854 -0.9138 -0.1286
vn 0.3844 -0.9140 -0.1298
vn 0.3832 -0.9146 -0.1291
vn 0.3839 -0.9140 -0.1311
vn 0.3868 -0.9140 -0.1226
vn 0.2570 -0.0936 0.9619
vn 0.2566 -0.0942 0.9619
vn 0.2546 -0.0925 0.9626
vn 0.2557 -0.0924 0.9623
vn 0.2552 -0.0922 0.9625
vn 0.2560 -0.0933 0.9622
vn 0.0938 -0.0799 0.9924
vn 0.0795 -0.5300 0.8443
vn 0.0803 -0.5299 0.8442
vn 0.0794 -0.5292 0.8448
vn 0.0795 -0.5298 0.8444
vn 0.0648 -0.6645 0.7445
vn -0.6240 0.1665 -0.7635
vn -0.6221 0.1701 -0.7642
vn -0.6224 0.1690 -0.7642
vn -0.6217 0.1684 -0.7649
vn -0.6222 0.1687 -0.7644
vn -0.6222 0.1684 -0.7645
vn -0.6207 0.1592 -0.7677
vn -0.6182 0.1663 -0.7682
vn -0.6213 0.1737 -0.7641
vn -0.6203 0.1682 -0.7661
vn -0.4029 0.2700 -0.8745
vn -0.4047 0.2628 -0.8759
vn -0.6215 0.1668 -0.7655
vn -0.6211 0.1660 -0.7659
vn 0.2012 0.9094 0.3640
vn 0.9032 -0.2496 0.3492
vn -0.4926 -0.4757 -0.7287
vn -0.7425 -0.1794 -0.6453
vn -0.3447 -0.1281 -0.9299
vn -0.3473 -0.1281 -0.9290
vn -0.5345 -0.3921 -0.7487
vn -0.4960 -0.5565 -0.6666
vn -0.4626 -0.5512 -0.6944
vn -0.4501 -0.4939 -0.7439
vn -0.6498 0.7050 0.2842
vn 0.0299 0.7674 -0.6405
vn 0.6200 -0.5132 -0.5935
vn 0.6163 -0.5183 -0.5929
vn 0.9749 -0.1178 0.1889
vn 0.9606 0.1361 -0.2424
vn 0.9574 0.1057 -0.2689
vn -0.8952 -0.0678 -0.4404
vn -0.7677 -0.0813 -0.6357
vn -0.7552 -0.1075 -0.6466
vn -0.7570 -0.1058 -0.6448
vn -0.7563 -0.1056 -0.6456
vn -0.7557 -0.1045 -0.6466
vn -0.8218 -0.0634 -0.5662
vn -0.8949 -0.0660 -0.4414
vn -0.8943 -0.0671 -0.4423
vn 0.9501 -0.2526 0.1829
vn -0.3036 -0.9525 0.0231
vn -0.2359 -0.7308 0.6405
vn -0.2336 -0.7299 0.6424
vn 0.9252 0.2377 0.2957
vn -0.3586 -0.5271 -0.7704
vn -0.3802 -0.1322 -0.9154
vn 0.3633 -0.3871 -0.8475
vn 0.3664 -0.3897 -0.8450
vn 0.2852 -0.4629 -0.8393
vn -0.9054 0.1547 -0.3954
vn -0.9137 0.1253 -0.3866
vn -0.9065 0.1172 -0.4056
vn -0.9078 0.1085 -0.4052
vn -0.9149 0.1058 -0.3897
vn -0.8985 0.1405 -0.4158
vn -0.9603 -0.2595 -0.1022
vn -0.9385 -0.1480 -0.3120
vn -0.9228 0.1372 -0.3599
vn -0.9087 0.1662 -0.3828
vn -0.9021 0.1587 -0.4012
vn 0.0604 -0.2761 -0.9592
vn 0.0566 -0.2759 -0.9595
vn 0.0574 -0.2753 -0.9597
vn 0.0585 -0.2773 -0.9590
vn 0.0558 -0.2782 -0.9589
vn 0.2191 -0.9281 -0.3010
vn -0.0644 -0.9747 -0.2140
vn 0.1845 0.8964 -0.4031
vn 0.1853 0.8933 -0.4095
vn -0.0000 0.9722 -0.2343
vn -0.0129 0.9606 -0.2777
vn 0.0031 0.9666 -0.2563
vn 0.1816 0.8981 0.4006
vn 0.8038 -0.5948 0.0143
vn 0.7048 0.6104 0.3616
vn 0.6365 0.3789 0.6718
vn -0.2187 -0.6934 0.6865
vn -0.2261 -0.6887 0.6889
vn -0.2190 -0.6950 0.6848
vn -0.2213 -0.6914 0.6877
vn -0.2222 -0.6907 0.6881
vn -0.2217 -0.6891 0.6899
vn -0.5704 -0.4259 -0.7024
vn -0.2821 -0.7622 -0.5827
vn 0.1581 -0.9553 -0.2500
vn 0.0233 -0.9870 -0.1587
vn 0.0387 -0.9786 -0.2020
vn 0.0215 -0.9832 -0.1812
vn -0.4633 -0.8754 -0.1380
vn -0.4643 -0.8747 -0.1394
vn 0.1411 0.6607 0.7373
vn 0.4762 0.4156 0.7749
vn 0.4753 0.4143 0.7762
vn 0.4749 0.4143 0.7764
vn 0.4749 0.4151 0.7760
vn 0.4764 0.4153 0.7750
vn 0.1384 0.6629 0.7358
vn 0.1390 0.6629 0.7357
vn 0.5589 0.0449 0.8280
vn 0.5491 0.0263 0.8353
vn 0.5691 0.0621 0.8199
vn 0.4582 0.4979 0.7364
vn 0.9438 0.2074 -0.2572
vn 0.9441 0.2134 -0.2512
vn 0.9435 0.2095 -0.2568
vn 0.8768 0.3228 0.3563
vn 0.5859 0.0587 0.8082
vn 0.5821 0.0250 0.8127
vn 0.5941 0.0516 0.8028
vn 0.9949 0.0572 -0.0835
vn 0.9946 0.0613 -0.0838
vn 0.9980 -0.0108 -0.0619
vn 0.9462 -0.3208 -0.0426
vn 0.8186 -0.3967 -0.4154
vn 0.8182 -0.3972 -0.4158
vn 0.8191 -0.3968 -0.4143
vn 0.8189 -0.3966 -0.4148
vn 0.8194 -0.3957 -0.4148
vn 0.8188 -0.3963 -0.4154
vn 0.8187 -0.3961 -0.4158
vn 0.8194 -0.3955 -0.4149
vn 0.8193 -0.3964 -0.4143
vn 0.8184 -0.3956 -0.4168
vn 0.8185 -0.3971 -0.4152
vn 0.8190 -0.3949 -0.4163
vn 0.8188 -0.3987 -0.4130
vn 0.9183 -0.3700 -0.1406
vn 0.5863 0.0212 0.8098
vn 0.5869 0.0407 0.8086
vn 0.5573 0.0401 0.8294
vn -0.1828 -0.7726 -0.6080
vn 0.1238 -0.6947 -0.7086
vn 0.1442 -0.6546 -0.7421
vn 0.1212 -0.6549 -0.7459
vn 0.1474 -0.6471 -0.7480
vn -0.4190 -0.0126 -0.9079
vn -0.1821 -0.7629 -0.6203
vn -0.1817 -0.7659 -0.6168
vn -0.2146 -0.3421 -0.9148
vn -0.2271 -0.2837 -0.9316
vn -0.2734 -0.3232 -0.9060
vn -0.2487 0.7588 -0.6020
vn -0.2477 0.7575 -0.6040
vn -0.2514 0.7537 -0.6072
vn -0.2498 0.7553 -0.6059
vn -0.2497 0.7555 -0.6057
vn -0.3991 0.5316 -0.7470
vn -0.5049 0.5826 -0.6369
vn -0.5048 0.5826 -0.6370
vn -0.5054 0.5825 -0.6366
vn 0.4164 -0.7776 0.4711
vn -0.2759 -0.5567 0.7836
vn -0.2693 -0.3708 0.8888
vn -0.3748 -0.0816 0.9235
vn -0.3749 -0.0818 0.9235
vn -0.3739 -0.0808 0.9240
vn -0.3751 -0.0811 0.9234
vn -0.3742 -0.0813 0.9238
vn -0.3737 -0.0806 0.9241
vn -0.3761 -0.0822 0.9229
vn -0.3759 -0.0803 0.9232
vn -0.3751 -0.0834 0.9232
vn -0.3742 -0.0888 0.9231
vn -0.2504 0.0928 0.9637
vn -0.2034 0.3657 0.9082
vn -0.2037 0.3665 0.9078
vn -0.2042 0.3663 0.9078
vn -0.2042 0.3662 0.9079
vn 0.7950 -0.4328 0.4251
vn 0.8012 0.3095 -0.5121
vn 0.8013 0.3101 -0.5116
vn 0.8010 0.3090 -0.5128
vn 0.7973 0.3194 -0.5122
vn 0.7992 0.3149 -0.5119
vn 0.7998 0.3127 -0.5123
vn 0.8000 0.3133 -0.5118
vn 0.8005 0.3127 -0.5114
vn 0.8002 0.3138 -0.5110
vn 0.7985 0.3141 -0.5135
vn 0.7091 0.2213 -0.6694
vn 0.8111 -0.3028 -0.5004
vn 0.8152 -0.2931 -0.4996
vn 0.8141 -0.2936 -0.5010
vn 0.8141 -0.2958 -0.4997
vn 0.8145 -0.2939 -0.5003
vn 0.8133 -0.2947 -0.5017
vn 0.8150 -0.2964 -0.4980
vn 0.8111 -0.2944 -0.5055
vn 0.8113 -0.3043 -0.4993
vn 0.8155 -0.2942 -0.4984
vn 0.8113 -0.2950 -0.5048
vn 0.8131 -0.2949 -0.5020
vn 0.8116 -0.2957 -0.5038
vn 0.8130 -0.2993 -0.4994
vn 0.8144 -0.2978 -0.4981
vn 0.8124 -0.2994 -0.5003
vn 0.8160 -0.2899 -0.5001
vn 0.8189 -0.2937 -0.4931
vn 0.8199 -0.2910 -0.4930
vn 0.8122 -0.2938 -0.5039
vn 0.8126 -0.3015 -0.4988
vn 0.8159 -0.2908 -0.4997
vn 0.8151 -0.2912 -0.5007
vn 0.8108 -0.2947 -0.5057
vn 0.8139 -0.2956 -0.5003
vn 0.8136 -0.2957 -0.5006
vn 0.8122 -0.2974 -0.5020
vn 0.8156 -0.2959 -0.4973
vn 0.8151 -0.2956 -0.4981
vn 0.6325 0.1237 -0.7646
vn 0.6614 0.2192 -0.7173
vn 0.1967 0.7401 0.6430
vn 0.1891 0.7840 0.5912
vn 0.1573 0.8019 0.5763
vn 0.2119 0.7765 0.5935
vn 0.1671 0.7610 0.6269
vn 0.1823 0.7709 0.6104
vn 0.1835 0.7603 0.6232
vn 0.1662 0.7801 0.6032
vn 0.1543 0.7868 0.5976
vn 0.1544 0.7588 0.6327
vn 0.1964 0.7623 0.6167
vn 0.5100 0.7313 0.4529
vn -0.6234 -0.0243 0.7815
vn -0.6193 -0.0268 0.7847
vn -0.6283 -0.0278 0.7775
vn -0.6235 -0.0179 0.7816
vn -0.6245 -0.0299 0.7805
vn -0.6197 -0.0197 0.7846
vn -0.6199 -0.0258 0.7842
vn -0.6270 -0.0144 0.7789
vn -0.6212 -0.0306 0.7831
vn -0.6330 -0.0121 0.7740
vn -0.6172 -0.0255 0.7864
vn -0.6222 -0.0158 0.7827
vn -0.6261 -0.0281 0.7793
vn -0.4100 -0.2577 0.8749
vn -0.3176 -0.3601 0.8772
vn -0.3174 -0.3723 0.8722
vn -0.3226 -0.3759 0.8687
vn -0.3154 -0.3718 0.8731
vn -0.3191 -0.3740 0.8708
vn -0.3190 -0.3741 0.8708
vn -0.3160 -0.3762 0.8710
vn 0.6354 0.4620 0.6188
vn 0.1777 0.7494 0.6379
vn 0.2017 0.7589 0.6192
vn 0.2064 0.7631 0.6124
vn 0.1788 0.7670 0.6162
vn 0.1818 0.7812 0.5972
vn 0.2276 0.7637 0.6041
vn -0.5150 -0.5799 -0.6313
vn -0.8165 0.0231 -0.5768
vn 0.8377 -0.2108 0.5039
vn 0.2883 0.1553 0.9449
vn -0.3576 0.0024 0.9339
vn -0.5607 -0.1802 0.8082
vn -0.7630 -0.3979 0.5095
vn -0.8355 0.0830 -0.5432
vn -0.8336 0.0827 -0.5461
vn -0.8317 0.0836 -0.5488
vn -0.8324 0.0788 -0.5485
vn -0.8347 0.0900 -0.5434
vn -0.8347 0.0838 -0.5443
vn -0.8362 0.0806 -0.5425
vn -0.8353 0.0824 -0.5436
vn -0.0271 -0.9099 -0.4140
vn 0.0402 -0.9963 -0.0763
vn 0.8776 -0.4791 0.0171
vn 0.8114 -0.5641 0.1533
vn 0.5571 -0.8301 0.0243
vn 0.5571 -0.8301 0.0244
vn 0.5573 -0.8300 0.0240
vn 0.5119 0.0376 -0.8582
vn 0.4772 0.0574 -0.8769
vn 0.5055 0.0653 -0.8603
vn 0.4882 0.0564 -0.8709
vn 0.5046 0.0654 -0.8608
vn 0.4869 0.0519 -0.8719
vn -0.5994 0.7582 0.2567
vn -0.5848 -0.7215 -0.3707
vn -0.5853 -0.7214 -0.3702
vn -0.5851 -0.7217 -0.3699
vn -0.5851 -0.7214 -0.3703
vn -0.5847 -0.7214 -0.3710
vn -0.5851 -0.7214 -0.3704
vn -0.6724 -0.7169 -0.1841
vn -0.9302 -0.3377 -0.1438
vn -0.9308 -0.3392 -0.1364
vn -0.9326 -0.3329 -0.1393
vn -0.9307 -0.3360 -0.1442
vn -0.9304 -0.3375 -0.1432
vn -0.9301 -0.3376 -0.1444
vn 0.4506 0.0475 -0.8914
vn 0.4849 0.0795 -0.8709
vn 0.4735 0.0233 -0.8805
vn -0.4498 0.7730 0.4475
vn -0.4472 0.7954 0.4092
vn -0.5007 0.7665 0.4022
vn -0.5218 0.7043 0.4813
vn -0.7978 0.2302 0.5573
vn 0.7243 0.6249 -0.2915
vn 0.2369 0.9417 0.2390
vn 0.3230 0.7944 0.5144
vn 0.2802 0.6098 0.7413
vn -0.0079 0.6293 0.7772
vn -0.0090 0.6305 0.7761
vn -0.0083 0.6323 0.7747
vn -0.0092 0.6311 0.7756
vn -0.0042 0.6335 0.7737
vn -0.0050 0.6333 0.7739
vn -0.0079 0.6326 0.7745
vn -0.0079 0.6316 0.7752
vn -0.0072 0.6321 0.7748
vn -0.0087 0.6319 0.7750
vn -0.0082 0.6319 0.7750
vn 0.2700 0.7109 0.6494
vn 0.5686 0.7273 0.3844
vn 0.5688 0.7269 0.3848
vn 0.5442 0.2843 -0.7893
vn 0.5406 0.2874 -0.7907
vn 0.5417 0.2867 -0.7902
vn 0.5417 0.2871 -0.7900
vn 0.5434 0.2868 -0.7890
vn 0.5435 0.2860 -0.7892
vn 0.5430 0.2858 -0.7896
vn 0.5429 0.2856 -0.7897
vn 0.5408 0.2880 -0.7903
vn 0.5444 0.2804 -0.7905
vn 0.5477 0.2948 -0.7831
vn 0.1905 0.3125 -0.9306
vn 0.5540 0.5794 -0.5978
vn 0.5539 0.5830 -0.5944
vn 0.5562 0.5811 -0.5941
vn -0.0056 0.5062 -0.8624
vn 0.0027 0.4965 -0.8680
vn 0.0022 0.4947 -0.8691
vn 0.0063 0.5130 -0.8583
vn -0.0119 0.5049 -0.8631
vn -0.0186 0.5035 -0.8638
vn 0.0028 0.4973 -0.8676
vn 0.0014 0.5061 -0.8625
vn -0.0005 0.5108 -0.8597
vn -0.0065 0.5099 -0.8602
vn -0.0020 0.5048 -0.8632
vn -0.0023 0.5061 -0.8625
vn -0.0003 0.5054 -0.8629
vn 0.0006 0.5063 -0.8624
vn -0.0001 0.5061 -0.8625
vn -0.0038 0.5083 -0.8612
vn 0.5419 0.2873 -0.7898
vn 0.5432 0.2866 -0.7892
vn 0.5426 0.2871 -0.7894
vn 0.5429 0.2867 -0.7893
vn 0.5427 0.2866 -0.7895
vn 0.5430 0.2860 -0.7896
vn 0.5418 0.2861 -0.7903
vn -0.7275 -0.6782 -0.1042
vn -0.7238 -0.6830 -0.0984
vn -0.7232 -0.6839 -0.0967
vn -0.8709 -0.2639 0.4145
vn -0.8712 -0.2614 0.4157
vn 0.1883 -0.0562 0.9805
vn 0.1884 -0.0583 0.9804
vn 0.1877 -0.0590 0.9804
vn 0.1889 -0.0583 0.9803
vn 0.1872 -0.0584 0.9806
vn 0.1875 -0.0588 0.9805
vn 0.3977 -0.1878 0.8981
vn 0.8529 0.5164 -0.0763
vn 0.5649 0.7762 -0.2799
vn 0.5203 0.6607 -0.5411
vn 0.4676 0.7430 0.4789
vn 0.6624 0.7446 -0.0830
vn 0.0925 -0.8435 0.5291
vn 0.0915 -0.8429 0.5303
vn 0.0934 -0.8417 0.5319
vn 0.8430 0.0267 0.5372
vn -0.2357 0.9130 -0.3329
vn -0.2373 0.9124 -0.3336
vn -0.2389 0.9120 -0.3335
vn -0.2386 0.9120 -0.3335
vn -0.2386 0.9120 -0.3337
vn -0.2397 0.9123 -0.3320
vn -0.2393 0.9124 -0.3320
vn -0.8974 0.4204 -0.1338
vn -0.7163 0.6972 -0.0277
vn -0.7844 0.6200 -0.0171
vn 0.7592 0.4374 -0.4820
vn 0.5660 0.8075 -0.1662
vn 0.5520 0.8215 -0.1427
vn 0.5540 0.8130 -0.1792
vn 0.3512 0.5474 -0.7596
vn -0.1051 -0.0541 -0.9930
vn 0.9174 0.3911 0.0736
vn 0.5592 0.8155 -0.1491
vn 0.5583 0.8152 -0.1543
vn -0.9453 0.2952 -0.1391
vn -0.7118 0.5294 0.4616
vn -0.7152 0.5278 0.4582
vn -0.7132 0.5283 0.4607
vn -0.7142 0.5267 0.4609
vn -0.9761 -0.0400 0.2138
vn 0.5963 -0.6339 0.4924
vn 0.7132 -0.4200 0.5612
vn -0.3896 -0.7971 -0.4613
vn -0.1862 -0.6335 -0.7510
vn -0.0923 -0.7166 -0.6913
vn -0.0905 -0.6938 -0.7145
vn 0.5945 -0.6275 0.5028
vn 0.5933 -0.6350 0.4947
vn 0.5920 -0.6331 0.4987
vn 0.5932 -0.6320 0.4988
vn 0.5929 -0.6322 0.4988
vn 0.5903 -0.6356 0.4976
vn 0.5892 -0.6345 0.5003
vn -0.8691 -0.2130 -0.4464
vn -0.8686 -0.2125 -0.4476
vn -0.8685 -0.2130 -0.4477
vn -0.8687 -0.2117 -0.4479
vn -0.8683 -0.2129 -0.4480
vn -0.8683 -0.2140 -0.4474
vn -0.6081 -0.6166 0.5000
vn 0.4524 -0.2753 0.8482
vn -0.1170 0.3802 -0.9175
vn -0.1099 0.3861 -0.9159
vn -0.1085 0.4312 -0.8957
vn -0.0514 0.4542 -0.8894
vn -0.0425 0.4301 -0.9018
vn -0.0983 0.3531 -0.9304
vn -0.1490 0.4478 -0.8816
vn -0.1041 0.4448 -0.8896
vn 0.0353 0.4509 0.8919
vn -0.0717 -0.0436 0.9965
vn -0.0722 -0.0433 0.9964
vn -0.0736 -0.0447 0.9963
vn -0.0700 -0.0416 0.9967
vn -0.0718 -0.0425 0.9965
vn -0.0729 -0.0431 0.9964
vn 0.5308 0.3739 -0.7605
vn 0.5162 0.3740 -0.7705
vn -0.6988 -0.4006 0.5926
vn 0.6259 -0.1963 0.7548
vn 0.7289 -0.4241 0.5375
vn 0.6285 -0.5789 0.5195
vn 0.6298 -0.5820 0.5145
vn 0.6115 -0.5992 0.5167
vn 0.6258 -0.5867 0.5140
vn 0.6270 -0.5823 0.5174
vn 0.6302 -0.5810 0.5151
vn 0.6310 -0.5769 0.5186
vn 0.6291 -0.5816 0.5157
vn 0.6299 -0.5795 0.5172
vn 0.6273 -0.5816 0.5180
vn 0.6299 -0.5814 0.5150
vn 0.6298 -0.5796 0.5172
vn 0.4375 -0.8922 0.1117
vn -0.7861 -0.3636 0.4998
vn -0.7916 -0.3581 0.4950
vn -0.9230 -0.1389 0.3588
vn -0.0118 -0.6100 0.7923
vn -0.0178 -0.6121 0.7906
vn -0.0155 -0.6130 0.7900
vn -0.0135 -0.6125 0.7904
vn -0.0163 -0.6123 0.7905
vn -0.0129 -0.6127 0.7902
vn -0.0121 -0.6135 0.7896
vn -0.0169 -0.6129 0.7900
vn -0.0162 -0.6122 0.7905
vn -0.0128 -0.6130 0.7900
vn -0.0140 -0.6135 0.7896
vn -0.0149 -0.6129 0.7900
vn -0.0480 -0.7054 0.7072
vn 0.2765 -0.8176 0.5050
vn 0.2774 -0.8186 0.5030
vn -0.0883 -0.7444 0.6619
vn -0.0175 -0.6111 0.7913
vn -0.0159 -0.6156 0.7879
vn -0.0157 -0.6137 0.7894
vn -0.0142 -0.6139 0.7893
vn -0.0156 -0.6139 0.7892
vn -0.0139 -0.6127 0.7902
vn -0.0145 -0.6125 0.7903
vn -0.0146 -0.6131 0.7899
vn -0.0986 -0.5078 0.8558
vn 0.1569 -0.3697 0.9158
vn 0.1557 -0.3705 0.9157
vn 0.1576 -0.3704 0.9154
vn 0.1855 -0.2433 0.9520
vn 0.5052 -0.2543 0.8247
vn 0.5057 -0.2542 0.8244
vn 0.5047 -0.2544 0.8250
vn 0.5061 -0.2575 0.8231
vn 0.5051 -0.2575 0.8237
vn 0.5030 -0.2540 0.8261
vn 0.5020 -0.2552 0.8263
vn 0.5059 -0.2544 0.8242
vn 0.5054 -0.2549 0.8244
vn 0.5057 -0.2549 0.8242
vn 0.5062 -0.2561 0.8235
vn 0.5040 -0.2544 0.8254
vn -0.3167 -0.9139 -0.2539
vn -0.4360 -0.8753 -0.2092
vn -0.8117 -0.3421 0.4734
vn -0.8089 -0.5819 0.0840
vn -0.2015 -0.8747 0.4408
vn 0.5953 -0.1979 0.7787
vn 0.5971 -0.2004 0.7768
vn 0.5947 -0.2007 0.7785
vn 0.5963 -0.2017 0.7770
vn 0.5967 -0.1968 0.7779
vn -0.8024 -0.2970 0.5176
vn -0.2500 0.7950 -0.5527
vn -0.2569 0.7873 -0.5605
vn -0.2529 0.7923 -0.5553
vn -0.2558 0.7911 -0.5557
vn -0.2546 0.7918 -0.5551
vn -0.2548 0.7916 -0.5553
vn -0.2552 0.7915 -0.5553
vn -0.2554 0.7922 -0.5542
vn -0.2552 0.7903 -0.5570
vn -0.2558 0.7937 -0.5520
vn -0.2548 0.7928 -0.5536
vn -0.4510 0.6824 -0.5752
vn -0.3557 0.5811 -0.7320
vn 0.2636 0.6135 -0.7444
vn 0.2683 0.6091 -0.7463
vn 0.2599 0.6124 -0.7466
vn 0.2625 0.6106 -0.7472
vn 0.2630 0.6108 -0.7468
vn 0.2634 0.6107 -0.7467
vn 0.2637 0.6102 -0.7471
vn 0.2618 0.6099 -0.7480
vn 0.2677 0.6108 -0.7452
vn 0.2654 0.6111 -0.7458
vn 0.2650 0.6111 -0.7459
vn 0.2632 0.6121 -0.7457
vn 0.2634 0.6109 -0.7466
vn 0.2632 0.6111 -0.7465
vn 0.2629 0.6113 -0.7465
vn 0.2627 0.6109 -0.7469
vn -0.5005 0.7835 0.3683
vn 0.0086 0.9954 -0.0957
vn 0.2074 0.7254 -0.6563
vn -0.8428 -0.4929 0.2164
vn -0.8422 0.1574 0.5157
vn -0.3118 0.8002 0.5124
vn -0.5522 0.7452 0.3739
vn -0.2353 -0.0218 0.9717
vn 0.3215 0.9071 0.2717
vn 0.3220 0.9061 0.2745
vn 0.3206 0.9068 0.2737
vn 0.3271 0.9061 0.2683
vn 0.3257 0.9060 0.2703
vn 0.3236 0.9057 0.2738
vn 0.3227 0.9064 0.2724
vn 0.3249 0.9064 0.2699
vn 0.3256 0.9053 0.2726
vn 0.3267 0.9050 0.2724
vn 0.8003 0.4914 0.3436
vn 0.8038 0.4837 0.3464
vn -0.8212 -0.5364 -0.1947
vn 0.8680 0.2662 0.4192
vn 0.8681 0.2636 0.4206
vn 0.9146 0.1637 0.3698
vn -0.2013 -0.5937 0.7791
vn -0.2009 -0.5938 0.7792
vn -0.2023 -0.5941 0.7785
vn -0.1992 -0.5937 0.7796
vn -0.3304 -0.3860 0.8613
vn 0.4654 0.6644 -0.5848
vn -0.0026 0.9955 0.0949
vn -0.0231 0.9983 0.0532
vn -0.0181 0.9980 0.0608
vn -0.0308 0.9984 0.0479
vn -0.0117 0.9971 0.0753
vn 0.0243 0.9978 0.0624
vn -0.0253 0.9966 0.0785
vn -0.0398 0.9989 0.0251
vn -0.0189 0.9991 0.0389
vn -0.5298 -0.6828 0.5031
vn -0.5949 -0.5694 -0.5673
vn -0.1316 0.7264 -0.6746
vn -0.0244 0.7139 -0.6998
vn -0.4543 -0.7555 0.4721
vn -0.4549 -0.7559 0.4708
vn -0.4553 -0.7549 0.4721
vn -0.4573 -0.7542 0.4712
vn -0.4554 -0.7556 0.4709
vn -0.4559 -0.7551 0.4711
vn -0.4560 -0.7550 0.4713
vn -0.4558 -0.7557 0.4702
vn -0.4558 -0.7551 0.4713
vn -0.4556 -0.7550 0.4715
vn -0.4565 -0.7554 0.4701
vn -0.4555 -0.7551 0.4715
vn -0.4561 -0.7558 0.4698
vn -0.4560 -0.7553 0.4708
vn -0.4560 -0.7548 0.4716
vn -0.8449 0.5190 0.1294
vn -0.3079 0.4417 0.8427
vn -0.3158 0.4407 0.8403
vn -0.3019 0.4452 0.8430
vn -0.3089 0.4471 0.8394
vn -0.3063 0.4149 0.8568
vn -0.2967 0.4593 0.8373
vn -0.3427 0.4345 0.8329
vn -0.3215 0.4525 0.8318
vn -0.2970 0.4637 0.8347
vn -0.2395 0.4130 0.8787
vn -0.2772 0.4196 0.8644
vn 0.2478 0.7141 -0.6547
vn 0.2560 0.7094 -0.6566
vn 0.2483 0.7123 -0.6565
vn 0.2491 0.7117 -0.6568
vn 0.6360 0.1568 -0.7556
vn 0.6360 0.1519 -0.7566
vn 0.6371 0.1650 -0.7529
vn 0.6352 0.1537 -0.7569
vn 0.6316 0.1587 -0.7589
vn 0.6344 0.1645 -0.7553
vn 0.6338 0.1567 -0.7575
vn 0.6343 0.1539 -0.7576
vn 0.6363 0.1580 -0.7550
vn 0.6333 0.1548 -0.7582
vn 0.6965 0.1327 -0.7052
vn 0.7101 0.1383 -0.6904
vn -0.8778 -0.4759 -0.0549
vn -0.8802 -0.4711 -0.0580
vn -0.8813 -0.4690 -0.0585
vn -0.8803 -0.4706 -0.0591
vn -0.8808 -0.4697 -0.0601
vn -0.8802 -0.4707 -0.0608
vn -0.8805 -0.4705 -0.0583
vn -0.8816 -0.4682 -0.0595
vn -0.8821 -0.4674 -0.0585
vn -0.8796 -0.4722 -0.0574
vn -0.8807 -0.4699 -0.0603
vn -0.8802 -0.4708 -0.0605
vn -0.8810 -0.4693 -0.0594
vn -0.8813 -0.4688 -0.0599
vn -0.8802 -0.4708 -0.0606
vn 0.9658 0.2453 -0.0841
vn 0.7070 -0.1738 0.6855
vn 0.0961 0.5297 0.8427
vn -0.1406 0.5699 0.8096
vn -0.2586 0.5946 0.7613
vn -0.2625 0.5992 0.7563
vn -0.2521 0.5946 0.7635
vn -0.2634 0.5955 0.7590
vn -0.2558 0.6036 0.7552
vn -0.2581 0.5995 0.7577
vn -0.2594 0.6005 0.7564
vn -0.2618 0.5983 0.7573
vn -0.2581 0.5992 0.7578
vn -0.2552 0.5973 0.7604
vn -0.2572 0.6018 0.7561
vn -0.2576 0.6000 0.7574
vn -0.2577 0.5998 0.7575
vn -0.8273 0.0936 -0.5538
vn -0.8302 0.0917 -0.5499
vn -0.8284 0.0890 -0.5530
vn -0.8291 0.0925 -0.5514
vn -0.8274 0.0926 -0.5539
vn -0.8283 0.0922 -0.5526
vn -0.8268 0.0923 -0.5549
vn -0.8293 0.1018 -0.5495
vn -0.6141 -0.0719 0.7860
vn -0.6846 -0.0842 0.7241
vn 0.7473 -0.2892 -0.5983
vn 0.7474 -0.2908 -0.5974
vn 0.7474 -0.2900 -0.5977
vn 0.7477 -0.2901 -0.5973
vn 0.7476 -0.2905 -0.5972
vn 0.7475 -0.2896 -0.5978
vn 0.7470 -0.2913 -0.5976
vn 0.7477 -0.2914 -0.5967
vn 0.7466 -0.2890 -0.5992
vn 0.7475 -0.2914 -0.5969
vn 0.7486 -0.2895 -0.5966
vn 0.7475 -0.2909 -0.5972
vn 0.7476 -0.2903 -0.5973
vn 0.7489 -0.2910 -0.5954
vn 0.7438 -0.2945 -0.6001
vn 0.7480 -0.2880 -0.5980
vn 0.6275 -0.0366 -0.7778
vn 0.4662 -0.2678 -0.8432
vn 0.4666 -0.2666 -0.8434
vn 0.4668 -0.2679 -0.8428
vn 0.4140 -0.0512 -0.9088
vn 0.7727 0.6346 -0.0156
vn 0.7771 0.6293 -0.0032
vn 0.7756 0.6311 0.0083
vn 0.7787 0.6270 0.0216
vn 0.7920 0.6103 0.0137
vn 0.7613 0.6471 0.0406
vn 0.7647 0.6442 0.0158
vn 0.3265 -0.7985 -0.5057
vn 0.3262 -0.7993 -0.5048
vn 0.3291 -0.7965 -0.5073
vn 0.3279 -0.7958 -0.5092
vn 0.3247 -0.7960 -0.5108
vn 0.3294 -0.7965 -0.5070
vn 0.2000 -0.2202 0.9547
vn 0.1981 -0.2215 0.9548
vn 0.1980 -0.2227 0.9546
vn 0.1998 -0.2182 0.9552
vn 0.1988 -0.1553 0.9677
vn 0.2623 0.0860 0.9611
vn 0.2609 0.0888 0.9613
vn -0.5185 0.7257 -0.4523
vn -0.5521 0.8252 -0.1196
vn 0.2805 0.3211 0.9045
vn 0.2948 0.3195 0.9005
vn 0.5707 -0.6918 0.4424
vn 0.4259 -0.6435 0.6360
vn 0.7919 0.1180 -0.5992
vn 0.7918 0.1178 -0.5992
vn 0.7922 0.1186 -0.5986
vn 0.7920 0.1185 -0.5988
vn 0.7919 0.1188 -0.5990
vn 0.7915 0.1187 -0.5995
vn 0.7921 0.1190 -0.5987
vn 0.7827 -0.0341 -0.6215
vn 0.7696 0.0001 -0.6385
vn 0.7908 0.1199 -0.6002
vn 0.7927 0.1195 -0.5978
vn 0.7916 0.1186 -0.5994
vn 0.7927 0.1197 -0.5977
vn 0.7925 0.1177 -0.5984
vn 0.7924 0.1194 -0.5982
vn -0.3902 0.8461 -0.3631
vn -0.8278 -0.0663 -0.5571
vn -0.8281 -0.0668 -0.5566
vn -0.8265 -0.0648 -0.5592
vn -0.8279 -0.0653 -0.5571
vn -0.3091 0.8126 0.4942
vn -0.2729 0.8065 0.5244
vn -0.3311 0.7879 0.5192
vn -0.3763 0.8900 0.2576
vn 0.3121 0.2385 -0.9196
vn -0.2638 0.8127 0.5195
vn -0.3130 0.7983 0.5145
vn -0.3353 0.8033 0.4922
vn -0.2703 0.8015 0.5335
vn -0.3082 0.7824 0.5412
vn -0.3039 0.8301 0.4676
vn -0.3184 0.7706 0.5521
vn -0.3012 0.8079 0.5065
vn -0.3026 0.7924 0.5296
vn -0.3318 0.7859 0.5218
vn -0.3071 0.8163 0.4892
vn -0.3024 0.8074 0.5065
vn -0.2994 0.8176 0.4918
vn -0.3044 0.8222 0.4810
vn -0.3422 0.7919 0.5057
vn -0.2831 0.7905 0.5431
vn -0.6770 -0.5313 -0.5093
vn -0.4821 -0.0268 0.8757
vn -0.4792 -0.0244 0.8774
vn -0.4696 -0.0391 0.8820
vn 0.7454 -0.1322 0.6534
vn 0.7502 0.3592 0.5552
vn 0.6417 0.5857 0.4952
vn 0.0319 0.9977 0.0604
vn -0.2313 0.7608 0.6064
vn -0.4943 -0.0338 0.8686
vn -0.4763 -0.0368 0.8785
vn -0.4757 -0.0215 0.8793
vn -0.4709 -0.0376 0.8814
vn 0.9649 0.2439 -0.0971
vn 0.5653 0.5428 -0.6212
vn 0.5684 0.5362 -0.6240
vn 0.7376 0.6739 0.0409
vn 0.7377 0.6738 0.0412
vn 0.7382 0.6733 0.0410
vn 0.4797 0.4516 -0.7523
vn 0.8115 -0.3906 -0.4347
vn 0.8091 -0.3951 -0.4351
vn 0.8155 -0.3944 -0.4236
vn 0.8123 -0.3865 -0.4369
vn -0.0312 -0.9743 -0.2233
vn 0.2384 0.2410 -0.9408
vn 0.4634 0.2145 -0.8598
vn 0.0258 0.9425 -0.3332
vn -0.2513 0.8704 -0.4234
vn 0.2333 0.2448 -0.9411
vn 0.2341 0.2366 -0.9430
vn 0.7556 -0.5546 0.3487
vn -0.6638 -0.2487 0.7053
vn -0.6660 -0.2529 0.7018
vn 0.2688 0.8148 -0.5137
vn 0.2766 0.8103 -0.5166
vn 0.2757 0.8118 -0.5148
vn 0.2732 0.8114 -0.5167
vn 0.2727 0.8253 -0.4945
vn 0.2719 0.8117 -0.5169
vn 0.3493 0.7876 0.5076
vn 0.4988 0.8667 0.0048
vn -0.4540 0.0720 0.8881
vn 0.0205 0.3948 0.9185
vn 0.1729 0.0984 0.9800
vn -0.3204 0.7930 0.5182
vn -0.8907 0.4452 -0.0922
vn -0.8893 0.4462 -0.1000
vn -0.9003 0.4288 -0.0747
vn -0.8957 0.4337 -0.0978
vn -0.9928 -0.1193 -0.0106
vn -0.8519 -0.4301 0.2990
vn -0.8576 -0.4175 0.3003
vn -0.8670 -0.4082 0.2859
vn -0.8815 -0.3912 0.2643
vn -0.8675 -0.4244 0.2595
vn -0.8698 -0.4048 0.2821
vn -0.8731 -0.4050 0.2714
vn -0.8601 -0.3907 0.3280
vn -0.8734 -0.4128 0.2583
vn -0.8409 -0.4464 0.3059
vn -0.8546 -0.4084 0.3207
vn -0.8667 -0.3957 0.3037
vn -0.8945 -0.3932 0.2126
vn 0.7537 0.5210 0.4007
vn 0.4942 0.5987 0.6303
vn 0.5597 0.7290 0.3941
vn 0.5855 0.3854 0.7132
vn 0.5797 -0.7996 -0.1570
vn 0.6053 -0.7759 -0.1777
vn 0.5850 -0.7918 -0.1756
vn 0.6046 -0.7766 -0.1769
vn 0.6029 -0.7889 -0.1192
vn 0.3981 -0.9026 0.1639
vn 0.7447 0.1327 -0.6541
vn 0.7335 0.1360 -0.6660
vn 0.7321 0.1301 -0.6686
vn 0.7359 0.1307 -0.6643
vn 0.7360 0.1316 -0.6640
vn 0.7345 0.1300 -0.6660
vn 0.7361 0.1327 -0.6637
vn 0.7338 0.1281 -0.6671
vn 0.7299 0.1329 -0.6705
vn 0.7333 0.1336 -0.6666
vn 0.7340 0.1331 -0.6660
vn 0.6738 -0.7255 0.1400
vn 0.6075 -0.7788 -0.1564
vn 0.6017 -0.7846 -0.1497
vn 0.5955 -0.7849 -0.1711
vn 0.5885 -0.7943 -0.1506
vn 0.7311 -0.6815 -0.0315
vn 0.7296 0.1363 -0.6702
vn 0.8086 0.2844 -0.5151
vn 0.7768 0.5616 -0.2848
vn 0.6247 0.2520 -0.7390
vn 0.5808 0.1630 -0.7975
vn 0.5111 0.3037 -0.8041
vn -0.0541 0.3127 -0.9483
vn -0.0532 0.3130 -0.9483
vn -0.0539 0.3140 -0.9479
vn -0.0542 0.3138 -0.9479
vn -0.0544 0.3134 -0.9481
vn -0.0549 0.3131 -0.9481
vn 0.7534 0.6574 -0.0112
vn 0.7727 0.5403 0.3333
vn 0.5740 0.7070 0.4132
vn 0.5929 0.6957 0.4057
vn 0.7597 0.5275 0.3803
vn -0.2030 -0.7127 0.6714
vn -0.0176 0.9991 -0.0384
vn 0.0037 0.9988 -0.0492
vn 0.0268 0.9985 -0.0482
vn 0.0156 0.9992 -0.0367
vn -0.6896 0.2627 -0.6749
vn -0.6913 0.2635 -0.6728
vn -0.6896 0.2656 -0.6737
vn -0.6889 0.2612 -0.6761
vn -0.6885 0.2637 -0.6756
vn -0.6900 0.2633 -0.6742
vn -0.6892 0.2644 -0.6746
vn -0.6898 0.2636 -0.6743
vn -0.6900 0.2635 -0.6742
vn -0.6896 0.2635 -0.6746
vn -0.6888 0.2641 -0.6752
vn -0.0089 0.9981 -0.0618
vn -0.0175 0.9983 -0.0548
vn -0.2778 0.3475 0.8956
vn 0.7198 -0.5750 0.3889
vn 0.7325 -0.5571 0.3912
vn 0.7571 -0.5165 0.4001
vn 0.7387 -0.5179 0.4313
vn 0.7072 -0.5668 0.4225
vn 0.0197 -0.0116 0.9997
vn 0.0192 -0.0098 0.9998
vn -0.1797 0.2155 0.9598
vn -0.2713 0.3478 0.8975
vn -0.2706 0.3487 0.8973
vn -0.2713 0.3490 0.8970
vn 0.0460 -0.3928 0.9185
vn 0.0261 -0.3442 0.9385
vn 0.0398 -0.3604 0.9320
vn 0.0402 -0.3618 0.9314
vn 0.0437 -0.3631 0.9307
vn 0.0583 -0.3480 0.9357
vn 0.0116 -0.3578 0.9337
vn 0.1812 0.9316 0.3149
vn 0.1814 0.9315 0.3154
vn 0.1812 0.9317 0.3148
vn 0.1821 0.9317 0.3144
vn 0.1824 0.9309 0.3163
vn 0.1822 0.9314 0.3151
vn 0.1823 0.9316 0.3144
vn 0.1822 0.9315 0.3148
vn 0.1812 0.9313 0.3159
vn 0.1825 0.9316 0.3145
vn 0.1824 0.9313 0.3154
vn 0.1821 0.9316 0.3145
vn 0.1819 0.9315 0.3150
vn 0.1823 0.9313 0.3154
vn 0.1819 0.9316 0.3147
vn 0.1809 0.9314 0.3159
vn 0.1821 0.9312 0.3159
vn 0.0946 0.6179 0.7805
vn 0.3827 0.5012 0.7761
vn 0.3829 0.4999 0.7769
vn 0.3839 0.5001 0.7763
vn 0.3818 0.5015 0.7764
vn 0.3894 0.4983 0.7746
vn 0.3783 0.4966 0.7813
vn 0.0304 -0.3461 0.9377
vn 0.0648 -0.3726 0.9257
vn 0.0196 -0.3152 0.9488
vn 0.4109 0.7149 0.5658
vn -0.0262 0.3682 0.9294
vn 0.0305 -0.3927 0.9192
vn 0.0218 -0.3491 0.9368
vn 0.0643 -0.3605 0.9305
vn 0.0180 -0.3025 0.9530
vn 0.1079 -0.3715 0.9221
vn 0.0300 -0.3136 0.9491
vn 0.0491 -0.3298 0.9428
vn 0.6479 0.6731 0.3567
vn 0.5975 0.7958 0.0985
vn 0.1490 0.8660 -0.4773
vn 0.1090 0.9676 0.2276
vn 0.2366 0.2576 0.9368
vn -0.5630 -0.0782 0.8228
vn -0.5603 -0.0783 0.8245
vn -0.5610 -0.0736 0.8246
vn -0.5586 -0.0819 0.8254
vn -0.5429 -0.1612 0.8242
vn -0.5826 0.3643 0.7266
vn -0.5932 0.3640 0.7181
vn 0.6801 0.6443 0.3498
vn 0.6866 0.6537 0.3181
vn 0.1665 0.5247 0.8348
vn -0.9321 -0.2361 0.2748
vn 0.3135 0.8771 0.3640
vn -0.2547 -0.6507 -0.7153
vn -0.2403 -0.6504 -0.7206
vn 0.0310 -0.6648 -0.7463
vn 0.0648 -0.6635 -0.7454
vn 0.0605 -0.6644 -0.7449
vn 0.0654 -0.6612 -0.7473
vn 0.0668 -0.6627 -0.7459
vn -0.3469 -0.9166 -0.1986
vn -0.0310 -0.9639 -0.2644
vn -0.0858 -0.8330 -0.5466
vn 0.6191 -0.4774 -0.6235
vn -0.0773 -0.8621 -0.5008
vn -0.0727 -0.8619 -0.5019
vn -0.0702 -0.8588 -0.5074
vn -0.0713 -0.8612 -0.5033
vn -0.0785 -0.8611 -0.5023
vn -0.0748 -0.8603 -0.5043
vn -0.0711 -0.8612 -0.5033
vn -0.0725 -0.8616 -0.5023
vn -0.0782 -0.8543 -0.5139
vn 0.2919 0.7522 -0.5907
vn -0.7271 -0.6852 0.0423
vn -0.5251 0.3421 -0.7793
vn -0.5243 0.3421 -0.7798
vn -0.5262 0.3411 -0.7789
vn -0.5211 0.3447 -0.7808
vn -0.5168 0.3434 -0.7842
vn -0.5140 0.3372 -0.7887
vn 0.7058 -0.1554 -0.6912
vn 0.7075 -0.1505 -0.6905
vn -0.2986 0.4700 -0.8306
vn -0.2983 0.4696 -0.8309
vn -0.4059 -0.3069 0.8608
vn 0.8433 -0.1264 0.5224
vn 0.8446 -0.1188 0.5221
vn 0.5915 0.2893 0.7526
vn -0.1269 0.6444 0.7540
vn -0.1424 0.6467 0.7493
vn -0.7741 0.3864 0.5015
vn 0.0990 0.8862 0.4527
vn -0.1085 0.6377 0.7626
vn -0.1101 0.6365 0.7634
vn -0.1114 0.6354 0.7641
vn -0.1089 0.6391 0.7614
vn -0.1102 0.6326 0.7666
vn 0.2238 0.0474 0.9735
vn 0.2300 0.0439 0.9722
vn 0.2277 0.0454 0.9727
vn 0.2278 0.0451 0.9727
vn 0.5319 0.1237 -0.8377
vn 0.7844 -0.4472 0.4298
vn -0.4371 -0.6143 -0.6569
vn -0.4234 0.4842 -0.7657
vn -0.4217 0.4844 -0.7665
vn -0.4206 0.4844 -0.7671
vn -0.4247 0.4846 -0.7647
vn -0.4228 0.4839 -0.7662
vn -0.4228 0.4855 -0.7652
vn -0.4229 0.4854 -0.7652
vn -0.4237 0.4845 -0.7653
vn 0.4665 0.3030 0.8310
vn 0.9215 -0.3155 -0.2264
vn 0.9235 -0.3074 -0.2296
vn 0.9205 -0.3176 -0.2276
vn 0.9191 -0.3238 -0.2245
vn 0.9183 -0.3272 -0.2228
vn -0.6368 0.2921 -0.7135
vn -0.6378 0.2885 -0.7142
vn 0.2132 -0.1978 -0.9568
vn -0.2767 -0.2964 0.9141
vn -0.2758 -0.2960 0.9145
vn -0.2759 -0.2955 0.9146
vn -0.2763 -0.2944 0.9149
vn -0.2762 -0.2949 0.9147
vn -0.2768 -0.2939 0.9149
vn -0.2751 -0.2945 0.9152
vn -0.2752 -0.2926 0.9158
vn -0.2773 -0.2931 0.9150
vn 0.5302 -0.7783 0.3364
vn -0.6813 0.6926 -0.2368
vn -0.6808 0.6918 -0.2408
vn -0.6803 0.6920 -0.2414
vn -0.6802 0.6932 -0.2383
vn 0.5293 -0.3846 -0.7562
vn 0.5286 -0.3853 -0.7564
vn 0.5298 -0.3876 -0.7544
vn 0.5410 -0.3624 -0.7590
vn -0.5022 0.8251 0.2589
vn 0.4854 0.6631 0.5698
vn 0.4845 0.6630 0.5707
vn 0.4834 0.6640 0.5705
vn 0.4841 0.6633 0.5707
vn 0.4858 0.6635 0.5690
vn 0.4870 0.6624 0.5693
vn 0.4841 0.6637 0.5702
vn 0.4850 0.6632 0.5700
vn 0.2433 -0.3755 -0.8943
vn 0.2476 -0.3324 -0.9101
vn 0.2270 -0.3380 -0.9134
vn 0.2164 -0.3671 -0.9047
vn 0.1997 -0.3686 -0.9079
vt 0.860464 0.522806
vt 0.860290 0.522698
vt 0.860716 0.522298
vt 0.860841 0.522485
vt 0.864651 0.521875
vt 0.442738 0.872924
vt 0.443766 0.875949
vt 0.442615 0.875404
vt 0.444934 0.878118
vt 0.443991 0.878307
vt 0.457437 0.893640
vt 0.455927 0.894257
vt 0.451770 0.895986
vt 0.448444 0.900904
vt 0.412857 0.884918
vt 0.417525 0.868215
vt 0.416924 0.867645
vt 0.418179 0.864736
vt 0.416360 0.863148
vt 0.423700 0.849031
vt 0.422943 0.848420
vt 0.424994 0.844343
vt 0.426922 0.846083
vt 0.437905 0.855444
vt 0.445650 0.875782
vt 0.767067 0.709874
vt 0.767494 0.710037
vt 0.755592 0.719891
vt 0.035033 0.856247
vt 0.037057 0.853206
vt 0.047227 0.860162
vt 0.036190 0.861078
vt 0.032994 0.859458
vt 0.792543 0.736934
vt 0.792601 0.734288
vt 0.761760 0.743660
vt 0.762127 0.740948
vt 0.759036 0.741327
vt 0.759357 0.739455
vt 0.756964 0.739614
vt 0.764912 0.729148
vt 0.758078 0.730042
vt 0.758746 0.728939
vt 0.758784 0.727897
vt 0.758367 0.726896
vt 0.755837 0.723980
vt 0.755091 0.722896
vt 0.754860 0.721591
vt 0.781449 0.696368
vt 0.781584 0.696650
vt 0.792388 0.683495
vt 0.792905 0.683736
vt 0.791920 0.684866
vt 0.792149 0.685501
vt 0.791277 0.686458
vt 0.791911 0.687809
vt 0.796167 0.685925
vt 0.796416 0.686859
vt 0.797371 0.686786
vt 0.797657 0.687765
vt 0.797993 0.688825
vt 0.798985 0.691323
vt 0.797921 0.691386
vt 0.804149 0.709671
vt 0.805416 0.709461
vt 0.805487 0.711643
vt 0.804377 0.734743
vt 0.154292 0.037094
vt 0.774323 0.140860
vt 0.775779 0.141738
vt 0.778189 0.137700
vt 0.780848 0.138454
vt 0.776380 0.147327
vt 0.778342 0.148120
vt 0.158970 0.046381
vt 0.459758 0.662605
vt 0.450420 0.650826
vt 0.448593 0.637213
vt 0.446409 0.627737
vt 0.443335 0.619774
vt 0.655088 0.374449
vt 0.655220 0.373600
vt 0.655720 0.373594
vt 0.462297 0.638079
vt 0.464825 0.636079
vt 0.469098 0.661976
vt 0.470145 0.658796
vt 0.474856 0.669473
vt 0.475330 0.665421
vt 0.481239 0.672012
vt 0.482394 0.668014
vt 0.496255 0.695226
vt 0.493504 0.695013
vt 0.491549 0.704337
vt 0.494241 0.703098
vt 0.494020 0.703933
vt 0.489837 0.706099
vt 0.488177 0.706450
vt 0.484261 0.705455
vt 0.479977 0.702492
vt 0.471722 0.690386
vt 0.077444 0.172481
vt 0.077256 0.173112
vt 0.076481 0.173754
vt 0.075706 0.174396
vt 0.075696 0.173185
vt 0.076582 0.172973
vt 0.616292 0.717179
vt 0.617791 0.719584
vt 0.615697 0.721233
vt 0.613692 0.722863
vt 0.611945 0.720742
vt 0.609945 0.722476
vt 0.589829 0.701190
vt 0.585764 0.696771
vt 0.589631 0.693774
vt 0.597365 0.687780
vt 0.815821 0.632819
vt 0.811767 0.626091
vt 0.829744 0.621296
vt 0.830244 0.623653
vt 0.834919 0.621962
vt 0.819575 0.637284
vt 0.818394 0.635801
vt 0.099682 0.805343
vt 0.126702 0.801576
vt 0.187940 0.811030
vt 0.166406 0.815158
vt 0.411745 0.130958
vt 0.411507 0.130785
vt 0.418980 0.120247
vt 0.428407 0.109001
vt 0.428693 0.109154
vt 0.419170 0.120467
vt 0.915456 0.825012
vt 0.918548 0.830974
vt 0.912539 0.833456
vt 0.698040 0.861945
vt 0.697687 0.862418
vt 0.908272 0.838656
vt 0.902362 0.841006
vt 0.900814 0.838301
vt 0.895487 0.840474
vt 0.893899 0.837828
vt 0.869254 0.846577
vt 0.694408 0.865824
vt 0.693714 0.866221
vt 0.693761 0.866382
vt 0.692784 0.866776
vt 0.675294 0.870332
vt 0.661094 0.870986
vt 0.638532 0.869639
vt 0.661097 0.870793
vt 0.675467 0.870188
vt 0.679889 0.869556
vt 0.679811 0.869475
vt 0.849424 0.866703
vt 0.848043 0.865714
vt 0.853604 0.859505
vt 0.851784 0.858947
vt 0.853531 0.856726
vt 0.851344 0.856618
vt 0.852428 0.854783
vt 0.850081 0.854971
vt 0.847889 0.848759
vt 0.845501 0.849406
vt 0.844524 0.848096
vt 0.846856 0.847388
vt 0.845788 0.845884
vt 0.903099 0.815866
vt 0.905300 0.820233
vt 0.699750 0.860604
vt 0.797745 0.676207
vt 0.797403 0.675718
vt 0.797563 0.675517
vt 0.797911 0.676086
vt 0.792829 0.676180
vt 0.793019 0.676308
vt 0.792880 0.676786
vt 0.462866 0.957271
vt 0.465257 0.957456
vt 0.462343 0.965670
vt 0.464360 0.967014
vt 0.451910 0.979089
vt 0.450756 0.978375
vt 0.449387 0.977836
vt 0.446485 0.976859
vt 0.441548 0.973997
vt 0.439359 0.972389
vt 0.444241 0.961682
vt 0.441361 0.963688
vt 0.441796 0.962006
vt 0.439260 0.963681
vt 0.441948 0.946813
vt 0.442296 0.944817
vt 0.468039 0.935303
vt 0.458737 0.941738
vt 0.465309 0.943540
vt 0.461130 0.949098
vt 0.465446 0.946548
vt 0.465192 0.953806
vt 0.501006 0.887292
vt 0.507911 0.890626
vt 0.516115 0.898223
vt 0.517576 0.899229
vt 0.538245 0.910589
vt 0.540231 0.912139
vt 0.523888 0.912387
vt 0.523049 0.911358
vt 0.519820 0.911637
vt 0.513267 0.912513
vt 0.514308 0.914427
vt 0.510751 0.914739
vt 0.511712 0.915883
vt 0.494389 0.915798
vt 0.491620 0.908178
vt 0.489121 0.908887
vt 0.479404 0.880624
vt 0.482369 0.879976
vt 0.489546 0.882980
vt 0.489661 0.882658
vt 0.496069 0.885490
vt 0.500778 0.887519
vt 0.904263 0.391824
vt 0.898873 0.392639
vt 0.897600 0.387508
vt 0.894631 0.388123
vt 0.887010 0.364871
vt 0.902089 0.364084
vt 0.409302 0.144574
vt 0.606350 0.145274
vt 0.605785 0.132645
vt 0.606339 0.132675
vt 0.606363 0.131588
vt 0.607375 0.131557
vt 0.607361 0.132728
vt 0.404946 0.133335
vt 0.405708 0.134445
vt 0.405939 0.134305
vt 0.407858 0.138319
vt 0.407675 0.138377
vt 0.409544 0.142547
vt 0.409303 0.143542
vt 0.409453 0.143849
vt 0.863472 0.520052
vt 0.864076 0.520273
vt 0.864681 0.520515
vt 0.864740 0.521728
vt 0.864307 0.521553
vt 0.853327 0.743529
vt 0.852354 0.742835
vt 0.852301 0.741794
vt 0.852830 0.740566
vt 0.858430 0.733926
vt 0.859191 0.730768
vt 0.858883 0.727653
vt 0.621000 0.807534
vt 0.850370 0.719384
vt 0.847825 0.716476
vt 0.847167 0.715258
vt 0.628053 0.792007
vt 0.628751 0.792773
vt 0.632690 0.787613
vt 0.633633 0.789027
vt 0.644823 0.776495
vt 0.640535 0.773237
vt 0.641211 0.772480
vt 0.643337 0.774121
vt 0.644502 0.772972
vt 0.640447 0.769561
vt 0.642108 0.767912
vt 0.640291 0.766087
vt 0.641242 0.765179
vt 0.643054 0.767017
vt 0.644024 0.766175
vt 0.645933 0.767986
vt 0.685114 0.803506
vt 0.684278 0.804135
vt 0.694573 0.814477
vt 0.693581 0.815408
vt 0.697195 0.820181
vt 0.696277 0.821154
vt 0.697666 0.823381
vt 0.696916 0.824149
vt 0.698002 0.826179
vt 0.697429 0.826463
vt 0.698222 0.829910
vt 0.699201 0.830147
vt 0.700086 0.834647
vt 0.701703 0.833055
vt 0.703118 0.836007
vt 0.704616 0.834466
vt 0.707674 0.841714
vt 0.709335 0.840119
vt 0.815113 0.816374
vt 0.820557 0.816080
vt 0.826947 0.814514
vt 0.839911 0.806670
vt 0.847892 0.796024
vt 0.850394 0.788691
vt 0.849205 0.781323
vt 0.848977 0.779560
vt 0.849284 0.775895
vt 0.850017 0.773950
vt 0.865708 0.754083
vt 0.866430 0.751246
vt 0.866388 0.748584
vt 0.865644 0.746280
vt 0.864056 0.744623
vt 0.630409 0.170782
vt 0.636544 0.165387
vt 0.637803 0.166414
vt 0.632032 0.172027
vt 0.240037 0.793154
vt 0.241636 0.794281
vt 0.241466 0.794443
vt 0.239955 0.793304
vt 0.603372 0.079219
vt 0.601274 0.070283
vt 0.600304 0.070329
vt 0.598833 0.066349
vt 0.599817 0.066259
vt 0.613662 0.063606
vt 0.612887 0.061206
vt 0.617173 0.059902
vt 0.617958 0.062479
vt 0.622580 0.061022
vt 0.636043 0.089915
vt 0.635364 0.091068
vt 0.635034 0.092249
vt 0.610505 0.095804
vt 0.610672 0.093484
vt 0.608198 0.093575
vt 0.608093 0.095877
vt 0.607143 0.095909
vt 0.607010 0.098226
vt 0.605942 0.098263
vt 0.606055 0.095952
vt 0.603785 0.095978
vt 0.843605 0.709131
vt 0.837780 0.705254
vt 0.834533 0.703088
vt 0.812798 0.689274
vt 0.799873 0.681681
vt 0.609712 0.732686
vt 0.611665 0.734110
vt 0.613959 0.732118
vt 0.583766 0.706741
vt 0.625895 0.735810
vt 0.627173 0.734719
vt 0.610099 0.767423
vt 0.481419 0.724196
vt 0.479236 0.730387
vt 0.478062 0.729973
vt 0.609449 0.770456
vt 0.608435 0.769217
vt 0.608020 0.764099
vt 0.608553 0.763184
vt 0.609626 0.765952
vt 0.820737 0.170386
vt 0.801114 0.201345
vt 0.801209 0.199526
vt 0.798229 0.199424
vt 0.813380 0.168085
vt 0.815619 0.170421
vt 0.818719 0.167901
vt 0.603659 0.100615
vt 0.602663 0.100565
vt 0.602639 0.102909
vt 0.601731 0.102849
vt 0.601695 0.112272
vt 0.602593 0.112257
vt 0.602764 0.131683
vt 0.602148 0.131709
vt 0.601543 0.131738
vt 0.600967 0.124900
vt 0.600252 0.124885
vt 0.600080 0.114731
vt 0.599387 0.114784
vt 0.599388 0.112382
vt 0.598704 0.112426
vt 0.598716 0.114828
vt 0.598007 0.114853
vt 0.598077 0.117235
vt 0.597356 0.117221
vt 0.596352 0.100541
vt 0.582924 0.106827
vt 0.584472 0.108354
vt 0.582448 0.108840
vt 0.583873 0.110455
vt 0.582046 0.110849
vt 0.583543 0.112480
vt 0.432888 0.104236
vt 0.432861 0.104173
vt 0.432736 0.104094
vt 0.454065 0.085693
vt 0.456542 0.082513
vt 0.456686 0.081308
vt 0.455998 0.078396
vt 0.457461 0.076319
vt 0.457732 0.076283
vt 0.459911 0.073934
vt 0.546712 0.090346
vt 0.461140 0.069287
vt 0.461705 0.067383
vt 0.557628 0.084861
vt 0.553237 0.076277
vt 0.559997 0.075818
vt 0.557938 0.070220
vt 0.563422 0.070736
vt 0.559206 0.067649
vt 0.573696 0.069769
vt 0.979718 0.810294
vt 0.966228 0.827740
vt 0.963972 0.826535
vt 0.959251 0.824164
vt 0.964031 0.816873
vt 0.961573 0.815887
vt 0.967264 0.804511
vt 0.970271 0.805717
vt 0.972463 0.801465
vt 0.983121 0.806351
vt 0.985255 0.809161
vt 0.982232 0.812370
vt 0.460658 0.070980
vt 0.454483 0.074778
vt 0.459466 0.073909
vt 0.432413 0.103985
vt 0.434592 0.101491
vt 0.431266 0.101167
vt 0.433072 0.099030
vt 0.431016 0.099045
vt 0.432716 0.097176
vt 0.430254 0.097333
vt 0.431647 0.095778
vt 0.424375 0.096612
vt 0.423555 0.093881
vt 0.420058 0.094810
vt 0.420539 0.092644
vt 0.417046 0.093228
vt 0.417560 0.091017
vt 0.413952 0.091514
vt 0.414107 0.089389
vt 0.410769 0.089782
vt 0.410608 0.084040
vt 0.405161 0.084820
vt 0.404116 0.068891
vt 0.427913 0.054256
vt 0.443349 0.049429
vt 0.442465 0.051230
vt 0.447743 0.049260
vt 0.446788 0.059482
vt 0.451663 0.057330
vt 0.431086 0.073335
vt 0.848789 0.677336
vt 0.848950 0.674788
vt 0.849031 0.673514
vt 0.850318 0.674324
vt 0.849547 0.678097
vt 0.086114 0.155534
vt 0.086436 0.155651
vt 0.082190 0.160987
vt 0.082007 0.160702
vt 0.779040 0.247704
vt 0.777120 0.252424
vt 0.776928 0.254526
vt 0.777645 0.256281
vt 0.787790 0.262097
vt 0.789653 0.265251
vt 0.790925 0.273148
vt 0.789258 0.273062
vt 0.789177 0.269183
vt 0.747447 0.271561
vt 0.741973 0.280704
vt 0.735488 0.280635
vt 0.735173 0.284195
vt 0.712436 0.290036
vt 0.711956 0.292918
vt 0.691966 0.291017
vt 0.692829 0.284653
vt 0.697190 0.236864
vt 0.695057 0.219545
vt 0.735148 0.213773
vt 0.736170 0.218629
vt 0.766211 0.216620
vt 0.765690 0.213156
vt 0.770657 0.213645
vt 0.769742 0.210320
vt 0.773859 0.210827
vt 0.770822 0.204519
vt 0.775877 0.205171
vt 0.774061 0.202216
vt 0.775092 0.202264
vt 0.781232 0.214780
vt 0.784024 0.236890
vt 0.796911 0.675387
vt 0.797270 0.675916
vt 0.793201 0.676447
vt 0.793355 0.675902
vt 0.472555 0.872687
vt 0.472627 0.871364
vt 0.471621 0.861056
vt 0.472165 0.860423
vt 0.474949 0.859750
vt 0.475869 0.858935
vt 0.476635 0.857634
vt 0.477168 0.855852
vt 0.476230 0.834601
vt 0.477988 0.830628
vt 0.478147 0.830691
vt 0.480077 0.827140
vt 0.573921 0.781641
vt 0.575074 0.781260
vt 0.575657 0.782381
vt 0.577071 0.782289
vt 0.583290 0.790707
vt 0.582381 0.792267
vt 0.583423 0.793261
vt 0.582615 0.794820
vt 0.583642 0.795759
vt 0.579997 0.802489
vt 0.578952 0.801676
vt 0.576678 0.805660
vt 0.577799 0.806443
vt 0.573054 0.815304
vt 0.559311 0.830748
vt 0.515197 0.832092
vt 0.507302 0.811776
vt 0.507932 0.810565
vt 0.511896 0.813235
vt 0.513220 0.811652
vt 0.509529 0.808527
vt 0.510503 0.807667
vt 0.462182 0.889506
vt 0.463015 0.888510
vt 0.463642 0.887515
vt 0.464019 0.886424
vt 0.464028 0.885111
vt 0.461977 0.878707
vt 0.462362 0.878032
vt 0.463169 0.877777
vt 0.465192 0.877756
vt 0.466063 0.877698
vt 0.467646 0.877305
vt 0.471492 0.874828
vt 0.472209 0.873842
vt 0.390175 0.122999
vt 0.385279 0.119876
vt 0.385573 0.119668
vt 0.390386 0.122778
vt 0.697334 0.459157
vt 0.699824 0.454201
vt 0.700550 0.454071
vt 0.406540 0.041276
vt 0.423684 0.037645
vt 0.423510 0.039956
vt 0.427440 0.038599
vt 0.402300 0.069007
vt 0.402179 0.071206
vt 0.400753 0.071366
vt 0.401187 0.066898
vt 0.398896 0.067038
vt 0.399382 0.064772
vt 0.402671 0.052528
vt 0.403748 0.052557
vt 0.040870 0.828218
vt 0.042871 0.831988
vt 0.235608 0.797126
vt 0.235853 0.797705
vt 0.236130 0.798248
vt 0.238094 0.801967
vt 0.062408 0.855114
vt 0.059040 0.858366
vt 0.039027 0.850341
vt 0.030571 0.842086
vt 0.516689 0.230355
vt 0.517635 0.209270
vt 0.518673 0.209526
vt 0.518741 0.212229
vt 0.519659 0.212419
vt 0.520350 0.227529
vt 0.519239 0.227242
vt 0.519175 0.230565
vt 0.517980 0.230380
vt 0.920170 0.349331
vt 0.860751 0.520520
vt 0.860673 0.520892
vt 0.860599 0.521259
vt 0.936225 0.345334
vt 0.860114 0.522598
vt 0.859901 0.523130
vt 0.859917 0.525363
vt 0.930700 0.369451
vt 0.929712 0.373379
vt 0.926924 0.373246
vt 0.929479 0.365041
vt 0.926568 0.364828
vt 0.933502 0.350380
vt 0.792740 0.675287
vt 0.792881 0.674913
vt 0.793306 0.674402
vt 0.882511 0.375602
vt 0.889404 0.389839
vt 0.896830 0.548115
vt 0.899647 0.550052
vt 0.917631 0.559455
vt 0.898019 0.549201
vt 0.880238 0.533522
vt 0.867384 0.525857
vt 0.867141 0.526026
vt 0.866316 0.524606
vt 0.866584 0.524505
vt 0.865054 0.521996
vt 0.864854 0.348749
vt 0.868135 0.354926
vt 0.877767 0.353649
vt 0.882311 0.365337
vt 0.896323 0.393232
vt 0.893978 0.393955
vt 0.886070 0.374881
vt 0.410265 0.144177
vt 0.602512 0.140620
vt 0.603598 0.140487
vt 0.409562 0.145301
vt 0.409720 0.144621
vt 0.409974 0.144478
vt 0.005302 0.871856
vt 0.010317 0.872444
vt 0.239615 0.793030
vt 0.253561 0.454790
vt 0.249983 0.467443
vt 0.250831 0.477160
vt 0.252527 0.480208
vt 0.256965 0.484504
vt 0.259049 0.486745
vt 0.264523 0.497958
vt 0.266243 0.498960
vt 0.268150 0.499167
vt 0.270086 0.499001
vt 0.198110 0.444799
vt 0.251665 0.481146
vt 0.203696 0.417687
vt 0.273375 0.424966
vt 0.288002 0.068311
vt 0.285090 0.068261
vt 0.292819 0.076495
vt 0.287081 0.080631
vt 0.288893 0.081115
vt 0.284582 0.082082
vt 0.188293 0.185060
vt 0.187269 0.189817
vt 0.186047 0.189582
vt 0.172665 0.260887
vt 0.173219 0.271785
vt 0.169660 0.271752
vt 0.169944 0.275455
vt 0.169372 0.275531
vt 0.169069 0.271843
vt 0.168240 0.271984
vt 0.167893 0.268437
vt 0.167465 0.258113
vt 0.173704 0.220639
vt 0.168759 0.268280
vt 0.179680 0.182681
vt 0.174297 0.213977
vt 0.418044 0.209395
vt 0.408588 0.194686
vt 0.395505 0.171280
vt 0.387390 0.165956
vt 0.387117 0.164128
vt 0.388426 0.156922
vt 0.378178 0.128502
vt 0.278139 0.064843
vt 0.280306 0.065225
vt 0.280204 0.065669
vt 0.282369 0.066082
vt 0.284532 0.066314
vt 0.284638 0.065898
vt 0.322966 0.342721
vt 0.317198 0.346389
vt 0.311634 0.350041
vt 0.306479 0.353663
vt 0.302127 0.357323
vt 0.235998 0.791635
vt 0.236375 0.792241
vt 0.038869 0.824395
vt 0.025104 0.849422
vt 0.922036 0.393221
vt 0.858124 0.530202
vt 0.858247 0.530324
vt 0.852832 0.536722
vt 0.852920 0.536909
vt 0.845045 0.548967
vt 0.841780 0.553871
vt 0.832935 0.563356
vt 0.824676 0.571896
vt 0.823082 0.575198
vt 0.823106 0.576458
vt 0.823950 0.579524
vt 0.823617 0.580577
vt 0.821269 0.584367
vt 0.818936 0.589643
vt 0.818218 0.591635
vt 0.816882 0.595801
vt 0.965559 0.458411
vt 0.966701 0.459906
vt 0.963446 0.460107
vt 0.964938 0.463515
vt 0.968323 0.463332
vt 0.968544 0.464264
vt 0.815630 0.603785
vt 0.815410 0.605137
vt 0.812545 0.611657
vt 0.968591 0.470008
vt 0.969686 0.471352
vt 0.965432 0.471605
vt 0.967191 0.474658
vt 0.962798 0.474940
vt 0.963200 0.476540
vt 0.958560 0.476553
vt 0.965503 0.482544
vt 0.965951 0.486452
vt 0.969718 0.486823
vt 0.969469 0.488200
vt 0.976345 0.489269
vt 0.975741 0.490824
vt 0.820482 0.638814
vt 0.821859 0.645326
vt 0.825540 0.650586
vt 0.826044 0.651591
vt 0.827133 0.654302
vt 0.829059 0.656299
vt 0.832878 0.658508
vt 0.871993 0.666704
vt 0.881439 0.665451
vt 0.932198 0.515805
vt 0.934481 0.515920
vt 0.934345 0.514051
vt 0.936725 0.514196
vt 0.936485 0.512218
vt 0.939052 0.512038
vt 0.937548 0.509918
vt 0.938361 0.508984
vt 0.935626 0.503444
vt 0.934728 0.503550
vt 0.933652 0.501104
vt 0.932234 0.501081
vt 0.923967 0.484753
vt 0.922921 0.484857
vt 0.918160 0.473862
vt 0.917235 0.473852
vt 0.912789 0.442875
vt 0.907014 0.397422
vt 0.909242 0.397286
vt 0.909248 0.399222
vt 0.911296 0.399139
vt 0.915540 0.442695
vt 0.866049 0.524134
vt 0.865731 0.524267
vt 0.865496 0.523786
vt 0.860288 0.525246
vt 0.834608 0.243450
vt 0.830912 0.243310
vt 0.827578 0.240833
vt 0.828367 0.238030
vt 0.831577 0.239679
vt 0.932438 0.632272
vt 0.939882 0.622764
vt 0.884058 0.510759
vt 0.887461 0.515910
vt 0.885004 0.517112
vt 0.886044 0.518725
vt 0.404476 0.131484
vt 0.397109 0.126776
vt 0.396921 0.127111
vt 0.378283 0.114935
vt 0.370621 0.105081
vt 0.369185 0.103713
vt 0.348232 0.087487
vt 0.346299 0.085412
vt 0.364496 0.088022
vt 0.376305 0.089774
vt 0.375491 0.087464
vt 0.379495 0.087755
vt 0.378633 0.086313
vt 0.389782 0.086269
vt 0.389375 0.084484
vt 0.392470 0.084369
vt 0.392235 0.082407
vt 0.394776 0.082341
vt 0.394596 0.078197
vt 0.396589 0.078194
vt 0.396588 0.076049
vt 0.398128 0.076009
vt 0.407901 0.131331
vt 0.855951 0.671855
vt 0.857794 0.672099
vt 0.857975 0.672219
vt 0.856862 0.673238
vt 0.851259 0.673520
vt 0.853778 0.672333
vt 0.854573 0.672491
vt 0.238050 0.799564
vt 0.237709 0.799122
vt 0.237354 0.799352
vt 0.235796 0.796453
vt 0.239590 0.793211
vt 0.243810 0.796078
vt 0.243542 0.796452
vt 0.242577 0.795758
vt 0.293486 0.165174
vt 0.277322 0.180418
vt 0.276542 0.183042
vt 0.276896 0.185517
vt 0.281253 0.198012
vt 0.281088 0.200382
vt 0.276227 0.209112
vt 0.275782 0.215156
vt 0.275476 0.215037
vt 0.275306 0.211746
vt 0.223104 0.191411
vt 0.256346 0.104022
vt 0.256009 0.104312
vt 0.440391 0.367714
vt 0.448129 0.378290
vt 0.477111 0.436696
vt 0.471212 0.467854
vt 0.471829 0.476834
vt 0.468232 0.473551
vt 0.468631 0.476127
vt 0.464953 0.472915
vt 0.465324 0.475779
vt 0.460576 0.472219
vt 0.460834 0.475387
vt 0.455236 0.471873
vt 0.454900 0.477251
vt 0.449131 0.474199
vt 0.448407 0.475840
vt 0.425466 0.473529
vt 0.432070 0.476670
vt 0.430953 0.478007
vt 0.443472 0.483863
vt 0.428046 0.488349
vt 0.433345 0.490120
vt 0.432752 0.491840
vt 0.447838 0.497359
vt 0.451313 0.504005
vt 0.454189 0.519794
vt 0.453161 0.528309
vt 0.450062 0.535566
vt 0.438787 0.545112
vt 0.437941 0.544482
vt 0.404014 0.583992
vt 0.404348 0.584698
vt 0.394656 0.588539
vt 0.356106 0.587131
vt 0.351622 0.587361
vt 0.356179 0.544994
vt 0.353827 0.545670
vt 0.357579 0.508968
vt 0.359217 0.508870
vt 0.361265 0.476980
vt 0.362543 0.476944
vt 0.352691 0.361015
vt 0.355265 0.360791
vt 0.355721 0.358531
vt 0.352856 0.358810
vt 0.353217 0.356087
vt 0.302760 0.104547
vt 0.378530 0.330947
vt 0.346285 0.858461
vt 0.344575 0.862641
vt 0.344180 0.864497
vt 0.343789 0.864491
vt 0.345685 0.858542
vt 0.034412 0.864120
vt 0.043008 0.867553
vt 0.041777 0.870024
vt 0.055369 0.874966
vt 0.056040 0.873202
vt 0.084684 0.887007
vt 0.084047 0.888138
vt 0.101007 0.897276
vt 0.100486 0.898305
vt 0.103225 0.899860
vt 0.102808 0.900644
vt 0.100051 0.899100
vt 0.099637 0.899898
vt 0.094070 0.896739
vt 0.093623 0.897694
vt 0.087889 0.894562
vt 0.087382 0.895709
vt 0.244625 0.796037
vt 0.066601 0.907145
vt 0.067259 0.905586
vt 0.068745 0.907862
vt 0.069500 0.906092
vt 0.071086 0.907867
vt 0.070251 0.909835
vt 0.074937 0.913516
vt 0.075840 0.911603
vt 0.077253 0.912776
vt 0.279579 0.803696
vt 0.272980 0.799588
vt 0.262592 0.797768
vt 0.244524 0.795870
vt 0.046665 0.881407
vt 0.046754 0.879723
vt 0.048937 0.879967
vt 0.049300 0.876692
vt 0.025812 0.871758
vt 0.024465 0.874294
vt 0.019982 0.873656
vt 0.018696 0.876217
vt 0.013891 0.875868
vt 0.015240 0.873041
vt 0.018538 0.866846
vt 0.013531 0.865848
vt 0.016097 0.861917
vt 0.019073 0.857726
vt 0.072679 0.168118
vt 0.079199 0.168894
vt 0.073229 0.168563
vt 0.073053 0.168894
vt 0.072414 0.168315
vt 0.452763 0.849132
vt 0.462870 0.874567
vt 0.463776 0.874561
vt 0.462236 0.872440
vt 0.463933 0.872251
vt 0.132666 0.668385
vt 0.127210 0.728619
vt 0.128859 0.743558
vt 0.123754 0.744203
vt 0.123261 0.739294
vt 0.122086 0.739423
vt 0.122610 0.744342
vt 0.063002 0.743282
vt 0.062809 0.740906
vt 0.058344 0.743443
vt 0.057814 0.741269
vt 0.053389 0.743958
vt 0.052491 0.741817
vt 0.048365 0.744366
vt 0.047139 0.742023
vt 0.040509 0.746328
vt 0.039040 0.743666
vt 0.036500 0.732422
vt 0.041111 0.711543
vt 0.056762 0.683796
vt 0.058189 0.680150
vt 0.106715 0.665094
vt 0.079746 0.648611
vt 0.081919 0.644215
vt 0.081083 0.643791
vt 0.097263 0.619404
vt 0.101812 0.614765
vt 0.106519 0.609880
vt 0.256910 0.105827
vt 0.256874 0.105156
vt 0.256723 0.104538
vt 0.262871 0.095688
vt 0.259960 0.090558
vt 0.267699 0.091248
vt 0.267205 0.088814
vt 0.272052 0.089160
vt 0.271811 0.087580
vt 0.273242 0.087829
vt 0.273241 0.086501
vt 0.280378 0.095144
vt 0.280524 0.094860
vt 0.283442 0.095954
vt 0.283366 0.096272
vt 0.284415 0.096242
vt 0.283891 0.100430
vt 0.285372 0.100038
vt 0.140897 0.644387
vt 0.139509 0.644271
vt 0.133715 0.668358
vt 0.829172 0.589350
vt 0.403901 0.132201
vt 0.404075 0.131933
vt 0.966555 0.104978
vt 0.963562 0.109666
vt 0.957713 0.107842
vt 0.959626 0.102762
vt 0.960795 0.096956
vt 0.967430 0.098127
vt 0.497990 0.789485
vt 0.525139 0.781298
vt 0.529203 0.781374
vt 0.529163 0.782197
vt 0.498445 0.790125
vt 0.357572 0.241771
vt 0.358136 0.238034
vt 0.363175 0.238700
vt 0.363681 0.234978
vt 0.376636 0.236670
vt 0.377155 0.232779
vt 0.417883 0.238159
vt 0.416917 0.240163
vt 0.416389 0.242123
vt 0.416417 0.244018
vt 0.417279 0.245810
vt 0.427045 0.253506
vt 0.409426 0.251386
vt 0.410456 0.253693
vt 0.388643 0.252969
vt 0.383680 0.265879
vt 0.345785 0.264024
vt 0.345376 0.267205
vt 0.332818 0.269711
vt 0.333491 0.266440
vt 0.314414 0.270529
vt 0.314491 0.266988
vt 0.305683 0.269481
vt 0.307769 0.264543
vt 0.300850 0.265730
vt 0.301869 0.262011
vt 0.295283 0.263661
vt 0.295116 0.258732
vt 0.288202 0.258564
vt 0.288975 0.257201
vt 0.283619 0.258959
vt 0.284323 0.257226
vt 0.262886 0.265317
vt 0.261327 0.256967
vt 0.261693 0.251052
vt 0.264751 0.242919
vt 0.269627 0.232416
vt 0.274335 0.224459
vt 0.969483 0.856867
vt 0.970191 0.881707
vt 0.954284 0.868490
vt 0.955717 0.866301
vt 0.954479 0.865368
vt 0.965556 0.853901
vt 0.965866 0.855976
vt 0.968509 0.854179
vt 0.968488 0.857282
vt 0.197973 0.777765
vt 0.207930 0.782239
vt 0.207284 0.784563
vt 0.202865 0.782452
vt 0.200809 0.786985
vt 0.212448 0.794762
vt 0.210807 0.796323
vt 0.206819 0.800580
vt 0.206004 0.805751
vt 0.204971 0.806836
vt 0.200008 0.809110
vt 0.196654 0.809394
vt 0.193750 0.809454
vt 0.188377 0.811201
vt 0.166487 0.815419
vt 0.126848 0.800123
vt 0.145427 0.801566
vt 0.142292 0.799727
vt 0.143180 0.799179
vt 0.130065 0.769405
vt 0.129872 0.758972
vt 0.602859 0.761947
vt 0.601239 0.761838
vt 0.603704 0.761181
vt 0.799866 0.681869
vt 0.799649 0.682041
vt 0.799155 0.681347
vt 0.851067 0.449146
vt 0.858287 0.449816
vt 0.853354 0.449366
vt 0.851025 0.449161
vt 0.071761 0.170268
vt 0.072766 0.170986
vt 0.072853 0.171744
vt 0.969178 0.084424
vt 0.961997 0.084553
vt 0.961955 0.078502
vt 0.072059 0.167676
vt 0.889899 0.181016
vt 0.880446 0.148867
vt 0.887750 0.147493
vt 0.886741 0.144107
vt 0.893930 0.142859
vt 0.893762 0.141030
vt 0.907815 0.138787
vt 0.913986 0.150940
vt 0.915893 0.154148
vt 0.897090 0.179243
vt 0.959821 0.959767
vt 0.956893 0.961555
vt 0.955811 0.962592
vt 0.953385 0.968846
vt 0.951447 0.970666
vt 0.943266 0.975088
vt 0.912036 0.980474
vt 0.899376 0.978339
vt 0.895484 0.976956
vt 0.888878 0.973468
vt 0.889094 0.973103
vt 0.892292 0.974896
vt 0.894103 0.971795
vt 0.897427 0.973450
vt 0.898659 0.969887
vt 0.901743 0.971069
vt 0.901684 0.966928
vt 0.904249 0.967674
vt 0.904257 0.963917
vt 0.907875 0.959418
vt 0.909464 0.957667
vt 0.913843 0.961315
vt 0.927853 0.940682
vt 0.923411 0.936796
vt 0.929552 0.921007
vt 0.925670 0.917983
vt 0.926591 0.915868
vt 0.915080 0.908151
vt 0.917255 0.902822
vt 0.916520 0.902263
vt 0.917413 0.900258
vt 0.931089 0.878116
vt 0.932819 0.875951
vt 0.973200 0.932284
vt 0.973047 0.933663
vt 0.972441 0.934928
vt 0.971547 0.936070
vt 0.968608 0.938527
vt 0.966891 0.939297
vt 0.965912 0.939539
vt 0.963616 0.939963
vt 0.962751 0.940402
vt 0.962453 0.941217
vt 0.966131 0.947830
vt 0.966419 0.949269
vt 0.966259 0.950542
vt 0.965816 0.951766
vt 0.965173 0.953045
vt 0.952719 0.945883
vt 0.952546 0.947035
vt 0.948773 0.944219
vt 0.948081 0.945714
vt 0.951631 0.948794
vt 0.950848 0.949574
vt 0.961278 0.958741
vt 0.701854 0.863966
vt 0.699659 0.870803
vt 0.699360 0.870786
vt 0.699422 0.869864
vt 0.701638 0.864043
vt 0.409720 0.142753
vt 0.410622 0.142704
vt 0.852383 0.682274
vt 0.852184 0.682209
vt 0.852516 0.680712
vt 0.858156 0.672338
vt 0.471096 0.891779
vt 0.464392 0.903152
vt 0.461602 0.908208
vt 0.461480 0.908158
vt 0.462843 0.905622
vt 0.464213 0.903094
vt 0.467156 0.898083
vt 0.467067 0.898016
vt 0.475626 0.882578
vt 0.475657 0.882683
vt 0.471003 0.891603
vt 0.860059 0.523167
vt 0.796080 0.673803
vt 0.796778 0.674015
vt 0.794185 0.673474
vt 0.794687 0.673196
vt 0.795941 0.673358
vt 0.925401 0.630764
vt 0.926038 0.628835
vt 0.923198 0.628403
vt 0.945000 0.618066
vt 0.958727 0.246169
vt 0.973208 0.295027
vt 0.953168 0.301548
vt 0.953366 0.303915
vt 0.945976 0.306126
vt 0.937150 0.275134
vt 0.933865 0.261922
vt 0.953090 0.252266
vt 0.952404 0.249448
vt 0.471934 0.484416
vt 0.470796 0.486722
vt 0.464999 0.491841
vt 0.449252 0.495337
vt 0.448238 0.496294
vt 0.055884 0.151235
vt 0.046808 0.144787
vt 0.047178 0.144632
vt 0.053083 0.148887
vt 0.069424 0.159977
vt 0.069131 0.160312
vt 0.902894 0.209471
vt 0.892721 0.190278
vt 0.899774 0.188229
vt 0.886852 0.251547
vt 0.890768 0.251956
vt 0.869363 0.289316
vt 0.927526 0.197726
vt 0.822035 0.693909
vt 0.821732 0.694046
vt 0.812541 0.689582
vt 0.812706 0.689414
vt 0.904747 0.397679
vt 0.891237 0.664890
vt 0.906689 0.660969
vt 0.917148 0.654512
vt 0.930170 0.640217
vt 0.931740 0.634329
vt 0.948999 0.613795
vt 0.949808 0.611937
vt 0.949912 0.610152
vt 0.948638 0.606257
vt 0.942225 0.596880
vt 0.936136 0.592829
vt 0.935696 0.591772
vt 0.935741 0.590572
vt 0.936142 0.589295
vt 0.940681 0.582547
vt 0.940730 0.580967
vt 0.940331 0.579316
vt 0.936314 0.573105
vt 0.911508 0.842927
vt 0.917068 0.840539
vt 0.919700 0.839027
vt 0.919905 0.839258
vt 0.900797 0.811403
vt 0.898194 0.806852
vt 0.895090 0.802222
vt 0.701948 0.860455
vt 0.702296 0.860974
vt 0.702152 0.861389
vt 0.700849 0.860461
vt 0.375709 0.022023
vt 0.374212 0.023232
vt 0.375950 0.024989
vt 0.374570 0.026128
vt 0.378171 0.028965
vt 0.374704 0.037735
vt 0.382674 0.042068
vt 0.378965 0.054233
vt 0.374300 0.054454
vt 0.373389 0.061187
vt 0.378007 0.062517
vt 0.376019 0.064992
vt 0.376238 0.067606
vt 0.376766 0.082557
vt 0.372230 0.082492
vt 0.374535 0.086152
vt 0.370295 0.085846
vt 0.372112 0.088070
vt 0.367940 0.087520
vt 0.368553 0.088486
vt 0.343164 0.081806
vt 0.332659 0.068961
vt 0.329466 0.059137
vt 0.329842 0.054506
vt 0.330528 0.052509
vt 0.331631 0.050931
vt 0.333240 0.049943
vt 0.340698 0.047693
vt 0.342009 0.046821
vt 0.342937 0.045765
vt 0.343318 0.044479
vt 0.341280 0.036440
vt 0.344947 0.024591
vt 0.347383 0.021191
vt 0.348816 0.020230
vt 0.350606 0.019734
vt 0.361403 0.020214
vt 0.369574 0.018059
vt 0.371773 0.016917
vt 0.876248 0.643396
vt 0.873805 0.644467
vt 0.874408 0.609354
vt 0.877272 0.608745
vt 0.877474 0.604894
vt 0.876260 0.605152
vt 0.869933 0.564958
vt 0.868618 0.565335
vt 0.868073 0.562578
vt 0.866580 0.562966
vt 0.866081 0.560111
vt 0.859748 0.561663
vt 0.859733 0.558811
vt 0.849747 0.558814
vt 0.850827 0.556709
vt 0.848717 0.556668
vt 0.849642 0.554516
vt 0.846044 0.554535
vt 0.847192 0.552349
vt 0.843718 0.551541
vt 0.842085 0.553952
vt 0.856223 0.532451
vt 0.860061 0.528939
vt 0.860397 0.528326
vt 0.860654 0.528380
vt 0.860299 0.529038
vt 0.860815 0.529147
vt 0.860891 0.530266
vt 0.862626 0.529601
vt 0.862635 0.529122
vt 0.863495 0.528934
vt 0.863401 0.528010
vt 0.864218 0.527825
vt 0.864342 0.528749
vt 0.865178 0.528524
vt 0.865117 0.528060
vt 0.865949 0.527805
vt 0.865785 0.527295
vt 0.867198 0.526781
vt 0.867919 0.527461
vt 0.868379 0.527116
vt 0.880030 0.533706
vt 0.302370 0.104406
vt 0.301709 0.105465
vt 0.301197 0.106643
vt 0.301582 0.106766
vt 0.176282 0.614787
vt 0.189272 0.633714
vt 0.213054 0.688195
vt 0.211979 0.697353
vt 0.222397 0.713768
vt 0.224845 0.724154
vt 0.219365 0.744267
vt 0.217552 0.748361
vt 0.216592 0.747397
vt 0.213770 0.756198
vt 0.212184 0.755169
vt 0.212151 0.752301
vt 0.209736 0.750393
vt 0.209699 0.753515
vt 0.197648 0.746965
vt 0.290866 0.089539
vt 0.291153 0.089560
vt 0.290559 0.090971
vt 0.293739 0.093812
vt 0.292292 0.096144
vt 0.301022 0.105095
vt 0.089480 0.342204
vt 0.079011 0.347136
vt 0.084809 0.352336
vt 0.079939 0.354881
vt 0.085564 0.359186
vt 0.081360 0.361740
vt 0.086236 0.365149
vt 0.079710 0.370906
vt 0.074797 0.367657
vt 0.065863 0.377846
vt 0.060118 0.374578
vt 0.056464 0.378579
vt 0.430923 0.357588
vt 0.437242 0.362041
vt 0.436393 0.362339
vt 0.448949 0.378019
vt 0.303386 0.103468
vt 0.893086 0.697216
vt 0.883172 0.692285
vt 0.886186 0.687306
vt 0.884650 0.686490
vt 0.888717 0.680761
vt 0.883210 0.679636
vt 0.883195 0.678531
vt 0.880236 0.678834
vt 0.879869 0.675404
vt 0.917068 0.840451
vt 0.890871 0.852949
vt 0.877398 0.857793
vt 0.875362 0.859747
vt 0.872991 0.864169
vt 0.872092 0.866273
vt 0.757049 0.731232
vt 0.688759 0.749055
vt 0.685694 0.744932
vt 0.755561 0.724089
vt 0.767200 0.709600
vt 0.071686 0.811732
vt 0.070407 0.810678
vt 0.069026 0.808372
vt 0.100912 0.816157
vt 0.859552 0.233949
vt 0.857550 0.234927
vt 0.855946 0.232126
vt 0.835515 0.234913
vt 0.835218 0.237592
vt 0.832141 0.236768
vt 0.834348 0.227164
vt 0.836525 0.227740
vt 0.837119 0.224200
vt 0.838913 0.224297
vt 0.839019 0.221198
vt 0.835875 0.220766
vt 0.836525 0.209641
vt 0.837515 0.209623
vt 0.837445 0.208814
vt 0.844060 0.208042
vt 0.844002 0.207249
vt 0.845081 0.207026
vt 0.845251 0.205555
vt 0.844663 0.205427
vt 0.845371 0.203957
vt 0.845772 0.204348
vt 0.847190 0.203369
vt 0.848243 0.203604
vt 0.849303 0.201448
vt 0.849866 0.201475
vt 0.849912 0.200804
vt 0.852556 0.200949
vt 0.852402 0.201762
vt 0.862391 0.203013
vt 0.862994 0.201658
vt 0.878249 0.203101
vt 0.878815 0.200742
vt 0.882104 0.200800
vt 0.880780 0.205948
vt 0.275556 0.137102
vt 0.276095 0.136947
vt 0.277249 0.135404
vt 0.278830 0.135651
vt 0.278977 0.135011
vt 0.282739 0.135086
vt 0.282662 0.134090
vt 0.284567 0.133943
vt 0.280513 0.064564
vt 0.359249 0.110858
vt 0.422582 0.229058
vt 0.420542 0.233996
vt 0.596107 0.495611
vt 0.593206 0.495561
vt 0.586706 0.460217
vt 0.587619 0.460202
vt 0.586592 0.452294
vt 0.585651 0.452297
vt 0.584663 0.432605
vt 0.585788 0.432716
vt 0.586270 0.416998
vt 0.585019 0.416791
vt 0.691581 0.350781
vt 0.688698 0.348585
vt 0.692887 0.341510
vt 0.687896 0.341456
vt 0.686537 0.336120
vt 0.603235 0.336626
vt 0.744053 0.324488
vt 0.744384 0.324561
vt 0.731127 0.334253
vt 0.722518 0.347950
vt 0.709998 0.368852
vt 0.641848 0.392170
vt 0.643630 0.396504
vt 0.639944 0.397739
vt 0.641767 0.401563
vt 0.637471 0.402518
vt 0.643307 0.411357
vt 0.638278 0.411565
vt 0.638869 0.413798
vt 0.633497 0.413415
vt 0.635770 0.425518
vt 0.629265 0.425996
vt 0.638137 0.429399
vt 0.629754 0.429529
vt 0.635372 0.443482
vt 0.629424 0.446324
vt 0.638026 0.458098
vt 0.635947 0.458796
vt 0.643118 0.466512
vt 0.637638 0.466142
vt 0.646229 0.482799
vt 0.641161 0.482598
vt 0.642971 0.514942
vt 0.638317 0.514021
vt 0.639214 0.517436
vt 0.634146 0.517730
vt 0.598502 0.495794
vt 0.600904 0.503621
vt 0.599654 0.503447
vt 0.600667 0.507136
vt 0.599054 0.506859
vt 0.702761 0.862927
vt 0.701716 0.863415
vt 0.702392 0.862337
vt 0.957803 0.243430
vt 0.918869 0.238049
vt 0.917402 0.236330
vt 0.943858 0.218771
vt 0.955955 0.237953
vt 0.463710 0.203512
vt 0.747828 0.165110
vt 0.748546 0.155114
vt 0.747169 0.147928
vt 0.735652 0.124677
vt 0.729525 0.117821
vt 0.679881 0.333000
vt 0.681869 0.333211
vt 0.681907 0.333694
vt 0.683901 0.333935
vt 0.685923 0.333988
vt 0.685859 0.333537
vt 0.749648 0.321400
vt 0.732049 0.334562
vt 0.689262 0.336059
vt 0.679494 0.349332
vt 0.678248 0.350456
vt 0.676752 0.348761
vt 0.675080 0.349952
vt 0.509183 0.121844
vt 0.505374 0.121772
vt 0.513234 0.157202
vt 0.515265 0.157364
vt 0.515223 0.181433
vt 0.516736 0.181802
vt 0.516279 0.192410
vt 0.517626 0.192684
vt 0.517543 0.202128
vt 0.518631 0.202318
vt 0.511256 0.190379
vt 0.511401 0.195265
vt 0.510201 0.194731
vt 0.510355 0.203307
vt 0.508536 0.202775
vt 0.507670 0.218187
vt 0.509725 0.218306
vt 0.510989 0.234449
vt 0.512245 0.234392
vt 0.512806 0.245499
vt 0.513606 0.245414
vt 0.513155 0.234303
vt 0.516684 0.233936
vt 0.518543 0.259243
vt 0.520426 0.259543
vt 0.526722 0.284932
vt 0.524160 0.284464
vt 0.524878 0.287445
vt 0.519305 0.288182
vt 0.518781 0.285152
vt 0.495695 0.291956
vt 0.494865 0.288120
vt 0.489429 0.289304
vt 0.483673 0.281339
vt 0.460631 0.285079
vt 0.460995 0.282847
vt 0.448765 0.283565
vt 0.450328 0.281525
vt 0.444415 0.281688
vt 0.779030 0.257883
vt 0.779570 0.257690
vt 0.777370 0.256549
vt 0.777338 0.252538
vt 0.455534 0.225977
vt 0.451509 0.227036
vt 0.867177 0.174375
vt 0.871651 0.170223
vt 0.890209 0.194786
vt 0.469451 0.920987
vt 0.442481 0.943075
vt 0.443114 0.938771
vt 0.444433 0.936341
vt 0.445359 0.934289
vt 0.444313 0.931843
vt 0.834491 0.703193
vt 0.826053 0.696069
vt 0.482652 0.879524
vt 0.231079 0.833107
vt 0.233655 0.832378
vt 0.232818 0.837665
vt 0.234499 0.836810
vt 0.234003 0.839234
vt 0.235965 0.838097
vt 0.235588 0.840147
vt 0.237595 0.838842
vt 0.237954 0.841769
vt 0.240378 0.839606
vt 0.241266 0.843020
vt 0.244048 0.840889
vt 0.243962 0.845504
vt 0.235533 0.851126
vt 0.235729 0.854965
vt 0.238311 0.852619
vt 0.237975 0.851684
vt 0.244343 0.848088
vt 0.249213 0.859942
vt 0.257242 0.855120
vt 0.285466 0.903342
vt 0.287010 0.899364
vt 0.290090 0.903804
vt 0.291494 0.900264
vt 0.298883 0.906547
vt 0.300224 0.904339
vt 0.312333 0.918224
vt 0.282686 0.939836
vt 0.279871 0.941240
vt 0.277620 0.942164
vt 0.274356 0.942938
vt 0.272361 0.942543
vt 0.270933 0.941409
vt 0.270038 0.940795
vt 0.265901 0.938899
vt 0.264476 0.937801
vt 0.259601 0.930998
vt 0.258090 0.930030
vt 0.260908 0.896037
vt 0.258699 0.901557
vt 0.257682 0.900735
vt 0.245760 0.925195
vt 0.243794 0.923877
vt 0.238531 0.918631
vt 0.236206 0.911366
vt 0.235711 0.908783
vt 0.232618 0.897704
vt 0.238168 0.870604
vt 0.226251 0.881699
vt 0.225439 0.870372
vt 0.225767 0.867246
vt 0.225622 0.866039
vt 0.223480 0.863459
vt 0.222888 0.862257
vt 0.222702 0.860511
vt 0.223333 0.855788
vt 0.225303 0.849689
vt 0.226663 0.846270
vt 0.227169 0.845981
vt 0.843498 0.842599
vt 0.810252 0.857383
vt 0.809350 0.856297
vt 0.811457 0.854674
vt 0.808794 0.851551
vt 0.804686 0.855024
vt 0.801611 0.851689
vt 0.799605 0.853667
vt 0.798016 0.852371
vt 0.796022 0.854343
vt 0.788224 0.847908
vt 0.786662 0.849880
vt 0.720718 0.947833
vt 0.721550 0.944750
vt 0.719218 0.920911
vt 0.714382 0.910309
vt 0.709961 0.894935
vt 0.707639 0.890231
vt 0.702953 0.880349
vt 0.699965 0.871774
vt 0.845443 0.826484
vt 0.859090 0.809959
vt 0.876170 0.790785
vt 0.879032 0.794501
vt 0.885067 0.788608
vt 0.888362 0.792974
vt 0.894848 0.787284
vt 0.898431 0.792397
vt 0.902015 0.797511
vt 0.427846 0.844007
vt 0.427281 0.843465
vt 0.428246 0.841353
vt 0.427643 0.840774
vt 0.439988 0.823939
vt 0.440668 0.824590
vt 0.444564 0.820992
vt 0.443808 0.820352
vt 0.445664 0.818579
vt 0.444765 0.817877
vt 0.452989 0.809845
vt 0.454201 0.810623
vt 0.455840 0.809089
vt 0.457086 0.809838
vt 0.468154 0.798653
vt 0.466453 0.797341
vt 0.490087 0.775877
vt 0.491944 0.777803
vt 0.493663 0.779691
vt 0.485671 0.785935
vt 0.487364 0.787453
vt 0.482687 0.791234
vt 0.485138 0.794113
vt 0.487665 0.792265
vt 0.485526 0.801321
vt 0.484293 0.804828
vt 0.483146 0.805037
vt 0.485085 0.798703
vt 0.465216 0.812293
vt 0.470216 0.819489
vt 0.471768 0.819104
vt 0.478651 0.828620
vt 0.479569 0.826786
vt 0.479877 0.827012
vt 0.471801 0.859732
vt 0.471127 0.861808
vt 0.470366 0.860480
vt 0.812525 0.220721
vt 0.870239 0.129976
vt 0.877490 0.129107
vt 0.882316 0.133693
vt 0.805555 0.216818
vt 0.807670 0.219551
vt 0.810217 0.218056
vt 0.275663 0.711219
vt 0.305053 0.711365
vt 0.304010 0.717627
vt 0.332580 0.714925
vt 0.332239 0.720470
vt 0.334006 0.720207
vt 0.333439 0.731744
vt 0.261515 0.744047
vt 0.268385 0.716420
vt 0.219397 0.767650
vt 0.214484 0.756633
vt 0.215217 0.752011
vt 0.219796 0.744799
vt 0.218109 0.748952
vt 0.253887 0.706663
vt 0.254632 0.708810
vt 0.264648 0.704211
vt 0.265029 0.707041
vt 0.270760 0.705239
vt 0.270524 0.708730
vt 0.276806 0.707348
vt 0.122734 0.816507
vt 0.152013 0.815740
vt 0.151952 0.815986
vt 0.700256 0.446727
vt 0.700130 0.445769
vt 0.704034 0.443028
vt 0.704184 0.444318
vt 0.706896 0.442656
vt 0.701017 0.450230
vt 0.700925 0.449548
vt 0.862189 0.519194
vt 0.863964 0.519959
vt 0.021013 0.118738
vt 0.894372 0.059442
vt 0.915921 0.072028
vt 0.881279 0.068974
vt 0.881263 0.070338
vt 0.874262 0.069113
vt 0.874071 0.071542
vt 0.877479 0.072085
vt 0.877355 0.073415
vt 0.915027 0.081555
vt 0.932644 0.081313
vt 0.933006 0.085177
vt 0.939530 0.084949
vt 0.939715 0.093941
vt 0.933331 0.093212
vt 0.933165 0.097218
vt 0.930263 0.096635
vt 0.895405 0.087328
vt 0.895332 0.089583
vt 0.867304 0.080346
vt 0.867387 0.078707
vt 0.764843 0.074558
vt 0.761803 0.091630
vt 0.086438 0.003712
vt 0.083933 0.004451
vt 0.084007 0.004560
vt 0.079041 0.005413
vt 0.064135 0.004172
vt 0.048711 0.007134
vt 0.037026 0.014152
vt 0.031965 0.020194
vt 0.030789 0.027540
vt 0.030410 0.029283
vt 0.028730 0.032620
vt 0.027200 0.034165
vt 0.022269 0.036991
vt 0.015841 0.040276
vt 0.002858 0.050509
vt 0.001227 0.053541
vt 0.000535 0.056528
vt 0.000741 0.059268
vt 0.002067 0.061492
vt 0.013584 0.065407
vt 0.014374 0.066476
vt 0.014016 0.067756
vt 0.003941 0.077873
vt 0.002152 0.082227
vt 0.001750 0.086569
vt 0.002612 0.090325
vt 0.010091 0.099110
vt 0.012207 0.103438
vt 0.012798 0.105175
vt 0.017100 0.114048
vt 0.021291 0.118687
vt 0.957188 0.364243
vt 0.946196 0.337544
vt 0.944407 0.334070
vt 0.905716 0.301330
vt 0.904942 0.304304
vt 0.907729 0.137067
vt 0.893485 0.139120
vt 0.886748 0.140209
vt 0.963303 0.361010
vt 0.971403 0.712947
vt 0.944721 0.759899
vt 0.942597 0.758807
vt 0.939852 0.763839
vt 0.919691 0.749348
vt 0.922294 0.744088
vt 0.920133 0.741657
vt 0.922381 0.737532
vt 0.918443 0.733329
vt 0.920473 0.729679
vt 0.915546 0.724571
vt 0.917307 0.721856
vt 0.915891 0.720557
vt 0.918189 0.717163
vt 0.912350 0.712522
vt 0.969087 0.699463
vt 0.966609 0.701174
vt 0.967526 0.702619
vt 0.964056 0.704364
vt 0.968192 0.707441
vt 0.964815 0.710068
vt 0.045289 0.767940
vt 0.334297 0.714660
vt 0.042103 0.748335
vt 0.047596 0.754119
vt 0.048557 0.757326
vt 0.045707 0.764814
vt 0.256433 0.929424
vt 0.879198 0.340425
vt 0.903145 0.342295
vt 0.874977 0.347085
vt 0.881419 0.347011
vt 0.702800 0.880451
vt 0.699804 0.870676
vt 0.707470 0.890251
vt 0.220935 0.775759
vt 0.218081 0.786404
vt 0.884528 0.774513
vt 0.878896 0.780968
vt 0.881929 0.784669
vt 0.434773 0.781381
vt 0.434561 0.781165
vt 0.460464 0.763034
vt 0.461044 0.763448
vt 0.409578 0.142334
vt 0.539505 0.715932
vt 0.535404 0.717209
vt 0.533884 0.717123
vt 0.531532 0.716125
vt 0.557835 0.703540
vt 0.989524 0.814782
vt 0.986538 0.817038
vt 0.988401 0.819471
vt 0.971518 0.834774
vt 0.966447 0.831204
vt 0.964472 0.829948
vt 0.636703 0.870358
vt 0.635948 0.871539
vt 0.635780 0.872968
vt 0.635881 0.877381
vt 0.635576 0.878567
vt 0.634874 0.879417
vt 0.628318 0.880372
vt 0.610123 0.886498
vt 0.602138 0.891650
vt 0.593340 0.897620
vt 0.589092 0.905571
vt 0.588227 0.908193
vt 0.586901 0.916315
vt 0.583366 0.933995
vt 0.585037 0.943193
vt 0.599730 0.971781
vt 0.607936 0.978232
vt 0.613505 0.980762
vt 0.618507 0.982525
vt 0.618516 0.982550
vt 0.616058 0.981796
vt 0.746636 0.924390
vt 0.747121 0.926301
vt 0.750222 0.925161
vt 0.743142 0.913075
vt 0.745620 0.913073
vt 0.745808 0.912100
vt 0.750964 0.910347
vt 0.751391 0.910869
vt 0.753492 0.909584
vt 0.754304 0.910313
vt 0.756549 0.908747
vt 0.757518 0.909661
vt 0.762247 0.905701
vt 0.763154 0.906696
vt 0.768053 0.901634
vt 0.768786 0.902614
vt 0.790644 0.877805
vt 0.844672 0.844278
vt 0.847844 0.855202
vt 0.817083 0.867348
vt 0.996948 0.830626
vt 0.957208 0.797092
vt 0.952044 0.811956
vt 0.863400 0.674911
vt 0.864032 0.675321
vt 0.860756 0.679213
vt 0.861618 0.679714
vt 0.982650 0.837079
vt 0.980760 0.838791
vt 0.980421 0.838387
vt 0.698462 0.861598
vt 0.698515 0.861805
vt 0.697275 0.862897
vt 0.697621 0.862351
vt 0.476110 0.881516
vt 0.474906 0.872216
vt 0.474959 0.871735
vt 0.475091 0.871369
vt 0.475151 0.871556
vt 0.476342 0.881632
vt 0.337716 0.865545
vt 0.337271 0.859045
vt 0.350448 0.851980
vt 0.347512 0.856276
vt 0.467835 0.034808
vt 0.452809 0.041789
vt 0.452421 0.040864
vt 0.447511 0.043194
vt 0.461383 0.029783
vt 0.698555 0.862016
vt 0.694695 0.866163
vt 0.692890 0.867078
vt 0.839683 0.161633
vt 0.824514 0.167900
vt 0.821299 0.162555
vt 0.840239 0.154682
vt 0.360756 0.877473
vt 0.361216 0.880919
vt 0.361793 0.888236
vt 0.361277 0.888288
vt 0.359737 0.877276
vt 0.438426 0.816385
vt 0.436647 0.818276
vt 0.440124 0.820652
vt 0.432988 0.828566
vt 0.432056 0.827951
vt 0.426571 0.836978
vt 0.424972 0.836112
vt 0.422835 0.840266
vt 0.420908 0.839309
vt 0.419916 0.841329
vt 0.418942 0.840826
vt 0.419905 0.838788
vt 0.405588 0.831660
vt 0.399985 0.843015
vt 0.365041 0.833815
vt 0.366009 0.832355
vt 0.369670 0.828587
vt 0.375543 0.827172
vt 0.376130 0.826590
vt 0.376268 0.825823
vt 0.376074 0.824945
vt 0.372285 0.820060
vt 0.372037 0.819064
vt 0.372128 0.818080
vt 0.372489 0.817118
vt 0.374043 0.815331
vt 0.385965 0.809631
vt 0.388726 0.807423
vt 0.390797 0.804555
vt 0.088537 0.151472
vt 0.082043 0.161439
vt 0.092743 0.147088
vt 0.092624 0.147375
vt 0.088622 0.151458
vt 0.523816 0.757494
vt 0.488033 0.773925
vt 0.490890 0.771313
vt 0.519184 0.747926
vt 0.748473 0.167674
vt 0.690094 0.187006
vt 0.662945 0.184481
vt 0.664074 0.180822
vt 0.660514 0.179681
vt 0.658000 0.117873
vt 0.656156 0.120808
vt 0.654312 0.119358
vt 0.651592 0.121532
vt 0.655406 0.371192
vt 0.655379 0.371972
vt 0.655326 0.372769
vt 0.429629 0.323483
vt 0.430488 0.323414
vt 0.433687 0.320432
vt 0.433831 0.319167
vt 0.435336 0.318427
vt 0.435547 0.318863
vt 0.683861 0.333397
vt 0.702951 0.104005
vt 0.475568 0.869423
vt 0.475771 0.869255
vt 0.475805 0.868623
vt 0.476150 0.869230
vt 0.476131 0.869899
vt 0.476068 0.870917
vt 0.475275 0.871108
vt 0.605136 0.144970
vt 0.603386 0.131658
vt 0.394679 0.126000
vt 0.400727 0.129893
vt 0.599158 0.763808
vt 0.608171 0.769644
vt 0.599081 0.764017
vt 0.830384 0.277885
vt 0.840875 0.252128
vt 0.829047 0.305028
vt 0.828607 0.299432
vt 0.933840 0.109312
vt 0.928227 0.107341
vt 0.929119 0.103951
vt 0.931967 0.104824
vt 0.932695 0.101103
vt 0.929812 0.100366
vt 0.078302 0.171908
vt 0.952575 0.126628
vt 0.950567 0.129526
vt 0.948558 0.132424
vt 0.944768 0.130214
vt 0.941022 0.128036
vt 0.942830 0.125152
vt 0.939147 0.123146
vt 0.940844 0.120124
vt 0.934219 0.116992
vt 0.935581 0.113841
vt 0.932670 0.112677
vt 0.476258 0.871071
vt 0.476262 0.871265
vt 0.839859 0.654864
vt 0.836270 0.655870
vt 0.838249 0.656908
vt 0.634782 0.322372
vt 0.639250 0.322802
vt 0.567700 0.315954
vt 0.569089 0.316031
vt 0.567786 0.314119
vt 0.573095 0.312214
vt 0.570767 0.310585
vt 0.572389 0.309630
vt 0.569829 0.307833
vt 0.571280 0.306711
vt 0.558946 0.294631
vt 0.564149 0.295228
vt 0.562700 0.285927
vt 0.563724 0.283930
vt 0.585103 0.291080
vt 0.585363 0.289478
vt 0.611813 0.291259
vt 0.612473 0.293567
vt 0.614772 0.299172
vt 0.623398 0.315134
vt 0.614646 0.256644
vt 0.610852 0.270509
vt 0.581036 0.258282
vt 0.616830 0.250435
vt 0.593747 0.050803
vt 0.592011 0.046271
vt 0.373539 0.015506
vt 0.371888 0.016775
vt 0.626025 0.018494
vt 0.628480 0.019650
vt 0.625361 0.023336
vt 0.627288 0.024755
vt 0.625005 0.026966
vt 0.628759 0.029825
vt 0.625950 0.032346
vt 0.627951 0.033336
vt 0.625487 0.035672
vt 0.627489 0.035789
vt 0.627291 0.037304
vt 0.623770 0.038052
vt 0.625551 0.047203
vt 0.620445 0.049677
vt 0.840747 0.904971
vt 0.840806 0.906905
vt 0.972065 0.687167
vt 0.969383 0.684851
vt 0.972662 0.680818
vt 0.969762 0.679209
vt 0.842854 0.900117
vt 0.841890 0.901699
vt 0.426911 0.784983
vt 0.429534 0.783993
vt 0.758836 0.174181
vt 0.693613 0.219983
vt 0.424773 0.114325
vt 0.424689 0.114235
vt 0.428878 0.109251
vt 0.599023 0.131790
vt 0.597869 0.130755
vt 0.429967 0.784282
vt 0.435100 0.781694
vt 0.464472 0.769251
vt 0.473618 0.756372
vt 0.476089 0.757775
vt 0.478329 0.754645
vt 0.481222 0.756207
vt 0.478865 0.759335
vt 0.481920 0.761012
vt 0.479637 0.763729
vt 0.488432 0.769362
vt 0.441956 0.818867
vt 0.391679 0.802738
vt 0.393963 0.798937
vt 0.395849 0.797297
vt 0.408257 0.793830
vt 0.801037 0.209205
vt 0.365860 0.851204
vt 0.566463 0.884216
vt 0.570557 0.878339
vt 0.366302 0.844586
vt 0.367405 0.847646
vt 0.367192 0.848900
vt 0.366661 0.850070
vt 0.698985 0.861697
vt 0.699004 0.861467
vt 0.700083 0.860780
vt 0.809483 0.618519
vt 0.809878 0.616743
vt 0.818224 0.609987
vt 0.817458 0.611799
vt 0.821481 0.610693
vt 0.820104 0.616691
vt 0.824923 0.615769
vt 0.824672 0.617779
vt 0.829451 0.616777
vt 0.810892 0.624218
vt 0.809625 0.620387
vt 0.038156 0.455639
vt 0.037870 0.458015
vt 0.045015 0.452521
vt 0.043970 0.454968
vt 0.050337 0.450938
vt 0.046544 0.457275
vt 0.051380 0.455002
vt 0.056513 0.471093
vt 0.063333 0.468750
vt 0.058386 0.475023
vt 0.061239 0.475375
vt 0.038687 0.489158
vt 0.040380 0.489763
vt 0.034052 0.493180
vt 0.072583 0.480550
vt 0.063711 0.488092
vt 0.065204 0.489310
vt 0.064797 0.662186
vt 0.069335 0.657597
vt 0.075330 0.653425
vt 0.882855 0.970094
vt 0.876556 0.967785
vt 0.870381 0.941233
vt 0.885392 0.943821
vt 0.884340 0.945981
vt 0.467169 0.753014
vt 0.502390 0.732808
vt 0.498357 0.738774
vt 0.494153 0.736300
vt 0.483918 0.752424
vt 0.407980 0.793558
vt 0.493095 0.792835
vt 0.487225 0.801244
vt 0.486530 0.801185
vt 0.604562 0.760406
vt 0.527708 0.771003
vt 0.525025 0.780233
vt 0.497353 0.788739
vt 0.511499 0.837424
vt 0.514696 0.839375
vt 0.512307 0.840685
vt 0.518427 0.845496
vt 0.516143 0.847508
vt 0.519070 0.849424
vt 0.516832 0.851241
vt 0.519419 0.853089
vt 0.514154 0.858161
vt 0.516404 0.859891
vt 0.513756 0.862871
vt 0.516059 0.864426
vt 0.514590 0.865653
vt 0.517090 0.867211
vt 0.515434 0.868389
vt 0.512857 0.866665
vt 0.400310 0.904126
vt 0.413333 0.910048
vt 0.419988 0.910275
vt 0.432656 0.905364
vt 0.444614 0.903143
vt 0.464667 0.903243
vt 0.471295 0.891945
vt 0.491641 0.916545
vt 0.492684 0.919601
vt 0.488654 0.921017
vt 0.484006 0.922509
vt 0.483675 0.920899
vt 0.480612 0.921819
vt 0.480367 0.920109
vt 0.476925 0.921159
vt 0.476997 0.915393
vt 0.474023 0.916424
vt 0.474122 0.914454
vt 0.471195 0.915789
vt 0.470067 0.913519
vt 0.463822 0.915340
vt 0.464806 0.913767
vt 0.462673 0.914276
vt 0.463879 0.912381
vt 0.462079 0.912704
vt 0.463337 0.910557
vt 0.458607 0.913311
vt 0.461902 0.908255
vt 0.449572 0.017214
vt 0.451113 0.019101
vt 0.437859 0.019368
vt 0.440758 0.017706
vt 0.438943 0.017253
vt 0.443188 0.014741
vt 0.445286 0.015123
vt 0.448089 0.016059
vt 0.238169 0.802073
vt 0.237133 0.799507
vt 0.235956 0.797603
vt 0.235589 0.796505
vt 0.238444 0.802062
vt 0.850297 0.678846
vt 0.941573 0.866997
vt 0.944397 0.863347
vt 0.945819 0.863980
vt 0.953247 0.853690
vt 0.951498 0.852733
vt 0.964536 0.836594
vt 0.962673 0.835380
vt 0.966329 0.840679
vt 0.967957 0.841601
vt 0.964807 0.845353
vt 0.967481 0.847332
vt 0.969179 0.845374
vt 0.970342 0.846856
vt 0.969648 0.883844
vt 0.970010 0.884029
vt 0.970499 0.898344
vt 0.974477 0.909537
vt 0.974593 0.914349
vt 0.974016 0.915965
vt 0.973164 0.917072
vt 0.970208 0.918435
vt 0.969655 0.917738
vt 0.969342 0.920247
vt 0.968211 0.918911
vt 0.973011 0.930773
vt 0.940275 0.866364
vt 0.410848 0.142238
vt 0.410875 0.142455
vt 0.279978 0.519082
vt 0.280486 0.515768
vt 0.281322 0.515646
vt 0.281051 0.517242
vt 0.306275 0.506736
vt 0.296963 0.510298
vt 0.297003 0.509060
vt 0.289122 0.510516
vt 0.289000 0.509461
vt 0.285756 0.509543
vt 0.285328 0.508463
vt 0.282726 0.508429
vt 0.281444 0.506457
vt 0.319983 0.484778
vt 0.318814 0.477619
vt 0.282288 0.500453
vt 0.282291 0.499781
vt 0.279082 0.503888
vt 0.280049 0.501343
vt 0.279859 0.500832
vt 0.279408 0.500452
vt 0.278753 0.500156
vt 0.273444 0.498812
vt 0.271901 0.498777
vt 0.272545 0.497938
vt 0.270788 0.498083
vt 0.274538 0.493198
vt 0.272927 0.492804
vt 0.283187 0.452835
vt 0.256129 0.481010
vt 0.258201 0.483148
vt 0.307896 0.354348
vt 0.318053 0.346773
vt 0.312833 0.350675
vt 0.335998 0.592083
vt 0.300530 0.595744
vt 0.292399 0.593668
vt 0.286772 0.589194
vt 0.283019 0.583356
vt 0.277775 0.564648
vt 0.279664 0.521045
vt 0.792599 0.675660
vt 0.613083 0.196193
vt 0.613296 0.192252
vt 0.615439 0.187720
vt 0.617292 0.188181
vt 0.695919 0.237205
vt 0.695462 0.232896
vt 0.676722 0.237518
vt 0.676239 0.233514
vt 0.617943 0.225982
vt 0.621636 0.216023
vt 0.621456 0.213695
vt 0.607758 0.762137
vt 0.399894 0.959225
vt 0.395342 0.959424
vt 0.395299 0.961280
vt 0.388752 0.960199
vt 0.389334 0.962143
vt 0.384770 0.961637
vt 0.385507 0.963513
vt 0.375245 0.960408
vt 0.370836 0.950441
vt 0.371815 0.950246
vt 0.368373 0.943128
vt 0.367521 0.943242
vt 0.364934 0.936248
vt 0.365752 0.936207
vt 0.364848 0.932261
vt 0.364019 0.932271
vt 0.363104 0.923871
vt 0.363055 0.921901
vt 0.363940 0.921924
vt 0.363916 0.919982
vt 0.364714 0.920031
vt 0.364747 0.921980
vt 0.365472 0.922039
vt 0.390171 0.941348
vt 0.390076 0.938883
vt 0.395723 0.940409
vt 0.398998 0.947703
vt 0.394263 0.948109
vt 0.863752 0.240263
vt 0.884084 0.206451
vt 0.883219 0.209196
vt 0.886495 0.209905
vt 0.956608 0.801251
vt 0.957864 0.797251
vt 0.958520 0.797410
vt 0.957377 0.801482
vt 0.829117 0.714156
vt 0.811815 0.713580
vt 0.811813 0.711310
vt 0.808304 0.711369
vt 0.808263 0.709177
vt 0.806780 0.709296
vt 0.806830 0.711478
vt 0.798581 0.687689
vt 0.797947 0.685770
vt 0.798810 0.685725
vt 0.798514 0.684823
vt 0.799465 0.684868
vt 0.798894 0.683093
vt 0.800038 0.683179
vt 0.798786 0.681463
vt 0.800533 0.682866
vt 0.828612 0.715160
vt 0.691172 0.285065
vt 0.691818 0.281256
vt 0.662201 0.290455
vt 0.662838 0.286220
vt 0.655040 0.288633
vt 0.656044 0.279989
vt 0.648700 0.283026
vt 0.647417 0.280562
vt 0.621052 0.288909
vt 0.620832 0.286897
vt 0.611056 0.288492
vt 0.609462 0.279132
vt 0.459850 0.028962
vt 0.540965 0.045969
vt 0.539950 0.047219
vt 0.548194 0.055930
vt 0.243968 0.795801
vt 0.244352 0.795732
vt 0.244604 0.796062
vt 0.063069 0.802276
vt 0.066605 0.804124
vt 0.068580 0.807223
vt 0.352267 0.795068
vt 0.351163 0.790269
vt 0.356355 0.790375
vt 0.355983 0.788944
vt 0.375854 0.784383
vt 0.337130 0.780541
vt 0.336657 0.782292
vt 0.313471 0.782828
vt 0.314916 0.781317
vt 0.323990 0.780750
vt 0.331171 0.738025
vt 0.333179 0.737734
vt 0.052179 0.793916
vt 0.055553 0.798602
vt 0.060539 0.801302
vt 0.381139 0.068199
vt 0.381743 0.065845
vt 0.395779 0.066990
vt 0.396357 0.064697
vt 0.373490 0.015659
vt 0.377014 0.020788
vt 0.378228 0.019559
vt 0.381403 0.023682
vt 0.382487 0.022446
vt 0.392015 0.030646
vt 0.391334 0.032238
vt 0.397429 0.035020
vt 0.397031 0.036782
vt 0.402008 0.038452
vt 0.401681 0.040387
vt 0.601708 0.801545
vt 0.601396 0.799996
vt 0.602712 0.800331
vt 0.602565 0.798618
vt 0.603798 0.798955
vt 0.603608 0.797120
vt 0.605747 0.797778
vt 0.605345 0.795674
vt 0.429704 0.784290
vt 0.603443 0.830257
vt 0.602783 0.831473
vt 0.592597 0.819546
vt 0.592006 0.822249
vt 0.582069 0.812779
vt 0.580918 0.815003
vt 0.579266 0.813565
vt 0.577984 0.815781
vt 0.576643 0.814666
vt 0.575256 0.816899
vt 0.904451 0.256642
vt 0.905756 0.257984
vt 0.401256 0.285565
vt 0.400810 0.285251
vt 0.406936 0.280884
vt 0.407523 0.281331
vt 0.952687 0.811909
vt 0.945044 0.823994
vt 0.944635 0.823605
vt 0.343106 0.975975
vt 0.346498 0.978468
vt 0.344511 0.980472
vt 0.346247 0.981713
vt 0.343532 0.985045
vt 0.345723 0.986051
vt 0.527225 0.975643
vt 0.525959 0.976956
vt 0.525982 0.976816
vt 0.527309 0.975503
vt 0.529071 0.974224
vt 0.535913 0.971278
vt 0.545419 0.970264
vt 0.546920 0.969592
vt 0.548046 0.968559
vt 0.549725 0.965256
vt 0.551347 0.954382
vt 0.548475 0.947620
vt 0.548634 0.946441
vt 0.549304 0.945390
vt 0.550333 0.944447
vt 0.556554 0.941458
vt 0.557826 0.940374
vt 0.558573 0.938839
vt 0.558899 0.936994
vt 0.558596 0.932875
vt 0.554480 0.924659
vt 0.541932 0.913536
vt 0.328550 0.924819
vt 0.327509 0.925852
vt 0.335074 0.924834
vt 0.338480 0.924556
vt 0.337276 0.925787
vt 0.340472 0.925917
vt 0.338523 0.927512
vt 0.341820 0.928392
vt 0.340294 0.948087
vt 0.347904 0.948419
vt 0.350023 0.958273
vt 0.345572 0.960529
vt 0.347360 0.968585
vt 0.344252 0.969300
vt 0.344109 0.970649
vt 0.345889 0.970725
vt 0.343751 0.972838
vt 0.345549 0.973691
vt 0.411790 0.131093
vt 0.411337 0.141618
vt 0.411251 0.141562
vt 0.747110 0.776301
vt 0.763387 0.771380
vt 0.750319 0.782830
vt 0.903569 0.761827
vt 0.962495 0.957443
vt 0.894328 0.765804
vt 0.895064 0.766923
vt 0.906006 0.750328
vt 0.904111 0.757332
vt 0.904818 0.757398
vt 0.902641 0.761591
vt 0.773616 0.450029
vt 0.773989 0.446317
vt 0.775059 0.446298
vt 0.776234 0.434602
vt 0.777806 0.434633
vt 0.818417 0.437975
vt 0.816059 0.440509
vt 0.821448 0.441288
vt 0.819512 0.446694
vt 0.839725 0.456482
vt 0.524902 0.978126
vt 0.351901 0.947062
vt 0.352647 0.949281
vt 0.356350 0.948044
vt 0.355610 0.945983
vt 0.365105 0.943616
vt 0.364367 0.941911
vt 0.365117 0.941790
vt 0.365849 0.943496
vt 0.707172 0.890237
vt 0.528566 0.714667
vt 0.527421 0.714545
vt 0.526015 0.714775
vt 0.526133 0.714339
vt 0.524370 0.714953
vt 0.528595 0.704178
vt 0.524128 0.702297
vt 0.522381 0.705956
vt 0.519005 0.704651
vt 0.517437 0.708682
vt 0.515709 0.707988
vt 0.512633 0.715931
vt 0.501191 0.709531
vt 0.537667 0.655443
vt 0.534383 0.652739
vt 0.535457 0.651334
vt 0.538692 0.654081
vt 0.540870 0.651512
vt 0.534465 0.646176
vt 0.535902 0.644622
vt 0.539066 0.647162
vt 0.539896 0.646443
vt 0.536729 0.643912
vt 0.542143 0.639856
vt 0.545202 0.642382
vt 0.590008 0.621815
vt 0.593078 0.623650
vt 0.596319 0.631490
vt 0.591959 0.633730
vt 0.596410 0.636334
vt 0.593915 0.638677
vt 0.597546 0.637985
vt 0.597261 0.641132
vt 0.592585 0.643012
vt 0.596681 0.646416
vt 0.593042 0.649457
vt 0.594175 0.655422
vt 0.600039 0.651584
vt 0.599667 0.652980
vt 0.612554 0.643674
vt 0.605384 0.656837
vt 0.605710 0.656853
vt 0.597532 0.666776
vt 0.575529 0.688303
vt 0.530534 0.715518
vt 0.278990 0.523230
vt 0.279640 0.519053
vt 0.336678 0.592540
vt 0.347081 0.588532
vt 0.143478 0.571763
vt 0.148473 0.573837
vt 0.145093 0.566429
vt 0.149710 0.568498
vt 0.145557 0.561339
vt 0.159717 0.571764
vt 0.154861 0.564407
vt 0.444804 0.929322
vt 0.444246 0.930764
vt 0.412778 0.917501
vt 0.414267 0.918032
vt 0.410529 0.918573
vt 0.411688 0.919433
vt 0.407880 0.920026
vt 0.402896 0.924864
vt 0.407331 0.931880
vt 0.401539 0.932751
vt 0.410835 0.940867
vt 0.365252 0.914173
vt 0.364553 0.914148
vt 0.364083 0.904280
vt 0.363332 0.904332
vt 0.362309 0.888187
vt 0.362820 0.888137
vt 0.363321 0.888086
vt 0.364114 0.893737
vt 0.364710 0.893717
vt 0.365322 0.902158
vt 0.365899 0.902084
vt 0.366009 0.904087
vt 0.366580 0.904020
vt 0.366459 0.902016
vt 0.367052 0.901963
vt 0.366882 0.899982
vt 0.367486 0.899960
vt 0.369104 0.913867
vt 0.380113 0.907912
vt 0.378731 0.906720
vt 0.380406 0.906204
vt 0.379123 0.904933
vt 0.380635 0.904506
vt 0.379292 0.903227
vt 0.282472 0.065585
vt 0.277104 0.133624
vt 0.273668 0.132058
vt 0.271916 0.133257
vt 0.270197 0.132099
vt 0.270625 0.131540
vt 0.301893 0.106828
vt 0.302484 0.105729
vt 0.302152 0.105642
vt 0.286803 0.066190
vt 0.915708 0.364374
vt 0.909405 0.393549
vt 0.911770 0.393511
vt 0.792842 0.682588
vt 0.805341 0.818657
vt 0.810204 0.817166
vt 0.676241 0.762211
vt 0.667142 0.757337
vt 0.670775 0.754947
vt 0.660951 0.746707
vt 0.754973 0.734025
vt 0.753072 0.741683
vt 0.748315 0.749850
vt 0.746011 0.757906
vt 0.745382 0.759973
vt 0.744163 0.766617
vt 0.746193 0.774081
vt 0.751376 0.784511
vt 0.757227 0.796853
vt 0.760971 0.800942
vt 0.793156 0.819287
vt 0.141157 0.860428
vt 0.227052 0.884535
vt 0.230068 0.892600
vt 0.231835 0.896143
vt 0.378759 0.301814
vt 0.397954 0.292736
vt 0.399172 0.291185
vt 0.400682 0.286737
vt 0.420842 0.275118
vt 0.427021 0.270389
vt 0.429048 0.267447
vt 0.429858 0.263977
vt 0.428740 0.256687
vt 0.114894 0.273698
vt 0.109234 0.280750
vt 0.114116 0.279701
vt 0.112935 0.281916
vt 0.122730 0.279376
vt 0.122160 0.281335
vt 0.142191 0.276301
vt 0.144344 0.279792
vt 0.150167 0.278465
vt 0.151210 0.282038
vt 0.156651 0.281120
vt 0.157332 0.284634
vt 0.169895 0.282829
vt 0.170087 0.286215
vt 0.196101 0.294419
vt 0.195842 0.290948
vt 0.202487 0.293711
vt 0.202068 0.289882
vt 0.208746 0.292700
vt 0.208889 0.289221
vt 0.214984 0.292464
vt 0.216240 0.290567
vt 0.231193 0.296687
vt 0.231007 0.295029
vt 0.263197 0.267186
vt 0.264160 0.271522
vt 0.267676 0.279423
vt 0.268980 0.286470
vt 0.272692 0.291630
vt 0.282306 0.298041
vt 0.285013 0.298779
vt 0.290882 0.298967
vt 0.307584 0.307189
vt 0.322490 0.311076
vt 0.351606 0.311058
vt 0.976556 0.841233
vt 0.994051 0.830674
vt 0.996839 0.830058
vt 0.977030 0.841595
vt 0.857689 0.725056
vt 0.810077 0.816864
vt 0.815005 0.816062
vt 0.813257 0.811471
vt 0.815902 0.811357
vt 0.812367 0.803160
vt 0.814767 0.803163
vt 0.809052 0.787654
vt 0.806887 0.787698
vt 0.805635 0.778817
vt 0.804010 0.778881
vt 0.805380 0.743369
vt 0.804390 0.743583
vt 0.515951 0.944008
vt 0.528791 0.973919
vt 0.527202 0.972581
vt 0.528906 0.971327
vt 0.527381 0.970268
vt 0.530725 0.967946
vt 0.525508 0.965195
vt 0.529263 0.961085
vt 0.525627 0.959341
vt 0.527020 0.958005
vt 0.847451 0.202937
vt 0.846928 0.202885
vt 0.847194 0.202004
vt 0.846596 0.202045
vt 0.846255 0.199893
vt 0.846873 0.199567
vt 0.846202 0.198073
vt 0.847877 0.197212
vt 0.847209 0.194775
vt 0.848674 0.194094
vt 0.848167 0.192927
vt 0.850083 0.191765
vt 0.849211 0.190593
vt 0.865005 0.176384
vt 0.177507 0.263099
vt 0.178468 0.252805
vt 0.180170 0.253432
vt 0.180869 0.249922
vt 0.183689 0.250799
vt 0.184520 0.247217
vt 0.208250 0.254833
vt 0.208192 0.250927
vt 0.214733 0.253202
vt 0.215746 0.250156
vt 0.417138 0.240260
vt 0.418065 0.238262
vt 0.177434 0.273394
vt 0.176545 0.262665
vt 0.675214 0.870662
vt 0.850248 0.680346
vt 0.929941 0.877402
vt 0.927210 0.875943
vt 0.937405 0.862159
vt 0.938764 0.863015
vt 0.134068 0.118995
vt 0.132747 0.110924
vt 0.133002 0.108940
vt 0.133784 0.107140
vt 0.135270 0.105632
vt 0.846615 0.132696
vt 0.971721 0.846962
vt 0.970490 0.853168
vt 0.971115 0.853052
vt 0.971587 0.874625
vt 0.971046 0.879686
vt 0.176986 0.255791
vt 0.191644 0.180312
vt 0.192719 0.175309
vt 0.193719 0.175172
vt 0.196580 0.151491
vt 0.198564 0.151281
vt 0.193295 0.184965
vt 0.186822 0.220558
vt 0.185795 0.220212
vt 0.833498 0.563328
vt 0.864792 0.161409
vt 0.870180 0.168438
vt 0.863910 0.174942
vt 0.865975 0.172825
vt 0.550503 0.026354
vt 0.285923 0.806033
vt 0.282388 0.805071
vt 0.078210 0.910949
vt 0.082406 0.917503
vt 0.081338 0.919106
vt 0.642390 0.322478
vt 0.654657 0.325228
vt 0.664123 0.324975
vt 0.722467 0.318006
vt 0.747597 0.307344
vt 0.748955 0.305757
vt 0.750923 0.301440
vt 0.761168 0.294988
vt 0.775345 0.288937
vt 0.787565 0.280561
vt 0.789976 0.277096
vt 0.528861 0.285550
vt 0.545242 0.289912
vt 0.544564 0.286573
vt 0.551145 0.288543
vt 0.549734 0.281211
vt 0.581166 0.709454
vt 0.576552 0.705790
vt 0.419239 0.120679
vt 0.412467 0.129734
vt 0.412486 0.129855
vt 0.410568 0.143831
vt 0.410693 0.143482
vt 0.599888 0.146157
vt 0.411095 0.142081
vt 0.994139 0.823257
vt 0.975927 0.840812
vt 0.614810 0.619622
vt 0.613275 0.611055
vt 0.677593 0.710266
vt 0.679073 0.711762
vt 0.682597 0.707609
vt 0.684922 0.709672
vt 0.681970 0.713965
vt 0.683507 0.714868
vt 0.365413 0.887929
vt 0.362110 0.880758
vt 0.475356 0.869739
vt 0.475140 0.870095
vt 0.475086 0.870427
vt 0.364026 0.876050
vt 0.474821 0.872181
vt 0.476055 0.881403
vt 0.105959 0.609186
vt 0.359879 0.629937
vt 0.362128 0.630349
vt 0.360313 0.632810
vt 0.362879 0.633471
vt 0.360908 0.635936
vt 0.335064 0.698896
vt 0.336259 0.698718
vt 0.504114 0.988565
vt 0.498152 0.986826
vt 0.497058 0.986790
vt 0.465946 0.987573
vt 0.469237 0.984773
vt 0.467604 0.984652
vt 0.469860 0.982785
vt 0.458459 0.985004
vt 0.455509 0.983917
vt 0.454591 0.983292
vt 0.452719 0.980090
vt 0.478610 0.948758
vt 0.478474 0.954618
vt 0.492460 0.949314
vt 0.494581 0.948976
vt 0.493772 0.959205
vt 0.496465 0.959136
vt 0.496440 0.960832
vt 0.498113 0.961010
vt 0.498099 0.962501
vt 0.502576 0.963341
vt 0.502479 0.964745
vt 0.505136 0.965456
vt 0.504938 0.966760
vt 0.518072 0.974929
vt 0.519851 0.972574
vt 0.521361 0.974070
vt 0.522249 0.972843
vt 0.525772 0.976522
vt 0.522741 0.980579
vt 0.516028 0.984439
vt 0.506961 0.988300
vt 0.139685 0.966432
vt 0.145623 0.966787
vt 0.147537 0.967275
vt 0.344199 0.864646
vt 0.344268 0.866179
vt 0.344197 0.866083
vt 0.347679 0.856315
vt 0.349202 0.854120
vt 0.922144 0.344027
vt 0.438736 0.965415
vt 0.438510 0.971438
vt 0.437999 0.970277
vt 0.335940 0.923837
vt 0.332389 0.924268
vt 0.357357 0.918425
vt 0.357299 0.920385
vt 0.359388 0.920227
vt 0.359391 0.918282
vt 0.360192 0.918219
vt 0.360214 0.916263
vt 0.361113 0.916190
vt 0.361108 0.918141
vt 0.362075 0.918072
vt 0.362156 0.923912
vt 0.071226 0.163016
vt 0.071572 0.162896
vt 0.071838 0.164081
vt 0.829483 0.178124
vt 0.826960 0.179986
vt 0.833831 0.190803
vt 0.834991 0.190031
vt 0.835939 0.193737
vt 0.835137 0.194206
vt 0.835421 0.195170
vt 0.834853 0.195539
vt 0.835093 0.196212
vt 0.834703 0.196515
vt 0.834891 0.196833
vt 0.831401 0.211902
vt 0.829544 0.209777
vt 0.826858 0.212017
vt 0.825743 0.210313
vt 0.862563 0.521552
vt 0.179837 0.873282
vt 0.181474 0.873803
vt 0.177067 0.876562
vt 0.179195 0.878953
vt 0.183990 0.876394
vt 0.185027 0.877711
vt 0.189697 0.875349
vt 0.190928 0.876805
vt 0.256400 0.929738
vt 0.258096 0.930152
vt 0.215363 0.893069
vt 0.210695 0.898598
vt 0.210878 0.894896
vt 0.202532 0.900548
vt 0.202820 0.902077
vt 0.199371 0.903965
vt 0.198458 0.901064
vt 0.194881 0.902419
vt 0.194606 0.900969
vt 0.190983 0.901660
vt 0.192048 0.899812
vt 0.186652 0.898153
vt 0.190571 0.895950
vt 0.129120 0.875409
vt 0.130031 0.870747
vt 0.124034 0.870992
vt 0.126265 0.867194
vt 0.121208 0.865187
vt 0.125613 0.859768
vt 0.121064 0.862545
vt 0.123150 0.859667
vt 0.110715 0.862620
vt 0.112397 0.860247
vt 0.110498 0.860470
vt 0.111904 0.858276
vt 0.109534 0.858866
vt 0.110690 0.856906
vt 0.107981 0.857650
vt 0.108814 0.856137
vt 0.105944 0.856703
vt 0.230040 0.836167
vt 0.226430 0.846353
vt 0.612394 0.608781
vt 0.609644 0.604632
vt 0.607531 0.603091
vt 0.596293 0.600422
vt 0.595118 0.599326
vt 0.594684 0.597953
vt 0.594238 0.593448
vt 0.588363 0.579990
vt 0.583857 0.574981
vt 0.558758 0.565903
vt 0.557157 0.564334
vt 0.556184 0.562520
vt 0.556708 0.562248
vt 0.556192 0.560255
vt 0.649209 0.624313
vt 0.661485 0.679192
vt 0.664342 0.679514
vt 0.666525 0.674188
vt 0.673786 0.680534
vt 0.679262 0.670818
vt 0.679983 0.674706
vt 0.682709 0.672029
vt 0.681810 0.677892
vt 0.683840 0.678633
vt 0.681728 0.685242
vt 0.687855 0.696039
vt 0.689115 0.699990
vt 0.695397 0.711771
vt 0.698722 0.707767
vt 0.702988 0.723139
vt 0.709070 0.720737
vt 0.707166 0.723306
vt 0.717808 0.720596
vt 0.615783 0.639344
vt 0.617654 0.636720
vt 0.618733 0.633284
vt 0.618637 0.630098
vt 0.615158 0.626354
vt 0.614816 0.624995
vt 0.614792 0.621564
vt 0.608750 0.760772
vt 0.609856 0.765095
vt 0.238097 0.791628
vt 0.239298 0.792109
vt 0.973655 0.844769
vt 0.974158 0.844813
vt 0.493647 0.793096
vt 0.694999 0.436393
vt 0.699311 0.443397
vt 0.656110 0.453182
vt 0.658088 0.447974
vt 0.664105 0.449925
vt 0.664690 0.447754
vt 0.671399 0.449827
vt 0.671394 0.447385
vt 0.694083 0.434529
vt 0.694087 0.432353
vt 0.694417 0.432158
vt 0.694595 0.434282
vt 0.495525 0.948845
vt 0.496637 0.937697
vt 0.499288 0.937329
vt 0.499050 0.939395
vt 0.503773 0.939081
vt 0.503492 0.941227
vt 0.506857 0.941213
vt 0.506694 0.943383
vt 0.794503 0.672464
vt 0.364841 0.852354
vt 0.362827 0.854946
vt 0.362207 0.856550
vt 0.362120 0.858494
vt 0.366417 0.871735
vt 0.380390 0.891003
vt 0.394747 0.900135
vt 0.521787 0.851314
vt 0.524364 0.853098
vt 0.526970 0.851199
vt 0.529442 0.852751
vt 0.534855 0.848452
vt 0.536954 0.849754
vt 0.544394 0.842962
vt 0.547134 0.844984
vt 0.551036 0.840500
vt 0.553240 0.842400
vt 0.554953 0.840172
vt 0.574834 0.863643
vt 0.573577 0.864698
vt 0.590328 0.885201
vt 0.591302 0.883820
vt 0.364177 0.835173
vt 0.363144 0.837866
vt 0.363257 0.839352
vt 0.281187 0.510499
vt 0.280955 0.509404
vt 0.278304 0.505904
vt 0.278308 0.505197
vt 0.278626 0.504533
vt 0.969736 0.919277
vt 0.970488 0.898342
vt 0.970208 0.884050
vt 0.971751 0.877540
vt 0.869667 0.704326
vt 0.869402 0.702959
vt 0.870569 0.702350
vt 0.870277 0.700796
vt 0.872597 0.699688
vt 0.873520 0.701619
vt 0.877381 0.696863
vt 0.878894 0.697701
vt 0.880671 0.695561
vt 0.888936 0.699544
vt 0.889649 0.698487
vt 0.893594 0.700444
vt 0.897934 0.702388
vt 0.897267 0.703580
vt 0.121192 0.437782
vt 0.120897 0.428810
vt 0.119194 0.429058
vt 0.119057 0.424657
vt 0.120802 0.424422
vt 0.125460 0.364671
vt 0.121999 0.364359
vt 0.112326 0.336210
vt 0.300741 0.083507
vt 0.291114 0.085767
vt 0.290589 0.084717
vt 0.290274 0.084878
vt 0.155994 0.337207
vt 0.213834 0.491690
vt 0.277727 0.500166
vt 0.278498 0.500385
vt 0.189051 0.478506
vt 0.188187 0.479154
vt 0.181216 0.475300
vt 0.181105 0.476995
vt 0.173806 0.473788
vt 0.177012 0.480103
vt 0.169903 0.479223
vt 0.194492 0.503568
vt 0.189703 0.502258
vt 0.194749 0.504816
vt 0.194483 0.507351
vt 0.199351 0.508521
vt 0.199471 0.510279
vt 0.208710 0.512144
vt 0.208596 0.513965
vt 0.279862 0.517419
vt 0.124058 0.463760
vt 0.122925 0.463845
vt 0.122098 0.456302
vt 0.120912 0.456486
vt 0.120192 0.447507
vt 0.118939 0.447768
vt 0.118546 0.443037
vt 0.119894 0.442752
vt 0.119629 0.438027
vt 0.413163 0.949203
vt 0.421012 0.956194
vt 0.420230 0.957370
vt 0.415390 0.958770
vt 0.415094 0.960260
vt 0.598332 0.775398
vt 0.599011 0.774652
vt 0.600088 0.775479
vt 0.600731 0.774716
vt 0.601784 0.775549
vt 0.602382 0.774766
vt 0.466210 0.752734
vt 0.476314 0.870149
vt 0.481679 0.878435
vt 0.482763 0.879264
vt 0.480668 0.877742
vt 0.480847 0.877585
vt 0.137357 0.052171
vt 0.137782 0.050193
vt 0.132584 0.051573
vt 0.152723 0.034948
vt 0.911838 0.113423
vt 0.903860 0.108559
vt 0.905151 0.107355
vt 0.887396 0.096255
vt 0.887895 0.093630
vt 0.904455 0.102929
vt 0.905071 0.101030
vt 0.927177 0.110485
vt 0.080057 0.168779
vt 0.081201 0.162855
vt 0.080932 0.162697
vt 0.496222 0.885264
vt 0.694462 0.950606
vt 0.704267 0.956934
vt 0.704017 0.955620
vt 0.704462 0.955988
vt 0.704718 0.957253
vt 0.712575 0.966245
vt 0.690669 0.950032
vt 0.694393 0.952467
vt 0.079509 0.170763
vt 0.079157 0.171295
vt 0.259989 0.797513
vt 0.259863 0.797783
vt 0.255039 0.797015
vt 0.254901 0.797375
vt 0.245208 0.797098
vt 0.244503 0.796361
vt 0.718755 0.462401
vt 0.706250 0.465426
vt 0.698038 0.466954
vt 0.697509 0.465538
vt 0.697055 0.464058
vt 0.696819 0.460885
vt 0.707876 0.451854
vt 0.707347 0.453643
vt 0.711484 0.452456
vt 0.710112 0.458672
vt 0.714667 0.457742
vt 0.714130 0.459619
vt 0.718343 0.458649
vt 0.441563 0.030428
vt 0.442204 0.031715
vt 0.445678 0.029595
vt 0.446400 0.030983
vt 0.449567 0.028906
vt 0.450260 0.030329
vt 0.456576 0.025769
vt 0.457281 0.027054
vt 0.458428 0.028085
vt 0.469957 0.037035
vt 0.470715 0.038262
vt 0.471055 0.039655
vt 0.470795 0.041289
vt 0.468357 0.046741
vt 0.465701 0.053122
vt 0.463317 0.062930
vt 0.301302 0.107928
vt 0.301031 0.107905
vt 0.845711 0.197030
vt 0.844234 0.198282
vt 0.842835 0.196162
vt 0.841351 0.197963
vt 0.838087 0.197618
vt 0.838300 0.196494
vt 0.945939 0.330954
vt 0.910007 0.315319
vt 0.902778 0.310699
vt 0.699866 0.444674
vt 0.709914 0.435572
vt 0.708583 0.428253
vt 0.713633 0.425639
vt 0.723095 0.409027
vt 0.721430 0.408506
vt 0.726561 0.402153
vt 0.720366 0.403698
vt 0.722099 0.391043
vt 0.717569 0.391768
vt 0.719084 0.388773
vt 0.714741 0.389371
vt 0.716608 0.385617
vt 0.712917 0.385844
vt 0.714641 0.381362
vt 0.705496 0.386502
vt 0.712194 0.364066
vt 0.722716 0.348200
vt 0.729245 0.337892
vt 0.730238 0.338425
vt 0.736725 0.331874
vt 0.745647 0.338913
vt 0.748738 0.336391
vt 0.750771 0.338766
vt 0.753547 0.336659
vt 0.754714 0.338709
vt 0.757141 0.336974
vt 0.757745 0.338879
vt 0.761773 0.336672
vt 0.761998 0.338821
vt 0.763770 0.338251
vt 0.766257 0.390161
vt 0.755689 0.395575
vt 0.755494 0.391935
vt 0.724982 0.420696
vt 0.769254 0.399418
vt 0.770403 0.402580
vt 0.772152 0.402206
vt 0.774887 0.418070
vt 0.776263 0.417987
vt 0.776514 0.426401
vt 0.778203 0.426459
vt 0.771913 0.473184
vt 0.770474 0.473238
vt 0.767343 0.498468
vt 0.764764 0.499513
vt 0.764992 0.497109
vt 0.761671 0.498404
vt 0.761053 0.505606
vt 0.756838 0.507115
vt 0.756937 0.504809
vt 0.717008 0.517053
vt 0.715808 0.515303
vt 0.711696 0.517539
vt 0.710896 0.515753
vt 0.706747 0.518111
vt 0.705811 0.513853
vt 0.702179 0.516173
vt 0.701888 0.513630
vt 0.697433 0.516545
vt 0.697323 0.513717
vt 0.696480 0.514190
vt 0.696356 0.510933
vt 0.695869 0.494028
vt 0.699923 0.476925
vt 0.699994 0.473598
vt 0.710248 0.470611
vt 0.710436 0.469228
vt 0.714323 0.468592
vt 0.714606 0.464773
vt 0.706502 0.466577
vt 0.700388 0.452951
vt 0.616362 0.681825
vt 0.618931 0.681103
vt 0.621501 0.680381
vt 0.623124 0.684438
vt 0.620638 0.685256
vt 0.622310 0.689321
vt 0.619773 0.690295
vt 0.624378 0.701092
vt 0.622016 0.702381
vt 0.625381 0.710772
vt 0.627365 0.709522
vt 0.629997 0.720228
vt 0.792037 0.683186
vt 0.791304 0.684187
vt 0.791418 0.684338
vt 0.782649 0.695177
vt 0.781495 0.696149
vt 0.782639 0.695002
vt 0.784361 0.693067
vt 0.784265 0.693059
vt 0.645847 0.726804
vt 0.645045 0.727896
vt 0.641196 0.725101
vt 0.640766 0.726469
vt 0.637021 0.724159
vt 0.637364 0.727815
vt 0.636057 0.727519
vt 0.636844 0.731283
vt 0.635867 0.731502
vt 0.635361 0.729546
vt 0.631016 0.732025
vt 0.630261 0.730182
vt 0.627586 0.731926
vt 0.618603 0.715434
vt 0.607297 0.914859
vt 0.237788 0.803053
vt 0.237668 0.802961
vt 0.079435 0.169153
vt 0.079815 0.168614
vt 0.850580 0.951211
vt 0.861691 0.960339
vt 0.865714 0.962928
vt 0.956220 0.770233
vt 0.953318 0.772292
vt 0.952484 0.770433
vt 0.949729 0.771926
vt 0.949386 0.769741
vt 0.946847 0.770747
vt 0.946868 0.768544
vt 0.942385 0.769394
vt 0.943046 0.767063
vt 0.938868 0.766450
vt 0.971054 0.705083
vt 0.861670 0.960678
vt 0.366421 0.888735
vt 0.915784 0.899162
vt 0.546600 0.044883
vt 0.547084 0.043234
vt 0.568367 0.048296
vt 0.795793 0.672897
vt 0.797489 0.674270
vt 0.474853 0.870809
vt 0.075839 0.164118
vt 0.075823 0.164738
vt 0.079370 0.165283
vt 0.079707 0.163252
vt 0.080257 0.163387
vt 0.698603 0.861078
vt 0.699186 0.860716
vt 0.700307 0.860512
vt 0.374934 0.014362
vt 0.377809 0.011956
vt 0.386125 0.008771
vt 0.397131 0.006091
vt 0.400398 0.006333
vt 0.406790 0.009426
vt 0.408015 0.009675
vt 0.454211 0.020912
vt 0.455117 0.021798
vt 0.080530 0.162539
vt 0.109609 0.134926
vt 0.110052 0.135304
vt 0.099589 0.142164
vt 0.074501 0.160058
vt 0.065430 0.130051
vt 0.067390 0.130090
vt 0.067163 0.127196
vt 0.069015 0.127194
vt 0.078318 0.076022
vt 0.076824 0.076190
vt 0.085691 0.045167
vt 0.083663 0.045091
vt 0.084227 0.038609
vt 0.081840 0.038366
vt 0.079312 0.023678
vt 0.092322 0.021834
vt 0.086804 0.004203
vt 0.089659 0.003561
vt 0.089445 0.003242
vt 0.099606 0.002452
vt 0.106964 0.003787
vt 0.132168 0.013196
vt 0.143449 0.020255
vt 0.160202 0.049590
vt 0.162656 0.060198
vt 0.159101 0.072001
vt 0.154410 0.082420
vt 0.140893 0.101181
vt 0.133698 0.121038
vt 0.132013 0.123251
vt 0.604214 0.616217
vt 0.605083 0.617824
vt 0.600951 0.619694
vt 0.602391 0.623452
vt 0.580733 0.612126
vt 0.570407 0.612646
vt 0.573158 0.610363
vt 0.566624 0.607574
vt 0.576935 0.603567
vt 0.575122 0.601617
vt 0.580227 0.600287
vt 0.579184 0.598418
vt 0.584031 0.597561
vt 0.521603 0.577393
vt 0.526582 0.573999
vt 0.538598 0.566843
vt 0.861875 0.959891
vt 0.862306 0.959236
vt 0.858527 0.956527
vt 0.860694 0.954754
vt 0.857555 0.952249
vt 0.861079 0.950523
vt 0.858894 0.948392
vt 0.860981 0.947729
vt 0.856339 0.926001
vt 0.866676 0.919272
vt 0.863716 0.915853
vt 0.907063 0.900540
vt 0.905039 0.904220
vt 0.906320 0.904561
vt 0.898990 0.915623
vt 0.496397 0.703557
vt 0.497377 0.703836
vt 0.751079 0.583732
vt 0.746468 0.586258
vt 0.742105 0.588011
vt 0.740933 0.586380
vt 0.737079 0.587396
vt 0.737067 0.585888
vt 0.729004 0.583161
vt 0.732470 0.580935
vt 0.717006 0.575485
vt 0.718967 0.574147
vt 0.698757 0.573868
vt 0.699671 0.571760
vt 0.677154 0.573470
vt 0.444049 0.622828
vt 0.442932 0.620053
vt 0.699802 0.476769
vt 0.699841 0.475158
vt 0.659543 0.494615
vt 0.659759 0.492843
vt 0.655605 0.491321
vt 0.655801 0.489697
vt 0.651367 0.488454
vt 0.651347 0.483539
vt 0.698546 0.468306
vt 0.699771 0.472247
vt 0.049211 0.881470
vt 0.049356 0.861563
vt 0.050708 0.859377
vt 0.064495 0.869204
vt 0.065306 0.867740
vt 0.119228 0.898831
vt 0.119840 0.898078
vt 0.122646 0.899548
vt 0.123082 0.898880
vt 0.111747 0.892729
vt 0.112238 0.891883
vt 0.086178 0.876574
vt 0.086685 0.875607
vt 0.074615 0.867826
vt 0.075225 0.867007
vt 0.064684 0.857640
vt 0.066412 0.857262
vt 0.065735 0.856202
vt 0.075376 0.856542
vt 0.075403 0.855443
vt 0.230531 0.833144
vt 0.230601 0.833169
vt 0.318321 0.910476
vt 0.319774 0.908686
vt 0.328379 0.902963
vt 0.339126 0.890936
vt 0.344627 0.872095
vt 0.344831 0.870411
vt 0.344437 0.867518
vt 0.101900 0.925425
vt 0.093192 0.936036
vt 0.088931 0.927240
vt 0.087564 0.930145
vt 0.085513 0.926243
vt 0.084032 0.928826
vt 0.751190 0.702336
vt 0.747202 0.706083
vt 0.746420 0.695571
vt 0.743426 0.698743
vt 0.749430 0.688347
vt 0.786094 0.640785
vt 0.785479 0.647727
vt 0.792127 0.683342
vt 0.792574 0.682491
vt 0.972159 0.849731
vt 0.971101 0.856442
vt 0.426407 0.570102
vt 0.432119 0.558177
vt 0.480754 0.590140
vt 0.478713 0.587726
vt 0.479304 0.586947
vt 0.472133 0.579552
vt 0.474244 0.577428
vt 0.481165 0.584590
vt 0.481961 0.583580
vt 0.480012 0.581662
vt 0.480910 0.580591
vt 0.491837 0.591439
vt 0.489596 0.594812
vt 0.515210 0.623263
vt 0.514349 0.624095
vt 0.520836 0.628739
vt 0.518460 0.630216
vt 0.480166 0.590952
vt 0.860018 0.521719
vt 0.702518 0.861919
vt 0.880763 0.865110
vt 0.881840 0.863217
vt 0.891957 0.865189
vt 0.891240 0.866581
vt 0.842697 0.940959
vt 0.838715 0.927515
vt 0.839298 0.925628
vt 0.840350 0.924322
vt 0.842772 0.922330
vt 0.843678 0.921204
vt 0.844276 0.919887
vt 0.844351 0.916487
vt 0.843986 0.898428
vt 0.848209 0.894119
vt 0.854432 0.892635
vt 0.855151 0.892005
vt 0.855434 0.891160
vt 0.855367 0.890186
vt 0.851403 0.884646
vt 0.851107 0.883501
vt 0.851185 0.882367
vt 0.851568 0.881255
vt 0.853331 0.879176
vt 0.866878 0.872276
vt 0.869902 0.869635
vt 0.859893 0.525898
vt 0.859820 0.525419
vt 0.860037 0.528817
vt 0.840471 0.445689
vt 0.859392 0.449075
vt 0.867271 0.440378
vt 0.868477 0.440994
vt 0.865335 0.447539
vt 0.862469 0.449402
vt 0.848027 0.450020
vt 0.847168 0.450867
vt 0.846396 0.450625
vt 0.847248 0.449703
vt 0.842828 0.448018
vt 0.844147 0.447131
vt 0.842717 0.922358
vt 0.485895 0.880796
vt 0.491801 0.883296
vt 0.422138 0.847817
vt 0.423206 0.845780
vt 0.422382 0.845224
vt 0.442948 0.819642
vt 0.607354 0.760650
vt 0.914402 0.076827
vt 0.917147 0.076486
vt 0.916567 0.074191
vt 0.919469 0.073665
vt 0.036853 0.136538
vt 0.236077 0.805364
vt 0.237616 0.802839
vt 0.238386 0.801577
vt 0.235459 0.808708
vt 0.230755 0.833165
vt 0.234823 0.810492
vt 0.236321 0.805467
vt 0.493969 0.919230
vt 0.750496 0.301253
vt 0.760481 0.294687
vt 0.358718 0.877080
vt 0.359756 0.887525
vt 0.359294 0.887525
vt 0.359323 0.888429
vt 0.358484 0.888500
vt 0.358444 0.887527
vt 0.478395 0.874532
vt 0.478546 0.874453
vt 0.256296 0.104867
vt 0.272999 0.137145
vt 0.273936 0.137567
vt 0.070212 0.161530
vt 0.055627 0.151729
vt 0.234863 0.812706
vt 0.262559 0.797938
vt 0.272658 0.799888
vt 0.279360 0.803770
vt 0.283976 0.805738
vt 0.295071 0.806866
vt 0.331097 0.817291
vt 0.333917 0.819696
vt 0.335803 0.822597
vt 0.336125 0.824147
vt 0.333238 0.831732
vt 0.333168 0.832953
vt 0.333414 0.834004
vt 0.334065 0.834812
vt 0.340516 0.836700
vt 0.348972 0.842215
vt 0.351679 0.845046
vt 0.352373 0.846503
vt 0.352439 0.848109
vt 0.829778 0.514983
vt 0.832596 0.508523
vt 0.840941 0.499767
vt 0.846460 0.496928
vt 0.849015 0.495345
vt 0.851082 0.493152
vt 0.852384 0.489955
vt 0.853339 0.481711
vt 0.849915 0.459933
vt 0.846841 0.451964
vt 0.862976 0.449892
vt 0.864485 0.449021
vt 0.495059 0.483948
vt 0.493583 0.483110
vt 0.500603 0.478346
vt 0.499081 0.477210
vt 0.505881 0.472592
vt 0.501354 0.466102
vt 0.509402 0.450418
vt 0.865730 0.429214
vt 0.864889 0.426771
vt 0.864468 0.426624
vt 0.864015 0.395884
vt 0.848177 0.369028
vt 0.844589 0.353019
vt 0.839647 0.345738
vt 0.786872 0.310753
vt 0.694845 0.370340
vt 0.694017 0.371381
vt 0.693235 0.372483
vt 0.692546 0.373707
vt 0.691831 0.373498
vt 0.689799 0.356485
vt 0.606002 0.527783
vt 0.602896 0.526661
vt 0.606680 0.535158
vt 0.603273 0.533912
vt 0.763150 0.533097
vt 0.759589 0.534771
vt 0.759428 0.534632
vt 0.763099 0.533078
vt 0.801746 0.531826
vt 0.820665 0.522357
vt 0.828433 0.516938
vt 0.846073 0.451805
vt 0.699419 0.527768
vt 0.710838 0.538201
vt 0.723090 0.543896
vt 0.737243 0.542808
vt 0.629681 0.529427
vt 0.640255 0.534418
vt 0.641759 0.532472
vt 0.645137 0.534645
vt 0.649166 0.527474
vt 0.652869 0.529857
vt 0.654210 0.525232
vt 0.658132 0.527765
vt 0.658711 0.525119
vt 0.662682 0.527980
vt 0.663334 0.524808
vt 0.696611 0.519444
vt 0.697178 0.523576
vt 0.751808 0.591607
vt 0.498109 0.704500
vt 0.499355 0.708649
vt 0.500435 0.710279
vt 0.514286 0.717545
vt 0.518031 0.717918
vt 0.749288 0.686288
vt 0.746857 0.689308
vt 0.718638 0.644530
vt 0.712920 0.637802
vt 0.734749 0.613624
vt 0.732106 0.609885
vt 0.673566 0.983736
vt 0.668929 0.990445
vt 0.661651 0.994158
vt 0.648037 0.996049
vt 0.632953 0.992092
vt 0.627139 0.988601
vt 0.620778 0.983603
vt 0.613571 0.980361
vt 0.616158 0.981279
vt 0.622890 0.963689
vt 0.620495 0.963161
vt 0.621085 0.961277
vt 0.632095 0.965831
vt 0.632801 0.963780
vt 0.634777 0.965376
vt 0.637592 0.958286
vt 0.635755 0.956745
vt 0.642887 0.946301
vt 0.641523 0.945225
vt 0.649320 0.936926
vt 0.648314 0.936299
vt 0.664384 0.920580
vt 0.665400 0.921115
vt 0.688775 0.894379
vt 0.687540 0.893626
vt 0.694171 0.873400
vt 0.694926 0.873925
vt 0.695769 0.871939
vt 0.696488 0.872452
vt 0.697290 0.870641
vt 0.698894 0.872001
vt 0.699055 0.869705
vt 0.718787 0.950789
vt 0.715942 0.953022
vt 0.714142 0.953562
vt 0.704703 0.954707
vt 0.705207 0.955137
vt 0.712674 0.968805
vt 0.711622 0.971258
vt 0.709731 0.973481
vt 0.703707 0.976481
vt 0.679818 0.979170
vt 0.677786 0.979971
vt 0.674743 0.982287
vt 0.536009 0.553172
vt 0.483538 0.542295
vt 0.692236 0.375060
vt 0.692943 0.373874
vt 0.693662 0.372703
vt 0.426382 0.317606
vt 0.427078 0.317193
vt 0.428704 0.318396
vt 0.429388 0.318063
vt 0.430714 0.319180
vt 0.428318 0.322212
vt 0.428769 0.323553
vt 0.433147 0.575823
vt 0.555143 0.560629
vt 0.553316 0.558804
vt 0.460072 0.986396
vt 0.413408 0.975494
vt 0.464081 0.987557
vt 0.674513 0.353826
vt 0.676216 0.364065
vt 0.676835 0.364575
vt 0.670949 0.375242
vt 0.669524 0.373561
vt 0.667160 0.378406
vt 0.665733 0.372783
vt 0.655883 0.372709
vt 0.655836 0.371961
vt 0.659373 0.109407
vt 0.659594 0.109617
vt 0.626816 0.174084
vt 0.625732 0.172944
vt 0.629346 0.169823
vt 0.561417 0.204429
vt 0.583426 0.220121
vt 0.581926 0.222586
vt 0.586383 0.223596
vt 0.585175 0.225991
vt 0.620450 0.211365
vt 0.621821 0.216117
vt 0.882139 0.103759
vt 0.560225 0.831422
vt 0.890074 0.114489
vt 0.947659 0.828771
vt 0.943933 0.826567
vt 0.923128 0.838029
vt 0.917521 0.840967
vt 0.895392 0.851269
vt 0.891189 0.853241
vt 0.475912 0.575980
vt 0.512089 0.574669
vt 0.361945 0.910245
vt 0.361091 0.910300
vt 0.859998 0.524784
vt 0.700127 0.430783
vt 0.700428 0.433021
vt 0.895118 0.698138
vt 0.859419 0.684483
vt 0.858470 0.684021
vt 0.950129 0.814428
vt 0.951510 0.812704
vt 0.271449 0.134824
vt 0.272062 0.136722
vt 0.256527 0.105448
vt 0.333907 0.607785
vt 0.211821 0.697188
vt 0.693389 0.872802
vt 0.693870 0.871827
vt 0.690400 0.870323
vt 0.691541 0.867907
vt 0.693105 0.867636
vt 0.754100 0.526747
vt 0.758230 0.524857
vt 0.759257 0.534156
vt 0.762990 0.532622
vt 0.655683 0.371282
vt 0.691905 0.374992
vt 0.695157 0.370437
vt 0.694404 0.371562
vt 0.411021 0.143113
vt 0.295319 0.806606
vt 0.123148 0.775521
vt 0.123568 0.765003
vt 0.124593 0.764808
vt 0.124389 0.770170
vt 0.125316 0.764687
vt 0.126271 0.764529
vt 0.125953 0.774896
vt 0.130141 0.774348
vt 0.852974 0.672177
vt 0.011269 0.860576
vt 0.021840 0.846641
vt 0.065053 0.855126
vt 0.216768 0.789006
vt 0.427084 0.570475
vt 0.431385 0.561688
vt 0.433819 0.555089
vt 0.450836 0.536281
vt 0.453694 0.528659
vt 0.037610 0.376430
vt 0.042815 0.371660
vt 0.278268 0.504622
vt 0.279814 0.501479
vt 0.461524 0.987169
vt 0.860433 0.528591
vt 0.767058 0.503021
vt 0.773899 0.502468
vt 0.773838 0.500231
vt 0.776533 0.500949
vt 0.776532 0.498740
vt 0.804320 0.507856
vt 0.803014 0.509721
vt 0.812920 0.515227
vt 0.825137 0.490003
vt 0.868518 0.438883
vt 0.866019 0.448267
vt 0.864571 0.449251
vt 0.665608 0.467214
vt 0.665992 0.464553
vt 0.699842 0.447823
vt 0.699862 0.446895
vt 0.532812 0.642285
vt 0.533639 0.641582
vt 0.502860 0.620194
vt 0.678695 0.366105
vt 0.462447 0.544202
vt 0.462385 0.543845
vt 0.480409 0.723885
vt 0.443223 0.937555
vt 0.444193 0.936395
vt 0.687861 0.333653
vt 0.829268 0.307826
vt 0.906633 0.320978
vt 0.516868 0.743142
vt 0.079861 0.170231
vt 0.074786 0.173768
vt 0.072945 0.172512
vt 0.235615 0.795939
vt 0.256730 0.106042
vt 0.394948 0.899837
vt 0.400537 0.903788
vt 0.404880 0.892579
vt 0.402978 0.890824
vt 0.403592 0.889238
vt 0.405354 0.890960
vt 0.406060 0.889510
vt 0.407793 0.891090
vt 0.690778 0.407969
vt 0.687691 0.416416
vt 0.687915 0.422633
vt 0.689122 0.424520
vt 0.693573 0.428400
vt 0.670478 0.465548
vt 0.670884 0.467219
vt 0.234953 0.795520
vt 0.919663 0.227953
vt 0.603922 0.144665
s 1
usemtl blinn2SG
f 1444/1/1 360/2/2 2301/3/3 3229/4/4 1446/5/5
f 350/6/6 1023/7/7 2224/8/8 3180/9/9 1387/10/10 318/11/11 2167/12/12 339/13/13 321/14/14 1433/15/15 3157/16/16 1398/17/17 37/18/18 331/19/19 1008/20/20 2183/21/21 1421/22/22 39/23/23 1420/24/24 1424/25/25
f 279/26/26 1336/27/27 299/28/28
f 165/29/29 1817/30/30 1786/31/31 3513/32/32 1818/33/33
f 302/34/34 2110/35/35 2143/36/36 1367/37/37 303/38/38 2131/39/39 3117/40/40 3125/41/41 2144/42/42 306/43/43 2120/44/44 993/45/45 2139/46/46 995/47/47 2138/48/48 299/28/28 1336/27/27 279/26/26 287/49/49 1348/50/50 1334/51/51 16/52/52 1338/53/53 3118/54/54 2133/55/55 2132/56/56 3119/57/57 1361/58/58 23/59/59 1355/60/60 291/61/61 21/62/62 1356/63/63 2093/64/64 298/65/65 1365/66/66 24/67/67
f 629/68/68 1747/69/69 3460/70/70 1754/71/71 1753/72/72 2617/73/73 653/74/74 652/75/75
f 740/76/76 717/77/77 716/78/78 742/79/79 2730/80/80 811/81/81 2842/82/82 3604/83/83 1832/84/84 3521/85/85 1852/86/86 172/87/87 171/88/88 1834/89/89 3523/90/90 2721/91/91 748/92/92 1179/93/93 2737/94/94 1855/95/95 750/96/96 2736/97/97 749/98/98 1183/99/99 719/100/100 718/101/101
f 2624/102/102 616/103/103 1721/104/104 133/105/105 1760/106/106 3470/107/107
f 20/108/108 1350/109/109 3104/110/110 2121/111/111 288/112/112 1352/113/113 3084/114/114 1319/115/115 268/116/116 17/117/117
f 365/118/118 393/119/119 51/120/120 380/121/121 2289/122/122 2247/123/123 1032/124/124
f 1980/125/125 3666/126/126 1972/127/127 2905/128/128
f 409/129/129 1484/130/130 3239/131/131 1497/132/132 424/133/133 2318/134/134
f 1677/135/135 1676/136/136 3417/137/137 3422/138/138 2546/139/139 613/140/140 1711/141/141 3418/142/142 1712/143/143 614/144/144 1132/145/145 2555/146/146 3429/147/147 2557/148/148 585/149/149 598/150/150 1136/151/151 605/152/152 2567/153/153 1695/154/154 3421/155/155 1693/156/156 594/157/157 2562/158/158 3433/159/159 2561/160/158 1134/161/160 2560/162/161 3432/163/162 1701/164/163 127/165/164 1698/166/165 3415/167/166 1700/168/167 600/169/168 2537/170/169 3413/171/170 3440/172/171
f 2098/173/172 273/174/173 1332/175/174 3093/176/175
f 1330/177/176 272/178/177 2107/179/178
f 1080/180/179 510/181/180 2416/182/181 1583/183/182 492/184/183 2379/185/184 1076/186/185 466/187/186 511/188/187 1081/189/188 3344/190/189 1560/191/190 99/192/191 501/193/192 2380/194/193 467/195/194 1555/196/195 3302/197/196 490/198/197 1595/199/198 500/200/199 473/201/200
f 2376/202/201 480/203/202 1091/204/203 2425/205/204 2426/206/205 476/207/206 96/208/207 1591/209/208 3339/210/209 1577/211/210 2405/212/211 477/213/212 1563/214/213 2406/215/214 2374/216/215 1592/217/215 86/218/216 83/219/217 90/220/218 1556/221/219 3307/222/220 3297/223/221
f 45/224/222 353/225/223 1037/226/224 2259/227/225 1471/228/226 54/229/227
f 402/230/228 57/231/229 1499/232/230 3258/233/231 1482/234/232 1481/235/233 3259/236/234 2336/237/235 1059/238/236 2335/239/237 2364/240/238 1070/241/239 2371/242/240 2368/243/241 1071/244/242
f 2298/245/243 3227/246/244 1443/247/245 361/248/246 2300/249/247
f 283/250/248 2141/251/249 996/252/250 2140/253/251 294/254/252 997/255/253 301/256/254 1368/257/255 305/258/256 2119/259/257 285/260/258 1344/261/259 3102/262/260 3101/263/261 2118/264/262 2116/265/263 1363/266/264 296/267/265 2117/268/265 1343/269/265 1321/270/266 2090/271/264 986/272/267 2089/273/268 3086/274/269 1322/275/270 25/276/271 1323/277/272 3087/278/273 3109/279/274 2125/280/275 2126/281/275 3110/282/275 1369/283/275 28/284/276 1339/285/277 3099/286/278 3100/287/279 1340/288/280 1371/289/281 3128/290/282 3127/291/283 2149/292/284 293/293/285 1362/294/286 2101/295/287 2102/296/288 2108/297/289 2114/298/290 2150/299/291 276/300/292 309/301/293 2147/302/294 2148/303/295 280/304/296 275/305/297 2146/306/298 999/307/299 2145/308/300 307/309/301
f 2884/310/302 2883/311/303 3639/312/304 3640/313/305
f 2635/314/306 2703/315/307 3514/316/308 3476/317/309
f 1479/318/310 1511/319/311 3263/320/312 3245/321/313 1489/322/314 2324/323/315 1054/324/316 2325/325/317 3246/326/318 1534/327/319 3249/328/320 1492/329/321 3271/330/322 1520/331/323 3248/332/324 1491/333/325 75/334/324 1519/335/324 3230/336/324 2302/337/324 435/338/326 74/339/327
f 1344/261/259 285/260/258 297/340/328 2100/341/329 3122/342/330 2112/343/331 3106/344/332 3105/345/333 1326/346/334 1327/347/335 3090/348/336 3084/114/114 1352/113/113 288/112/112 2121/111/111 3104/110/110 3085/349/337 1357/350/338 1322/275/270 3086/274/269 2089/273/268 986/272/267 2090/271/264 1321/270/266 1343/269/265 2117/268/265 296/267/265 1363/266/264 2116/265/263 2118/264/262 3101/263/261 3102/262/260
f 1379/351/339 1382/352/340 3135/353/341 2160/354/342 314/355/343 2235/356/344 2237/357/345 3191/358/346 3190/359/347
f 256/360/348 1296/361/349 3070/362/350 1297/363/351 1295/364/352 3069/365/353 1293/366/354
f 1479/318/310 74/339/327 404/367/355 2303/368/356 3232/369/356 2304/370/356 2332/371/357 3256/372/358 1477/373/359 403/374/360 1478/375/361 3231/376/362 1503/377/363 65/378/364 1496/379/365 3255/380/366 2331/381/367 421/382/367 1495/383/368 3260/384/369 1494/385/370 439/386/371 434/387/372 2320/388/373 3241/389/374 2319/390/375 426/391/376 1504/392/377 433/393/378 2334/394/379 1058/395/380 1051/396/381 438/397/382 2350/398/383 420/399/384 1057/400/385 2330/401/386 1532/402/387 1533/403/388 2358/404/389 413/405/390 67/406/391 445/407/392 1514/408/393 1526/409/394 442/410/395 1066/411/396 76/412/397
f 1615/413/398 1662/414/399 3402/415/400 3403/416/401 1663/417/402 118/418/403 1611/419/404 3357/420/405 1610/421/406 105/422/407 1613/423/408 3360/424/409
f 2358/404/389 1069/425/410 1531/426/411 446/427/412 1057/400/385 420/399/384 2350/398/383 438/397/382 1051/396/381 1058/395/380 2333/428/413 3257/429/414 2339/430/415 432/431/416 1518/432/417 3270/433/418 1507/434/419 427/435/420 3269/436/421 3238/437/422 1521/438/423 436/439/424 2315/440/425 3235/441/426 2314/442/427 437/443/428 1522/444/427 3254/445/427 3253/446/429 3276/447/430 78/448/431 3247/449/432 1490/450/433 69/451/434 440/452/435 2341/453/436 1487/454/437 413/405/390
f 1614/455/438 1613/456/408 105/457/407 1668/458/439 3406/459/440
f 633/460/441 1733/461/442 1730/462/443 625/463/444
f 851/464/445 1222/465/446 2887/466/447 838/467/448 839/468/449 2891/469/450 2892/470/451 3645/471/452 2890/472/453 844/473/454 2870/474/455 3627/475/456 1957/476/457 1218/477/458 2869/478/459 1955/479/460 1956/480/461 852/481/462 815/482/463 829/483/464 1937/484/465 3635/485/466 2877/486/467 1221/487/468 2878/488/469 3634/489/470 3643/490/471 3642/491/472 2889/492/473 1225/493/474 1213/494/475 850/495/476
f 2151/496/477 273/174/173 1331/497/478 1329/498/479 272/178/177 2152/499/480
f 2220/500/481 1022/501/482 327/502/483 2211/503/484 342/504/485 2170/505/486 1002/506/487 2169/507/488 1015/508/489 328/509/490 1391/510/491 2171/511/492 2197/512/493 3156/513/494 2198/514/495 330/515/496 1390/516/497 3150/517/498 2191/518/499 1014/519/500 2192/520/501 2159/521/502 1001/522/503 341/523/504 1414/524/505 1422/525/506 1419/526/507 334/527/508 321/14/14 339/13/13 2167/12/12 318/11/11 335/528/509 2223/529/510 3179/530/511 3178/531/512 2222/532/513 348/533/514 349/534/515 2185/535/516 1009/536/517 2184/537/518 325/538/519 345/539/520 2205/540/521 1018/541/522 337/542/523 2217/543/524 2216/544/525 2168/545/526 319/546/527
f 2322/547/528 2305/548/529 3233/549/530 3242/550/531
f 2813/551/532 801/552/533 1908/553/534
f 80/554/535 1501/555/536 3266/556/537 1500/557/538 78/448/431 3276/447/430 2356/558/539 1068/559/540 2355/560/541 1513/561/542 1525/562/543 3273/563/544 3280/564/545 1480/565/546
f 3475/566/547 2634/567/548 2645/568/549 3480/569/550 1820/570/551 1771/571/552 150/572/553 1768/573/554 709/574/555 2627/575/556
f 3611/576/557 1930/577/558 3612/578/559 2853/579/560 1211/580/561 816/581/562 1932/582/563 3613/583/564 1931/584/565
f 3193/585/566 1440/586/567 3228/587/568 2299/588/569 358/589/570 1445/590/571 3196/591/572 3223/592/573 1453/593/574 377/594/575 2294/595/576 1472/596/577 399/597/578 2242/598/579
f 270/599/580 1325/600/581 3129/601/582
f 2291/602/583 2260/603/584 2275/604/585 1450/605/586 2278/606/587 2276/607/588 2254/608/589 1038/609/590 2261/610/591 3222/611/592 2293/612/593 2243/613/594 2241/614/595 1029/615/596 355/616/597 55/617/598 1471/228/226 2259/227/225 1436/618/599 41/619/600 397/620/601
f 2370/621/602 453/622/603 81/623/604 59/624/605 1542/625/606 3290/626/607
f 661/627/608 2630/628/609 2635/314/306 666/629/610
f 904/630/611 1244/631/612 905/632/613 2973/633/614 2975/634/615 921/635/616 922/636/617 2989/637/618 1259/638/619 2990/639/620 3692/640/621 3691/641/622 924/642/623 2009/643/624 1997/644/625 3718/645/626 3710/646/627 2041/647/628 3720/648/629 3008/649/630 2060/650/631 3738/651/632 2059/652/633 2056/653/634 244/654/635 243/655/636 2045/656/637 3726/657/638 2046/658/639 949/659/640 3021/660/641 965/661/642 1270/662/643 3734/663/644 972/664/645 948/665/646 1266/666/647 3040/667/648 951/668/649 950/669/650 3033/670/651 973/671/652 3019/672/653 890/673/654 3002/674/655 3717/675/656 3004/676/657 3716/677/658 3003/678/659 906/679/660 2948/680/661 1245/681/662 2950/682/663 909/683/664
f 148/684/665 1821/685/666 1765/686/667 3475/566/547 2627/575/556 1764/687/668
f 46/688/669 368/689/670 2251/690/671 3197/691/672 2253/692/673 375/693/674 1036/694/675 1041/695/676 1034/696/677 388/697/678 2279/698/679 374/699/680 2257/700/681 391/701/682 2288/702/683 367/703/684 1033/704/685 2270/705/686 3209/706/687 2269/707/688 1044/708/689 2287/709/690 3220/710/691 2286/711/692 383/712/693 389/713/694 390/714/695 2284/715/696 3219/716/697 3218/717/698 1462/718/699 48/719/700 1456/720/701 52/721/702 49/722/703 1457/723/704 3210/724/705 3211/725/705 2271/726/706 1032/124/124 2247/123/123 385/727/707 370/728/708 395/729/709 2290/730/710 366/731/711 1047/732/712 400/733/713 359/734/714 2246/735/715 2295/736/716 1046/737/717 2296/738/718 3225/739/719 1473/740/720 56/741/721 1474/742/722 3204/743/723 1466/744/717 53/745/724 1454/746/725 3202/747/726 1464/748/727 394/749/728 2274/750/729 3216/751/730 2238/752/731 3207/753/732 2267/754/733 378/755/734 1455/756/735 356/757/736
f 1444/1/1 1446/5/5 2292/758/737 376/759/738 1452/760/739 3224/761/740
f 1301/762/741 10/763/742 1300/764/743 3072/765/744 1311/766/745
f 396/767/746 369/768/747 47/769/748 1467/770/749 3206/771/750 1468/772/751
f 58/773/752 63/774/753 1488/775/754 3242/550/531 3233/549/530 2305/548/529 422/776/755 1064/777/756 2348/778/757 2349/779/758 418/780/759 70/781/760 1509/782/761 2327/783/762 419/784/763 1493/785/764 3252/786/765 1530/787/765 77/788/765 1476/789/765 3278/790/766 3279/791/767 2357/792/768 444/793/769 1528/794/770 61/795/771
f 520/796/772 1619/797/773 525/798/774 2532/799/775 3408/800/776 3407/801/777 2535/802/778
f 2270/705/686 1033/704/685 2286/711/692 3220/710/691 2287/709/690 1044/708/689 2269/707/688 3209/706/687
f 153/803/779 1789/804/780 3515/805/781 3479/806/782 1769/807/783 3476/317/309 3514/316/308 2666/808/784 660/809/785 152/810/786
f 3034/811/787 958/812/788 3035/813/789 1274/814/790 3024/815/791 970/816/792 957/817/793 1267/818/794 3011/819/795 3728/820/796 2055/821/797 3711/822/798 2996/823/799
f 896/824/800 1249/825/801 897/826/802 2956/827/803 920/828/804 233/829/805 2028/830/806 3700/831/807 2986/832/808 1258/833/809 2987/834/810 3701/835/811 3685/836/812 2003/837/813 913/838/814 2982/839/815 3696/840/816 2020/841/817 2019/842/818 2026/843/819 3694/844/820 2017/845/821 915/846/822 916/847/823 899/848/824 1243/849/825 900/850/826 931/851/827 2024/852/828 2953/853/829 1247/854/830 907/855/831 2940/856/832 901/857/833 2031/858/834 3706/859/835 2972/860/836 932/861/837 2027/862/838 3695/863/839 2959/864/840 1251/865/841 2960/866/842 3678/867/843 2012/868/844 3000/869/845 894/870/846
f 2701/871/847 2700/872/848 708/873/849 1815/874/850 3512/875/851
f 2702/876/852 682/877/853 1787/878/854 3498/879/855 2673/880/856 1164/881/857 2662/882/858 1804/883/859 159/884/859 1782/885/860 3487/886/861 1805/887/862 700/888/863 1157/889/864 2632/890/865 1798/891/866 158/892/867 149/893/868 669/894/869 2671/895/859 3497/896/870 2672/897/871 687/898/872 1792/899/873 3496/900/874 2670/901/875 694/902/876 1800/903/877 1785/904/878 1772/905/879 3492/906/880 1788/907/881 3491/908/882 1766/909/883 1767/910/884 1819/911/885 710/912/886 2631/913/887 3474/914/888 2629/915/889 1156/916/890 658/917/891 1762/918/892 3472/919/893 2626/920/894
f 1728/921/895 1727/922/896 3468/923/897 2623/924/898 623/925/899
f 3141/926/900 2220/500/481 319/546/527 2168/545/526 2216/544/525 2217/543/524 337/542/523 1408/927/901 3177/928/902 2218/929/903 2219/930/904
f 1978/931/905 883/932/906 1974/933/907 3653/934/908 1975/935/909 874/936/910 2910/937/911 226/938/912 1983/939/913 3659/940/914 2921/941/915 1235/942/914 2920/943/914 3660/944/916 1984/945/917 884/946/918 2930/947/919 858/948/920 857/949/921 2915/950/922 877/951/923 221/952/924 1979/953/925 2916/954/926 1234/955/927 865/956/928 1230/957/929 936/958/930 2032/959/931 3712/960/932 2997/961/933 3711/822/798 2040/962/934 229/963/935 941/964/936 2994/965/937 2038/966/938 940/967/939 3006/968/940 3721/969/941 3722/970/942 3007/971/943 944/972/944 2042/973/945 3723/974/946 2039/975/947 942/976/948 1227/977/949 2898/978/950 3656/979/951
f 2286/711/692 1033/704/685 367/703/684 1459/980/952
f 365/118/118 1032/124/124 2271/726/706 3211/725/705 3210/724/705 1457/723/704 49/722/703 52/721/702 393/119/119
f 349/534/515 348/533/514 2222/532/513 3178/531/512 3179/530/511 2223/529/510 335/528/509 318/11/11
f 2336/237/235 408/981/953 1483/982/954 2335/239/237 1059/238/236
f 133/983/105 1721/984/104 3445/985/955 1722/986/956 3443/987/957 1716/988/958
f 2195/989/959 2173/990/960 313/991/961 1381/992/962 3153/993/963
f 2057/994/964 968/995/965 3022/996/966 3735/997/967 3736/998/965 2058/999/968 979/1000/969 3036/1001/970 1275/1002/971 3037/1003/972 966/1004/973 967/1005/974 2064/1006/975 3749/1007/976 2063/1008/977 2062/1009/978 3739/1010/979 3026/1011/980 974/1012/981 2061/1013/982 3740/1014/983 2050/1015/984 247/1016/985 2051/1017/986 3741/1018/987 3027/1019/988 1271/1020/989 975/1021/990 3043/1022/991 3750/1023/992 2068/1024/993 250/1025/994 969/1026/995 3023/1027/996 3038/1028/997 981/1029/998 980/1030/999 3039/1031/1000 1267/818/794 957/817/793
f 1623/1032/1001 3366/1033/1002 550/1034/1003 2499/1035/1004 3388/1036/1005 3391/1037/1006 2501/1038/1007 2502/1039/1008 3392/1040/1009
f 224/1041/1010 881/1042/1011 2934/1043/1012 3665/1044/1013 1982/1045/1014 861/1046/1015 2904/1047/1016 862/1048/1017 870/1049/1018 2909/1050/1019 871/1051/1020 1239/1052/1021 889/1053/1022 872/1054/1023 1231/1055/1024 2905/128/128 1972/127/127 3666/126/126 1969/1056/1025 222/1057/1026 1971/1058/1027 3657/1059/1028 855/1060/1029 219/1061/1030
f 2236/1062/1031 311/1063/1032 3189/1064/1033
f 2098/173/172 2123/1065/1034 3107/1066/1035 2122/1067/1036 1331/497/478 273/174/173
f 798/1068/1037 2795/1069/1038 3577/1070/1039 1906/1071/1040
f 618/1072/1041 2625/1073/1042 3471/1074/1043 1715/1075/1044 3444/1076/1045 1718/1077/1046 2587/1078/1047 623/925/899
f 1295/1079/352 1297/1080/351 3080/1081/1048 3081/1082/1049 2083/1083/1050 985/1084/1051 262/1085/1052 261/1086/1053 13/1087/1054 3079/1088/1055
f 2461/1089/1056 2462/1090/1057 557/1091/1058 535/1092/1059 2474/1093/1060 568/1094/1061 536/1095/1062 2471/1096/1063 522/1097/1064 1102/1098/1065 2460/1099/1066 3364/1100/1067 2507/1101/1068 523/1102/1069 113/1103/1070 1643/1104/1071 2475/1105/1072 1109/1106/1073 548/1107/1074 2498/1108/1075 573/1109/1076 121/1110/1077 115/1111/1078 1651/1112/1079 2480/1113/1080 1111/1114/1081 2479/1115/1082 3375/1116/1083 2511/1117/1084 1123/1118/1085 2510/1119/1086 1654/1120/1087 3362/1121/1088 2527/1122/1089 531/1123/1090 2463/1124/1091 1103/1125/1092 2525/1126/1093 2526/1127/1094 554/1128/1095 1122/1129/1096 2509/1130/1097 561/1131/1098 539/1132/1099 2484/1133/1100 1112/1134/1101 2485/1135/1102 567/1136/1103 1659/1137/1104 3400/1138/1105 1657/1139/1106 1658/1140/1107 3401/1141/1108 1642/1142/1109 530/1143/1110
f 584/1144/1111 2554/1145/1112 3428/1146/1113 2553/1147/1114 1682/1148/1115
f 3290/626/607 1542/625/606 59/624/605 402/230/228 1071/244/242 1072/1149/1116 1073/1150/1117
f 1617/1151/1118 524/1152/1119 2533/1153/1120 2532/799/775 525/798/774 1618/1154/1121
f 2389/1155/1122 482/1156/1123 1086/1157/1124 2412/1158/1125 3324/1159/1126 1568/1160/1127 2382/1161/1128 481/1162/1129 1554/1163/1130 3299/1164/1131 3305/1165/1132
f 1445/590/571 360/2/2 2248/1166/1133 3196/591/572
f 1000/1167/1134 2154/1168/1135 2151/496/477 2152/499/480 3130/1169/1136 1372/1170/1137 2153/1171/1138
f 396/767/746 1469/1172/1139 3221/1173/1140 1465/1174/1141 1040/1175/1142 369/768/747
f 1306/1176/1143 1310/1177/1144 3083/1178/1145 1302/1179/1146 11/1180/1147 1304/1181/1148 6/1182/1149 1305/1183/1150 3077/1184/1151
f 2019/842/818 2020/841/817 3696/840/816 2982/839/815 913/838/814 2003/837/813 3685/836/812 3701/835/811 2987/834/810 1258/833/809 2986/832/808 3700/831/807 2028/830/806 233/829/805 920/828/804 898/1185/1152 1242/1186/1153 2981/1187/1154 1255/1188/1155 2976/1189/1156 915/846/822 2017/845/821 3694/844/820 2026/843/819
f 2595/1190/1157 626/1191/1158 1731/1192/1159 2596/1193/1160 1729/1194/1161 624/1195/1162
f 1292/1196/1163 1294/1197/1164 3078/1198/1165 3079/1088/1055 13/1199/1054 261/1200/1053 1/1201/1166 1307/1202/1167
f 989/1203/1168 2099/1204/1169 2113/1205/1170 992/1206/1171
f 2278/606/587 1450/605/586 2275/604/585 2260/603/584 2291/602/583 397/620/601 41/619/600 1436/618/599 2259/227/225 1037/226/224 353/225/223 45/224/222 1441/1207/1172 3207/753/732 2238/752/731 3216/751/730 2274/750/729 394/749/728 1464/748/727 3202/747/726 1454/746/725 53/745/724 1466/744/717 3204/743/723 1474/742/722 56/741/721 1473/740/720 3225/739/719 2296/738/718 1046/737/717 2295/736/716 2246/735/715 2245/1208/1173 2249/1209/1174 1035/1210/1175 364/1211/1176 2252/1212/1177 396/767/746 1468/772/751 3206/771/750 1467/770/749 47/769/748 369/768/747 1040/1175/1142 384/1213/1178 2244/1214/1179 1031/1215/1180 363/1216/1181 392/1217/1182 372/1218/1183 2281/1219/1184 1042/1220/1185 2280/1221/1186 382/1222/1187 2285/1223/1188 1043/1224/1189 1030/1225/1190
f 2456/1226/1191 3374/1227/1192 2477/1228/1193 1110/1229/1194
f 3414/1230/1195 1673/1231/1196 3409/1232/1197 1670/1233/1198 574/1234/1199 2583/1235/1200 3441/1236/1201
f 1539/1237/1202 3286/1238/1203 1536/1239/1204 449/1240/1205 1061/1241/1206 2344/1242/1207 1516/1243/1208 64/1244/1209 1510/1245/1210 3272/1246/1211 1523/1247/1212 71/1248/1213 1527/1249/1214 1529/1250/1215 3277/1251/1216 3251/1252/1217 2329/1253/1218 2328/1254/1219 3250/1255/1220 1508/1256/1221 70/781/760 418/780/759 1056/1257/1222 410/1258/1223 443/1259/1224 1067/1260/1225 2354/1261/1226 428/1262/1227 2340/1263/1228 2351/1264/1229 1065/1265/1230 2352/1266/1231 416/1267/1232 447/1268/1233 411/1269/1234 1048/1270/1235 2306/1271/1236 430/1272/1237 414/1273/1238 2363/1274/1239 452/1275/1240
f 1465/1174/1141 3221/1173/1140 1469/1172/1139 396/767/746 2252/1212/1177 364/1211/1176 2249/1209/1174 2245/1208/1173 2246/735/715 3203/1276/1241 2264/1277/1242 1045/1278/1243 357/1279/1244 50/1280/1245 1451/1281/1246 3194/1282/1247 2239/1283/1244 1028/1284/1244 2240/1285/1244 3195/1286/1244 2250/1287/1248 386/1288/1249 387/1289/1250 2265/1290/1251 3205/1291/1252 2266/1292/1253 2272/1293/1254 3213/1294/1255 3199/1295/1256 2258/1296/1257 1036/694/675 375/693/674 2253/692/673 371/1297/1258 362/1298/1259 2263/1299/1260 3201/1300/1261 1448/1301/1262 43/1302/1263 381/1303/1264 1039/1304/1265 2273/1305/1266 3214/1306/1267 3200/1307/1268 1442/1308/1269 1460/1309/1270 3215/1310/1271 1437/1311/1272 354/1312/1273 2262/1313/1274 1439/1314/1275 42/1315/1276 1447/1316/1277 3198/1317/1278 2254/608/589 2276/607/588 2278/606/587 1030/1225/1190 1043/1224/1189 2285/1223/1188 382/1222/1187 2280/1221/1186 1042/1220/1185 2281/1219/1184 372/1218/1183 392/1217/1182 363/1216/1181 1031/1215/1180 2244/1214/1179 384/1213/1178 1040/1175/1142
f 3714/1318/1279 2999/1319/1280 3713/1320/1281 2998/1321/1282 937/1322/1283 1232/1323/1284 864/1324/1285 878/1325/1286 2932/1326/1287 863/1327/1288 1238/1328/1289 887/1329/1290 1988/1330/1291 1990/1331/1292 227/1332/1293 1991/1333/1294 3664/1334/1295 1992/1335/1296 228/1336/1297 883/932/906 1978/931/905 3656/979/951 2898/978/950 1227/977/949 942/976/948 2039/975/947 3723/974/946 2042/973/945 944/972/944 945/1337/1298 2043/1338/1299 3724/1339/1300 3719/1340/1301 3005/1341/1302 943/1342/1303 2014/1343/1304 2965/1344/1305 1253/1345/1306 2964/1346/1307 3681/1347/1308 2013/1348/1309 230/1349/1310 912/1350/1311 2963/1351/1312 3680/1352/1313 2962/1353/1313 1252/1354/1313 895/1355/1313 1998/1356/1314 3668/1357/1315 2957/1358/1316 1249/825/801 896/824/800 894/1359/846 3000/869/845
f 3358/1360/1317 3380/1361/1318 3379/1362/1319 1639/1363/1320 1640/1364/1321 1118/1365/1322 2495/1366/1323 1647/1367/1324 1625/1368/1325 1624/1369/1326 3374/1227/1192 2456/1226/1191 526/1370/1327 559/1371/1328 2518/1372/1329 2519/1373/1330 540/1374/1331
f 279/26/26 299/28/28 2138/48/48 995/47/47 2139/46/46 993/45/45 2120/44/44 306/43/43 2144/42/42 998/1375/1332 3115/1376/1333 1346/1377/1334 3124/1378/1335 1337/1379/1336
f 868/1380/1337 2907/1381/1338 2906/1382/1339 866/1383/1340
f 266/1384/1341 2081/1385/1342 3074/1386/1343 3073/1387/1344 2080/1388/1345 265/1389/1346 254/1390/1347 2086/1391/1348 1277/1392/1349 252/1393/1350 2071/1394/1351 1279/1395/1352 1280/1396/1353 3050/1397/1354 1281/1398/1355 1278/1399/1356 3064/1400/1357 3062/1401/1358 3063/1402/1359 1287/1403/1360 1285/1404/1361 3059/1405/1362 253/1406/1363 2/1407/1364 3/1408/1365 1315/1409/1366 3052/1410/1364 1316/1411/1367 14/1412/1368 1276/1413/1369 3051/1414/1370 3076/1415/1371 2082/1416/1372 984/1417/1373 258/1418/1374
f 970/816/792 3024/815/791 1274/814/790 3035/813/789 958/812/788 3034/811/787 2996/823/799 2036/1419/1375 237/1420/1376 236/1421/1377 2035/1422/1378 3708/1423/1379 3707/1424/1380 2993/1425/1381 938/1426/1382 2034/1427/1383 3002/674/655 890/1428/654 3019/672/653 973/671/652 3033/670/651 950/669/650 951/668/649 3040/667/648 1266/666/647 978/1429/1384 1272/1430/1385 979/1000/969 2058/999/968 3736/998/965 3735/997/967 3022/996/966 968/995/965 2057/994/964 957/817/793
f 757/1431/1386 185/1432/1387 797/1433/1388 2797/1434/1389 1866/1435/1390 184/1436/1391 183/1437/1392 1867/1438/1393 1865/1439/1394 182/1440/1395 211/1441/1396 209/1442/1397 186/1443/1398 1925/1444/1399 3609/1445/1400 1869/1446/1401 1875/1447/1402 3556/1448/1403 1874/1449/1404 1872/1450/1405 3564/1451/1406 2788/1452/1407 1198/1453/1408 2787/1454/1409 3569/1455/1410 1878/1456/1411 807/1457/1412 2801/1458/1413 3579/1459/1414 2802/1460/1415 777/1461/1416 1879/1462/1417 2805/1463/1418 1886/1464/1419 3589/1465/1420 3557/1466/1421 2819/1467/1422 803/1468/1423 1909/1469/1424 802/1470/1425 1883/1471/1426 782/1472/1427 2784/1473/1428 3566/1474/1429 1887/1475/1430 195/1476/1431 187/1477/1432 787/1478/1433 2783/1479/1434 3565/1480/1435 2782/1481/1436
f 580/1482/1437 584/1144/1111 2580/1483/1438 2584/1484/1439
f 259/1485/1440 1306/1176/1143 3077/1184/1151 1305/1183/1150 6/1182/1149 1291/1486/1441 7/1487/1442 260/1488/1443 12/1489/1444
f 1963/1490/1445 2882/1491/1446 843/1492/1447 1217/1493/1448 820/1494/1449 1215/1495/1450 755/1496/1451 2848/1497/1452 3608/1498/1453 2850/1499/1454 3607/1500/1455 2849/1501/1456 768/1502/1457 771/1503/1458 1874/1449/1404 3556/1448/1403 1875/1447/1402 1869/1504/1401 3609/1445/1400 1925/1444/1399 186/1443/1398 209/1442/1397 207/1505/1459 1924/1506/1460 3601/1507/1461 2841/1508/1462 1219/1509/1463 2873/1510/1464 3610/1511/1465 2851/1512/1466 2872/1513/1467 3630/1514/1468 3624/1515/1469 1953/1516/1470 1952/1517/1471 3623/1518/1472 3612/578/559 1930/577/558 3625/1519/1473 2867/1520/1474 1216/1521/1475 818/1522/1476 1935/1523/1477 3622/1524/1478 2864/1525/1479 1212/1526/1480 2855/1527/1481 3636/1528/1482 1964/1529/1483 814/1530/1484 2852/1531/1485 3611/576/557 1931/584/565 1947/1532/1486 2862/1533/1487 817/1534/1488 214/1535/1489 1954/1536/1490 2868/1537/1491 819/1538/1492 216/1539/1493 1938/1540/1494 3620/1541/1495 1946/1542/1496 3644/1543/1497 1960/1544/1498 1961/1545/1499 3631/1546/1500 1950/1547/1501 1949/1548/1502 3621/1549/1503 1948/1550/1504 2886/1551/1505 1222/465/446 851/464/445 850/495/476 1213/494/475 1962/1552/1506 846/1553/1507
f 984/1417/1373 2076/1554/1508 1291/1555/1441 6/1556/1149
f 1594/1557/1509 2435/1558/1510 507/1559/1511 1085/1560/1512 478/1561/1513 2427/1562/1514
f 2123/1065/1034 3106/344/332 2112/343/331 3122/342/330 2100/341/329 2136/1563/1515 286/1564/1516 989/1203/1168 992/1206/1171
f 83/219/217 1551/1565/1517 1556/221/219 90/220/218
f 2663/1566/1518 1167/1567/1519 696/1568/1520 1801/1569/1521 3504/1570/1522 1796/1571/1523 690/1572/1524 2678/1573/1525 1779/1574/1526 676/1575/1527 1161/1576/1528 2652/1577/1529 1807/1578/1530 160/1579/1531 1795/1580/1532 3507/1581/1533 2685/1582/1534 1783/1583/1535 2695/1584/1536 2694/1585/1537 2697/1586/1538 1172/1587/1539 674/1588/1540 1777/1589/1541 2669/1590/1542 684/1591/1543 664/1592/1544 2651/1593/1545 712/1594/1546 2707/1595/1547 2708/1596/1548 2699/1597/1549 2698/1598/1550 707/1599/1551 2650/1600/1552 675/1601/1553 693/1602/1554 2640/1603/1555 2696/1604/1556 3509/1605/1557 1811/1606/1558 706/1607/1559 2656/1608/1560 679/1609/1561 2690/1610/1562 703/1611/1563 2693/1612/1564 157/1613/1565 672/1614/1566 2658/1615/1567 2657/1616/1568 680/1617/1569 2686/1618/1570 702/1619/1571 2644/1620/1572 2643/1621/1573 2680/1622/1574 1169/1623/1575 2679/1624/1576
f 126/1625/1577 1674/1626/1578 3411/1627/1579 1707/1628/1580 129/1629/1581 577/1630/1582 581/1631/1583 1679/1632/1584 3423/1633/1585 1708/1634/1586 125/1635/1587 1709/1636/1588 608/1637/1589 1130/1638/1590 604/1639/1591 2566/1640/1592 1129/1641/1593 1686/1642/1594 1690/1643/1595 1683/1644/1596 1678/1645/1597 2576/1646/1598 2539/1647/1599 576/1648/1600 1672/1649/1601 3410/1650/1602 1669/1651/1603 574/1652/1199 1670/1653/1198 3409/1232/1197 1673/1231/1196
f 2219/930/904 2218/929/903 3177/928/902 1408/927/901 337/542/523 1018/541/522 2205/540/521 345/539/520 325/538/519 2184/537/518 1009/536/517 2185/535/516 349/534/515 318/11/11 1387/10/10 3180/9/9 2224/8/8 1023/7/7 350/6/6 1424/25/25 1420/24/24 39/23/23 1409/1654/1604 3174/1655/1605 2206/1656/1606 1019/1657/1607 1010/1658/1608 2186/1659/1609 1415/1660/1610 343/1661/1611 2157/1662/1612 3134/1663/1613 2189/1664/1614 1013/1665/1615 2190/1666/1616 3149/1667/1617 3133/1668/1618 2156/1669/1619 329/1670/1620 1393/1671/1621 34/1672/1622 1392/1673/1623 3155/1674/1624 3163/1675/1625 3162/1676/1626 1380/1677/1627 320/1678/1628 1386/1679/1629 3165/1680/1630 3164/1681/1631 1404/1682/1632 1405/1683/1633 3161/1684/1634 3138/1685/1635 2172/1686/1636 1003/1687/1637 328/509/490 1015/508/489 2169/507/488 1002/506/487 2170/505/486 342/504/485 2211/503/484 3176/1688/1638 3148/1689/1639 1423/1690/1640 1022/501/482 2220/500/481 3141/926/900
f 2079/1691/1641 265/1389/1346 1311/766/745 3072/765/744 1300/764/743 9/1692/1642 1309/1693/1643 2085/1694/1644 3071/1695/1645 1299/1696/1646 257/1697/1647
f 1985/1698/1648 1976/1699/1649 3655/1700/1650 2912/1701/1651 1233/1702/1652 2913/1703/1653 1968/1704/1654 223/1705/1655 1993/1706/1656 2929/1707/1657 888/1708/1658 1236/1709/1659 887/1329/1290 1238/1328/1289 2931/1710/1660 1989/1711/1661 1987/1712/1662 3663/1713/1663 3662/1714/1664 2924/1715/1665 886/1716/1666 1986/1717/1667 3661/1718/1668
f 860/1719/1669 2903/1720/1670 3651/1721/1671 866/1383/1340
f 2773/1722/1672 1190/1723/1673 2791/1724/1674 3574/1725/1675 2790/1726/1676 800/1727/1677 2818/1728/1678
f 44/1729/1679 1435/1730/1680 3227/246/244 2298/245/243 3228/587/568 1440/586/567
f 2588/1731/1681 1734/1732/1682 135/1733/1683 138/1734/1684 1743/1735/1685 2601/1736/1686 2602/1737/1687 3451/1738/1688 1742/1739/1689 1719/1740/1690 1757/1741/1691 3464/1742/1692 3465/1743/1693 3462/1744/1694 3463/1745/1695 1756/1746/1696 140/1747/1697 142/1748/1698 1744/1749/1699 1751/1750/1700 144/1751/1701 146/1752/1702 1758/1753/1703 3448/1754/1704 2589/1755/1705 1146/1756/1706 620/1757/1707 2592/1758/1708 2597/1759/1709 2622/1760/1710 628/1761/1711 655/1762/1712 2618/1763/1713 2619/1764/1714 631/1765/1715 1150/1766/1716 644/1767/1717 627/1768/1718 2616/1769/1719 1154/1770/1720 2615/1771/1721 651/1772/1722 634/1773/1723 2613/1774/1724 1152/1775/1725 642/1776/1726 1153/1777/1727 648/1778/1728 1145/1779/1729 649/1780/1730 2599/1781/1731 636/1782/1732 645/1783/1733 1144/1784/1734
f 58/773/752 1483/982/954 1488/775/754 63/774/753
f 9/1785/1642 1300/1786/743 10/1787/742 1288/1788/1735 2073/1789/1736 1/1201/1166 1308/1790/1737 262/1085/1052 985/1084/1051 2084/1791/1738 3082/1792/1739 2085/1694/1644 1309/1793/1643
f 117/1794/1740 2497/1795/1741 571/1796/1742 120/1797/1743 109/1798/1744 1650/1799/1745 3367/1800/1746 2469/1801/1747 2470/1802/1746 3368/1803/1746 2483/1804/1748 564/1805/1746 1656/1806/1746 2482/1807/1749 2508/1808/1750 3395/1809/1751 2513/1810/1752 547/1811/1753 1637/1812/1754 2506/1813/1755 546/1814/1756
f 875/1815/1757 1968/1704/1654 2913/1703/1653 3654/1816/1758 2922/1817/1759 2927/1818/1760 2928/1819/1761 2911/1820/1762
f 1159/1821/1763 706/1607/1559 1811/1606/1558 3509/1605/1557 2696/1604/1556 2640/1603/1555
f 1435/1822/1680 44/1823/1679 54/229/227 1471/228/226 55/617/598 355/616/597 1438/1824/1764 3192/1825/1765
f 595/1826/1766 2554/1145/1112 3427/1827/1767 1683/1644/1596 1690/1643/1595 1686/1642/1594 1129/1641/1593 586/1828/1768
f 2914/1829/1769 876/1830/1770 881/1042/1011 224/1041/1010 228/1336/1297 1992/1335/1296 3664/1334/1295 1991/1333/1294 227/1332/1293 1990/1331/1292 1988/1330/1291 887/1329/1290 1236/1709/1659 888/1708/1658 2929/1707/1657
f 584/1144/1111 580/1831/1437 2538/1832/1771 3416/1833/1772 2539/1647/1599 2576/1646/1598 1678/1645/1597 1683/1644/1596 3427/1827/1767 2554/1145/1112
f 1006/1834/1773 2182/1835/1774 2194/1836/1775 1016/1837/1776
f 2371/242/240 1070/241/239 2364/240/238 3291/1838/1777
f 1188/1839/1778 728/1840/1779 2716/1841/1780 2715/1842/1781 725/1843/1782
f 3360/424/409 1613/423/408 1614/1844/438 3359/1845/1783 1612/1846/1784 107/1847/1785 1631/1848/1786 108/1849/1787 1662/414/399 1615/413/398
f 605/152/152 2568/1850/1788 1137/1851/1789 2569/1852/1790 1131/1853/1791 2552/1854/1792 609/1855/1793 589/1856/1794 602/1857/1795 607/1858/1796 597/1859/1797 2551/1860/1798 611/1861/1799 588/1862/1800 592/1863/1801 2549/1864/1802 593/1865/1803 2548/1866/1804 2545/1867/1805 2543/1868/1806 3419/1869/1807 2544/1870/1808 1141/1871/1809 2577/1872/1810 1713/1873/1811 132/1874/1812 1688/1875/1813 3426/1876/1814 1710/1877/1815 131/1878/1816 1696/1879/1817 3430/1880/1818 2558/1881/1819 1133/1882/1820 603/1883/1821 1705/1884/1822 2536/1885/1823 579/1886/1824 1675/1887/1825 1699/1888/1826 600/169/168 1700/168/167 3415/167/166 1698/166/165 127/165/164 1701/164/163 3425/1889/1827 3424/1890/1828 1695/154/154 2567/153/153
f 1617/1891/1118 1618/1892/1121 1664/1893/1829 119/1894/1830 1632/1895/1831 1633/1896/1832 543/1897/1833 544/1898/1834 1634/1899/1835 3404/1900/1836
f 1676/136/136 1681/1901/1837 583/1902/1838 2557/148/148 3429/147/147 2555/146/146 1132/145/145 614/144/144 1712/143/143 3418/142/142 1711/1903/141 613/1904/140 2546/139/139 3422/138/138 3417/137/137
f 462/1905/1839 2383/1906/1840 460/1907/1841 2452/1908/1842 3356/1909/1843 1552/1910/1844
f 1814/1911/1845 1797/1912/1846 1168/1913/1847 673/1914/1848 2701/871/847 3512/875/851 1815/874/850
f 448/1915/1849 1535/1916/1850 3281/1917/1851 1506/1918/1852 2308/1919/1853
f 583/1902/1838 1680/1920/1854 2556/1921/1855 1684/1922/1856 585/149/149 2557/148/148
f 2077/1923/1857 2078/1924/1858 256/360/348 1293/366/354 3069/365/353 1295/1079/352 3079/1088/1055 3078/1198/1165 1294/1925/1164 1292/1926/1163
f 84/1927/1859 104/1928/1860 85/1929/1861 1543/1930/1862 456/1931/1863
f 1412/1932/1864 3144/1933/1865 1389/1934/1866 1378/1935/1867 3132/1936/1868 3170/1937/1869 3172/1938/1870 3171/1939/1871 2204/1940/1872 344/1941/1873 1417/1942/1874 3173/1943/1875 1418/1944/1876 32/1945/1877 316/1946/1878 2221/1947/1879 347/1948/1880 324/1949/1881 2213/1950/1882 1020/1951/1883 2212/1952/1884 336/1953/1885 2215/1954/1886 1021/1955/1887 2214/1956/1888 2162/1957/1889 346/1958/1890 1011/1959/1891 326/1960/1892
f 137/1961/1893 136/1962/1894 1730/462/443 1733/461/442 633/460/441 638/1963/1895 1736/1964/1896 1732/1965/1897
f 1377/1966/1898 1393/1671/1621 329/1670/1620 1394/1967/1899 3181/1968/1900 1376/1969/1901
f 1217/1493/1448 843/1492/1447 2882/1491/1446 821/1970/1902 1934/1971/1903 845/1972/1904 2871/1973/1905 3629/1974/1906 832/1975/1907 1942/1976/1908 3618/1977/1909 3639/312/304 2883/311/303 833/1978/1910 756/1979/1911 2843/1980/1912 1208/1981/1913 813/1982/1914 203/1983/1915 202/1984/1916 201/1985/1917 1922/1986/1918 3599/1987/1919 2849/1501/1456 1210/1988/1920 2848/1497/1452 755/1989/1451 1215/1495/1450 820/1494/1449
f 3354/1990/1921 1609/1991/1922 84/1992/1859 456/1993/1863 1096/1994/1923 1097/1995/1924 1098/1996/1925
f 408/981/953 2336/237/235 3259/236/234 1481/235/233 1482/234/232 3258/233/231 1499/232/230 57/231/229 402/1997/228 60/1998/1926 404/367/355 74/339/327 435/338/326 2302/337/324 3230/336/324 1519/335/324 75/334/324 1491/333/325 3248/332/324 1520/331/323 3271/330/322 1492/329/321 1056/1257/1222 418/780/759 2349/779/758 2348/778/757 1064/777/756 422/776/755 2305/548/529 2322/547/528 2321/1999/1927 1052/2000/1928
f 313/2001/961 2236/1062/1031 2237/357/345 2235/356/344 3188/2002/1929 1381/2003/962
f 260/2004/1443 1307/2005/1167 1/1201/1166 259/2006/1440 12/2007/1444
f 2620/2008/1930 1737/2009/1931 639/2010/1932 2621/2011/1933 3461/2012/1934 1738/2013/1935 140/1747/1697 1756/1746/1696 1722/986/956 3445/985/955 1721/984/104 616/103/103 2624/102/102 3469/2014/1936 1724/2015/1937 617/2016/1938 1723/2017/1939 3446/2018/1940 2585/2019/1941 1143/2020/1942 2586/2021/1943 3447/2022/1944 3467/2023/1945 1755/2024/1946 656/2025/1947
f 1098/1996/1925 1097/1995/1924 2451/2026/1948 3355/2027/1949 3356/1909/1843 2452/1908/1842
f 2290/730/710 2297/2028/1950 3226/2029/1951 1475/2030/1952 400/733/713 1047/732/712 366/731/711
f 837/2031/1953 1226/2032/1954 2897/2033/1955 3646/2034/1956 2896/2035/1957 1220/2036/1958 2876/2037/1959 3633/2038/1960 1959/2039/1961 218/2040/1962 217/2041/1963 1944/2042/1964 3619/2043/1965 1945/2044/1966 2895/2045/1967 848/2046/1968 841/2047/1969 2894/2048/1970 825/2049/1971 836/2050/1972
f 853/2051/1973 2888/2052/1974 1224/2053/1975 1223/2054/1976
f 2325/325/317 1054/324/316 2324/323/315 1489/322/314 72/2055/1977 425/2056/1978 3237/2057/1979 1540/2058/1980 1538/2059/1981 3262/2060/1982 3261/2061/1983 2337/2062/1984 451/2063/1985 66/2064/1986 1502/2065/1987 3265/2066/1988 2343/2067/1989 1062/2068/1990 2342/2069/1991 3264/2070/1992 3244/2071/1993 1515/2072/1994 1534/327/319 3246/326/318
f 2459/2073/1995 555/2074/1996 556/2075/1997 1120/2076/1998 2505/2077/1999 1648/2078/2000 527/2079/2001 2458/2080/2002
f 1006/1834/1773 2161/2081/2003 1383/2082/2004 2182/1835/1774
f 821/1970/1902 822/2083/2005 1225/493/474 2889/492/473 3642/491/472 3643/490/471 3634/489/470 2878/488/469 1221/487/468 2877/486/467 3635/485/466 1937/484/465 829/483/464 815/482/463 2854/2084/2006 1934/1971/1903
f 423/2085/2007 2310/2086/2008 1498/2087/2009 2334/394/379 433/393/378 1504/392/377 426/391/376 2319/390/375 3241/389/374 2320/388/373 434/387/372 439/386/371 1494/385/370 62/2088/2010 1486/2089/2011
f 1384/2090/2012 2181/2091/2013 2193/2092/2014 1025/2093/2015 2228/2094/2016 3183/2095/2017 1430/2096/2018 352/2097/2019 2227/2098/2020 3182/2099/2021 1429/2100/2022 38/2101/2023 1389/1934/1866 3144/1933/1865 1412/1932/1864 326/1960/1892 2209/2102/2024 2208/2103/2025 340/2104/2026 1385/2105/2027
f 1297/363/351 3070/362/350 1296/361/349 1298/2106/2028 3071/1695/1645 2085/1694/1644 3082/1792/1739 2084/1791/1738 985/1084/1051 2083/1083/1050 3081/1082/1049 3080/1081/1048
f 351/2107/2029 1425/2108/2030 1399/2109/2031 2207/2110/2032 2226/2111/2033 1024/2112/2034 2225/2113/2035
f 2580/1483/1438 2581/2114/2036 3439/2115/2037 1142/2116/2038 2584/1484/1439
f 373/2117/2039 2283/2118/2040 389/713/694 1461/2119/2041 3217/2120/2042 2282/2121/2043 379/2122/2044 1458/2123/2045 3212/2124/2046 1463/2125/2047 51/120/120 393/119/119 2256/2126/2048 2255/2127/2049
f 920/828/804 2956/827/803 3679/2128/2050 2961/2129/2051 919/2130/2052 2008/2131/2053 3677/2132/2054 3699/2133/2055 2985/2134/2056 914/2135/2057 2004/2136/2058 2980/2137/2059 927/2138/2060 928/2139/2061 2968/2140/2062 3686/2141/2063 2018/2142/2064 3693/2143/2065 2005/2144/2066 899/848/824 916/847/823 915/846/822 2976/1189/1156 1255/1188/1155 2981/1187/1154 1242/1186/1153 898/1185/1152
f 221/952/924 877/951/923 856/2145/2067 1228/2146/2068 2926/2147/2069 1234/955/927 2916/954/926 1979/953/925
f 521/2148/2070 1101/2149/2071 1666/2150/2072 1665/2151/2073 3405/2152/2074 2498/1108/1075 548/1107/1074 1109/1106/1073 2475/1105/1072 1643/1104/1071 113/1103/1070 523/1102/1069 2507/1101/1068 3364/1100/1067 2460/1099/1066 1102/1098/1065
f 1026/2153/2075 2160/354/342 3135/353/341 1382/352/340 1379/351/339 3190/359/347 1373/2154/2076 3131/2155/2077 1375/2156/2078 40/2157/2079 1430/2096/2018 3183/2095/2017 2228/2094/2016 1025/2093/2015 2193/2092/2014 2181/2091/2013 1384/2090/2012 1385/2105/2027 340/2104/2026 315/2158/2080 2161/2081/2003 1006/1834/1773 1016/1837/1776
f 2195/989/959 2196/2159/2081 1004/2160/2082 2175/2161/2083 320/1678/1628 1380/1677/1627 3162/1676/1626 3163/1675/1625 3155/1674/1624 1392/1673/1623 34/1672/1622 1393/1671/1621 1377/2162/1898 3189/1064/1033 311/2163/1032 3139/2164/2084 3152/2165/2085
f 321/14/14 334/527/508 2180/2166/2086 3142/2167/2087 1428/2168/2088 1427/2169/2089 3187/2170/2090 2231/2171/2091 1027/2172/2092 2232/2173/2093 3159/2174/2094 1402/2175/2095 1401/2176/2096 3160/2177/2097 1403/2178/2098 333/2179/2099 2178/2180/2100 3140/2181/2101 2166/2182/2102 2174/2183/2103 2179/2184/2104 2234/2185/2105 1005/2186/2106
f 1567/2187/2107 3304/2188/2108 1552/1910/1844 86/218/216 1592/217/215 2374/216/215 2406/215/214 1600/2189/2109 1599/2190/2110 3319/2191/2111 3320/2192/2112 2408/2193/2112 1084/2194/2112 2407/2195/2112 3321/2196/2113 2386/2197/2114 497/2198/2115 1593/2199/2116 3303/2200/2117 3337/2201/2118 486/2202/2119 1576/2203/2120 3338/2204/2121 1586/2205/2122 494/2206/2123 2420/2207/2124 1587/2208/2125 2411/2209/2126 1086/1157/1124 482/1156/1123
f 2362/2210/2127 450/2211/2128 2367/2212/2129 3288/2213/2130 1541/2214/2131 455/2215/2132 2365/2216/2133 2366/2217/2134
f 667/2218/2135 2704/2219/2136 2647/2220/2137 2646/2221/2138 3479/806/782 3515/805/781 1770/2222/2139
f 1071/244/242 2368/243/241 2371/242/240 1072/1149/1116
f 2534/2223/2140 3406/459/440 1668/458/439 3408/800/776 2532/799/775 2533/1153/1120
f 1115/2224/2141 549/2225/2142 1638/2226/2143 3361/2227/2144 2453/2228/2145 1116/2229/2146 2490/2230/2141 1631/1848/1786 107/1847/1785 1630/2231/2147 3385/2232/2148 3390/2233/2149 3389/2234/2150 1616/2235/2151 106/2236/2152 1623/1032/1001 3392/1040/1009 2502/1039/1008 2501/1038/1007 3391/1037/1006 3388/1036/1005 2499/1035/1004 550/1034/1003 3366/1033/1002 1629/2237/2153 542/2238/2154 2515/2239/2155 532/2240/2156 1104/2241/2157 2464/2242/2158 560/2243/2159 2520/2244/2160 3398/2245/2161 3377/2246/2162 1655/2247/2163 1127/2248/2164 2527/1122/1089 3362/1121/1088 2487/2249/2165
f 1073/1150/1117 1072/1149/1116 2371/242/240 3291/1838/1777 3292/2250/2166 2372/2251/2167
f 2944/2252/2168 2942/2253/2169 3671/2254/2170 2943/2255/2171 1260/2256/2172 934/2257/2173 2029/2258/2174 2991/2259/2175 925/2260/2176 2016/2261/2177 3684/2262/2178 2007/2263/2179 2006/2264/2180 933/2265/2181 234/2266/2182 929/2267/2183 2021/2268/2184 2977/2269/2185 2969/2270/2186 930/2271/2187 2983/2272/2188 1257/2273/2189 2946/2274/2190 903/2275/2191 2000/2276/2192 3703/2277/2193 3702/2278/2194 2988/2279/2195 2025/2280/2196 2974/2281/2197 3690/2282/2198 2975/634/615 2973/633/614 905/632/613 1244/631/612 904/630/611 3674/2283/2199 2950/682/663 1245/681/662 2948/680/661 3673/2284/2200 2949/2285/2201 2012/868/844 3678/867/843 2960/866/842 1251/865/841 2959/864/840 3695/863/839 2027/862/838 932/861/837 2972/860/836 3706/859/835 2031/858/834 901/857/833 2941/2286/2202 2947/2287/2203 908/2288/2204 2952/2289/2205 1246/2290/2206 1261/2291/2207 902/2292/2208
f 3130/1169/1136 2152/499/480 272/178/177 1330/177/176 1324/2293/2209 270/599/580 3129/601/582
f 2885/2294/2210 828/2295/2211 2857/2296/2212 3614/2297/2213 3640/313/305 3639/312/304 3618/1977/1909 1942/1976/1908 832/1975/1907 3629/1974/1906 2871/1973/1905 845/1972/1904 1934/1971/1903 2854/2084/2006 815/482/463 852/481/462 2879/2298/2214 3637/2299/2215 2880/2300/2216 831/2301/2217 1223/2054/1976 826/2302/2218 842/2303/2219 2865/2304/2220
f 2237/357/345 2236/1062/1031 3189/1064/1033 1434/2305/2221 3191/358/346
f 1575/2306/2222 1570/2307/2223 483/2308/2224 1088/2309/2225 2415/2310/2226 1605/2311/2227 88/2312/2228 484/2313/2229 1547/2314/2230 3296/2315/2231 3310/2316/2231 1558/2317/2232 1578/2318/2233 3332/2319/2234 3295/2320/2235 1546/2321/2236 1561/2322/2237 475/2323/2238 2399/2324/2239 3313/2325/2240 2400/2326/2241 1082/2327/2242 2401/2328/2243 1557/2329/2244 100/2330/2245 1574/2331/2246 1604/2332/2247 102/2333/2248
f 11/2334/1147 266/1384/1341 258/1418/1374 1303/2335/2249 3075/2336/2250 1304/2337/1148
f 2455/2338/2251 525/2339/774 1619/2340/773 3363/2341/2252
f 2137/2342/2253 18/2343/2254 1364/2344/2255 2091/2345/2256 987/2346/2257 2092/2347/2258 3088/2348/2259 1365/66/66 298/65/65 2093/64/64 1356/63/63 21/62/62 291/61/61 1355/60/60 3112/2349/2260 3120/2350/2261 2134/2351/2262 994/2352/2263 2135/2353/2264 1320/2354/2265 15/2355/2266 269/2356/2267 2122/1067/1036 3107/1066/1035 1333/2357/2268 2113/1205/1170 2099/1204/1169 989/1203/1168 286/1564/1516 2136/1563/1515 2100/341/329 297/340/328 285/260/258 292/2358/2269
f 60/1998/1926 1477/373/359 3256/372/358 2332/371/357 2304/370/356 3232/369/356 2303/368/356 404/367/355
f 853/2051/1973 1223/2054/1976 831/2301/2217 2880/2300/2216 3637/2299/2215 2879/2298/2214 852/481/462 1956/480/461 3626/2359/2270 1933/2360/2271 1939/2361/2272 3615/2362/2273 1940/2363/2274 1941/2364/2275 3628/2365/2276 1958/2366/2277 2893/2367/2278 849/2368/2279 841/2047/1969 2863/2369/2280 840/2370/2281 2888/2052/1974
f 2308/1919/1853 1049/2371/2282 1060/2372/2283 2338/2373/2284 79/2374/2285 448/1915/1849
f 1166/2375/2286 2666/808/784 3514/316/308 2703/315/307 2635/314/306 2630/628/609 1156/916/890 2629/915/889 3474/914/888 2631/913/887 710/912/886 1819/911/885 1767/910/884 1766/909/883 3491/908/882 1788/2376/881 3492/906/880 2667/2377/2287
f 2925/2378/2288 2935/2379/2289 867/2380/2290 2906/1382/1339 2907/1381/1338 868/1380/1337 1970/2381/2291 3652/2382/2292 2908/2383/2293 869/2384/2294 1973/2385/2295 880/2386/2296 2917/2387/2297 1981/2388/2298 225/2389/2299 879/2390/2300 2899/2391/2301 3649/2392/2302 1968/1704/1654 875/1815/1757 1229/2393/2303 859/2394/2304 1237/2395/2305
f 3275/2396/2306 1512/2397/2307 1524/2398/2308 3274/2399/2309 3273/563/544 1525/562/543 1528/794/770 444/793/769 2357/792/768 3279/791/767 3278/790/766 1476/789/765 77/788/765 1530/787/765 3252/786/765 1493/785/764 419/784/763 2327/783/762 1509/782/761 70/781/760 1508/1256/1221 3250/1255/1220 2328/1254/1219 2329/1253/1218 3251/1252/1217 3277/1251/1216 1529/1250/1215 1527/1249/1214
f 1516/1243/1208 2344/1242/1207 1061/1241/1206 449/1240/1205 1536/1239/1204 3286/1238/1203 1539/1237/1202 452/1275/1240 2316/2400/2310 3243/2401/2311 2323/2402/2312 2359/2403/2313 3282/2404/2314 3284/2405/2315 2361/2406/2316 2360/2407/2317 3283/2408/2318 3285/2409/2319 1537/2410/2320 80/554/535 1480/565/546 3280/564/545 3273/563/544 3274/2399/2309 1524/2398/2308 1512/2397/2307 3275/2396/2306 1527/1249/1214 71/1248/1213 1523/1247/1212 3272/1246/1211 1510/1245/1210 64/1244/1209
f 1414/524/505 3169/2411/2321 1397/2412/2322 36/2413/2323 1406/2414/2324 3167/2415/2325 2202/2416/2326 2203/2417/2327 3166/2418/2328 30/2419/2329 1383/2082/2004 2161/2081/2003 315/2158/2080 340/2104/2026 2208/2103/2025 2209/2102/2024 2210/2420/2330 3175/2421/2331 1413/2422/2332 3145/2423/2333 3147/2424/2334 2188/2425/2334 1012/2426/2334 2187/2427/2335 3146/2428/2336 1374/2429/2337 1422/525/506
f 261/1200/1053 262/2430/1052 1308/2431/1737 1/1201/1166
f 2580/1483/1438 584/1144/1111 1682/1148/1115 1680/1920/1854 583/1902/1838 2581/2114/2036
f 3046/2432/2338 3751/2433/2339 3746/2434/2340 3031/2435/2341
f 570/2436/2342 1117/2437/2343 2492/2438/2344 1664/1893/1829 1618/1892/1121 525/2339/774 2455/2338/2251
f 93/2439/2345 514/2440/2346 2417/2441/2347 3328/2442/2348 3329/2443/2349 1606/2444/2350 1607/2445/2351 3301/2446/2352 2387/2447/2353 515/2448/2354 2443/2449/2355 468/2450/2356 491/2451/2357 2377/2452/2358 1075/2453/2359 464/2454/2360 509/2455/2361 471/2456/2362 2429/2457/2363 1092/2458/2364 2428/2459/2365 2421/2460/2366 489/2461/2367 2434/2462/2368 1093/2463/2369 504/2464/2370 463/2465/2371 2404/2466/2372 3330/2467/2373 2418/2468/2374 2403/2469/2375 1083/2470/2376 2402/2471/2377 3316/2472/2378 1598/2473/2379 89/2474/2380 3340/2475/2381 1603/2476/2382 1580/2477/2383 3309/2478/2384 3333/2479/2385 2422/2480/2386 1090/2481/2387 2423/2482/2388 3334/2483/2389 1571/2484/2390
f 2173/990/960 2195/989/959 3152/2165/2085 3139/2164/2084
f 409/129/129 1485/2485/2391 3234/2486/2392 2311/2487/2393
f 462/1905/1839 1552/1910/1844 3304/2188/2108 1567/2187/2107 482/1156/1123 2389/1155/1122
f 1035/1210/1175 2249/1209/1174 364/1211/1176
f 308/2488/2394 27/2489/2395 277/2490/2396
f 114/2491/2397 530/1143/1110 2530/2492/2398 567/1136/1103 2485/1135/1102 2504/2493/2399 566/2494/2400 565/2495/2401 2529/2496/2402 3399/2497/2403 1646/2498/2404
f 199/2499/2405 1911/2500/2406 3583/2501/2407 1912/2502/2408 808/2503/2409 1907/2504/2410 3582/2505/2411 2810/2506/2412 2811/2507/2413 2794/2508/2414
f 1078/2509/2415 2387/2447/2353 3301/2446/2352 1607/2445/2351 1606/2444/2350 3329/2443/2349 3328/2442/2348 2417/2441/2347 514/2440/2346 93/2439/2345 1571/2484/2390 3334/2483/2389 2423/2482/2388 1090/2481/2387 2422/2480/2386 3333/2479/2385 3309/2478/2384 1580/2477/2383 1603/2476/2382 3312/2510/2416 2397/2511/2417 1079/2512/2418 2396/2513/2419 3311/2514/2419 1596/2515/2419 503/2516/2420 2395/2517/2419 1558/2317/2232 3310/2316/2231 3296/2315/2231 1547/2314/2230 484/2313/2229
f 595/1826/1766 586/1828/1768 1685/2518/2421 3428/1146/1113 2554/1145/1112
f 1186/2519/2422 2760/2520/2423 754/2521/2424 1861/2522/2425 3538/2523/2426 1860/2524/2427 170/2525/2428 1851/2526/2429 2734/2527/2430 1178/2528/2431 2733/2529/2432 3519/2530/2433 1837/2531/2434 1822/2532/2435 3527/2533/2433 2724/2534/2436 715/2535/2437 713/2536/2438 1177/2537/2439 734/2538/2440 1835/2539/2441 3525/2540/2442 2723/2541/2443 2722/2542/2444 3524/2543/2445 1841/2544/2446 2759/2545/2447 3520/2546/2448 2717/2547/2449 2743/2548/2450 3539/2549/2451 2742/2550/2452 2731/2551/2453 3533/2552/2454 1847/2553/2455 176/2554/2456 167/2555/2457 731/2556/2458 2718/2557/2459 2761/2558/2460 1826/2559/2461 726/2560/2462 2714/2561/2463 2710/2562/2464 725/1843/1782 2715/1842/1781 727/2563/2465
f 3689/2564/2466 3672/2565/2467 2944/2252/2168 902/2292/2208 1261/2291/2207 1246/2290/2206 2952/2289/2205 908/2288/2204 2947/2287/2203 2941/2286/2202 3670/2566/2468 3669/2567/2469 2011/2568/2470 923/2569/2471 1250/2570/2472 2958/2571/2473 2010/2572/2474 2951/2573/2475 2002/2574/2476
f 2381/2575/2477 498/2576/2478 2427/1562/1514 478/1561/1513 1085/1560/1512 506/2577/2479 1601/2578/2480 3331/2579/2481 1602/2580/2482 508/2581/2483 2435/1558/1510 467/195/194 94/2582/2484 505/2583/2485 1579/2584/2486 502/2585/2487 1574/2331/2246 100/2330/2245 1557/2329/2244 2401/2328/2243 2375/2586/2488 1074/2587/2489 2410/2588/2490 3323/2589/2491 1544/2590/2492 457/2591/2493 1545/2592/2494 3294/2593/2495 1572/2594/2496 92/2595/2497 1566/2596/2498 3322/2597/2499 2409/2598/2500 479/2599/2500 1565/2600/2501 3327/2601/2502 1564/2602/2503 499/2603/2504 495/2604/2505 2391/2605/2506 3306/2606/2507 2390/2607/2508 485/2608/2509 1573/2609/2510 3324/1159/1126 2412/1158/1125 1086/1157/1124
f 3003/678/659 1264/2610/2511 3002/674/655 2034/1427/1383 938/1426/1382 2993/1425/1381 3707/1424/1380 3708/1423/1379 2035/1422/1378 236/1421/1377 235/2611/2512 242/2612/2513 241/2613/2514 2037/2614/2515 3709/2615/2516 3715/2616/2517 3001/2617/2518 1263/2618/2519 3000/869/845 2012/868/844 2949/2285/2201 3673/2284/2200 2948/680/661 906/2619/660
f 2267/754/733 3207/753/732 1441/1207/1172 45/224/222 54/229/227 1470/2620/2520 2268/2621/2521 3208/2622/2522 1455/756/735 378/755/734
f 1331/497/478 2122/1067/1036 269/2356/2267 15/2355/2266 1320/2354/2265 2135/2353/2264 994/2352/2263 2134/2351/2262 3120/2350/2261 3112/2349/2260 1355/60/60 23/59/59 1361/58/58 3119/57/57 2132/56/56 2133/55/55 3118/54/54 1338/53/53 16/52/52 1334/51/51 3108/2623/2523 1329/498/479
f 2104/2624/2524 2103/2625/2525 2101/295/287 1362/294/286 293/293/285 2149/292/284 3127/291/283 3128/290/282 1371/289/281 1340/288/280 3100/287/279 3099/286/278 1339/285/277 28/284/276 1369/283/275 3110/282/275 2126/281/275 2125/280/275 3109/279/274 3087/278/273 1323/277/272 25/276/271 26/2626/2526 1345/2627/2527 3103/2628/2528 3123/2629/2529 1337/1379/1336 3124/1378/1335 1346/1377/1334 3115/1376/1333 998/1375/1332 278/2630/2530 304/2631/2531 295/2632/2532 300/2633/2533 2142/2634/2534 284/2635/2535 2115/2636/2536 308/2488/2394 277/2490/2396 2105/2637/2537 282/2638/2538 991/2639/2539 2109/2640/2540
f 155/2641/2541 672/1614/1566 2642/2642/2542 704/2643/2543 1171/2644/2544
f 1269/2645/2545 963/2646/2546 3016/2647/2547 962/2648/2548 3046/2432/2338 3031/2435/2341 3010/2649/2549 3009/2650/2550 952/2651/2551 3042/2652/2552 3041/2653/2553 967/1005/974 966/1004/973 3037/1003/972 3747/2654/2554 3743/2655/2555 3029/2656/2556 977/2657/2557 249/2658/2558 2067/2659/2559 246/2660/2560 2049/2661/2561 3729/2662/2562 3013/2663/2563 1268/2664/2562 3012/2665/2562 3727/2666/2564 2047/2667/2565 961/2668/2566 3015/2669/2567 3730/2670/2568 3014/2671/2569 960/2672/2570 2052/2673/2571 3732/2674/2572 2054/2675/2573 2069/2676/2574 251/2677/2575 969/1026/995 3044/2678/2576 955/2679/2577 956/2680/2578 3032/2681/2579 3017/2682/2580 964/2683/2581 3045/2684/2582 982/2685/2583 959/2686/2584 954/2687/2585 953/2688/2586
f 2493/2689/2587 2465/2690/2588 524/2691/1119 1617/1891/1118 3404/1900/1836 3383/2692/2589
f 305/258/256 990/2693/2590 301/256/254 997/255/253 294/254/252 2140/253/251 996/252/250 2141/251/249 283/250/248 307/309/301 2145/308/300 999/307/299 2146/306/298 275/305/297 280/304/296 2148/303/295 2147/302/294 309/301/293 276/300/292 2150/299/291 2114/298/290 2108/297/289 2102/296/288 2101/295/287 2103/2625/2525 3095/2694/2591 3094/2695/2592 3116/2696/2593 2130/2697/2594 289/2698/2595 1354/2699/2596 1341/2700/2597 281/2701/2598 2127/2702/2599 3111/2703/2600 3121/2704/2599 1366/2705/2601 24/67/67 1365/66/66 3088/2348/2259 2092/2347/2258 987/2346/2257 2091/2345/2256 1364/2344/2255 18/2343/2254 2137/2342/2253 292/2358/2269 285/260/258 2119/259/257
f 91/2706/2602 3339/210/209 1591/209/208 96/208/207 476/207/206 2404/2466/2372 463/2465/2371 504/2464/2370 1093/2463/2369 2434/2462/2368 489/2461/2367 2421/2460/2366 2428/2459/2365 1092/2458/2364 2429/2457/2363 471/2456/2362 509/2455/2361 464/2454/2360 1075/2453/2359 2377/2452/2358 491/2451/2357 468/2450/2356 2443/2449/2355 3350/2707/2603 3349/2708/2604 2442/2709/2605 1094/2710/2606 487/2711/2607 97/2712/2608 1581/2713/2609 3335/2714/2610 1582/2715/2611
f 2082/1416/1372 3076/1415/1371 3051/1414/1370 1276/1413/1369 14/1412/1368 1316/1411/1367 3052/1410/1364 1315/1409/1366 3/1408/1365 2/1407/1364 253/1406/1363 2072/2716/2612 3057/2717/2613 3058/2718/2614 1284/2719/2615 5/2720/2616 1283/2721/2617 3055/2722/2618 3056/2723/2619 3061/2724/2619 3053/2725/2620 3049/2726/2621 1314/2727/2622 1313/2728/2622 3068/2729/2623 2076/1554/1508 984/1417/1373
f 3020/2730/2624 1273/2731/2625 3030/2732/2626 3744/2733/2627 2066/2734/2628 245/2735/2629 248/2736/2630 2053/2737/2631 3731/2738/2632 3018/2739/2633 3728/820/796 3011/819/795 1267/818/794 3039/1031/1000 980/1030/999 981/1029/998 3038/1028/997 3023/1027/996 969/1026/995 251/2677/2575 2069/2676/2574 2054/2675/2573 3732/2674/2572 2052/2673/2571 960/2672/2570 3014/2671/2569 3730/2670/2568 3015/2669/2567 961/2668/2566 2047/2667/2565 3727/2666/2564 3012/2665/2562 1268/2664/2562 3013/2663/2563 3729/2662/2562 2049/2661/2561 246/2660/2560 2067/2659/2559 249/2658/2558 977/2657/2557 3029/2656/2556 3743/2655/2555 3747/2654/2554 3037/1003/972 1275/1002/971 3036/1001/970 3748/2740/2634 2065/2741/2635 3021/660/641 949/659/640 2046/658/639 3726/657/638 2045/656/637 243/655/636 244/654/635 2056/653/634 2048/2742/2636 3733/2743/2637
f 598/150/150 585/149/149 1684/1922/1856 1694/2744/2638
f 2534/2223/2140 519/2745/2639 3406/459/440
f 2453/2228/2145 3361/2227/2144 1638/2226/2143 549/2225/2142 1115/2224/2141 2487/2249/2165 3362/1121/1088 1654/1120/1087 116/2746/2640 558/2747/2641 2488/2748/2642 3378/2749/2643 3402/415/400 1662/414/399 108/1849/1787 1631/1848/1786 2490/2230/2141 1116/2229/2146
f 1151/2750/2644 1147/2751/2645 2600/2752/2646 650/2753/2647 2614/2754/2648 1735/2755/2649
f 1623/1032/1001 106/2236/2152 1620/2756/2650 2472/2757/2651 1107/2758/2652 533/2759/2653 1105/2760/2654 542/2238/2154 1629/2237/2153 3366/1033/1002
f 3745/2761/2655 3742/2762/2656 3028/2763/2657 976/2764/2658 947/2765/2659 1265/2766/2660 971/2767/2661 3025/2768/2662 3737/2769/2663
f 2258/1296/1257 3199/1295/1256 3213/1294/1255 2272/1293/1254 2266/1292/1253 3205/1291/1252 2265/1290/1251 387/1289/1250 386/1288/1249 2250/1287/1248 3195/1286/1244 2240/1285/1244 1028/1284/1244 2239/1283/1244 3194/1282/1247 1451/1281/1246 50/1280/1245 357/1279/1244 1045/1278/1243 2264/1277/1242 3203/1276/1241 2246/735/715 359/734/714 400/733/713 1475/2030/1952 3226/2029/1951 2297/2028/1950 2290/730/710 395/729/709 370/728/708 385/727/707 2247/123/123 2289/122/122 380/121/121 51/120/120 1463/2125/2047 3212/2124/2046 1458/2123/2045 379/2122/2044 2282/2121/2043 3217/2120/2042 1461/2119/2041 389/713/694 383/712/693 2286/711/692 1459/980/952 367/703/684 2288/702/683 391/701/682 2257/700/681 374/699/680 2279/698/679 388/697/678 1034/696/677 1041/695/676 2277/2770/2664
f 8/2771/2665 7/2772/1442 1291/1555/1441 2076/1554/1508 3068/2729/2623 1312/2773/2666 267/2774/2667 2077/1923/1857 1292/1926/1163
f 1004/2160/2082 1003/1687/1637 2172/1686/1636 2175/2161/2083
f 446/427/412 1069/425/410 2358/404/389 1533/403/388 1532/402/387 2330/401/386 1057/400/385
f 2365/2216/2133 3287/2775/2668 2362/2210/2127 2366/2217/2134
f 1773/2776/2669 2676/2777/2670 1800/903/877 694/902/876 1799/2778/2671 1791/2779/2672 685/2780/2673
f 217/2041/1963 218/2040/1962 1959/2039/1961 3633/2038/1960 2876/2037/1959 1220/2036/1958 2896/2035/1957 3646/2034/1956 2897/2033/1955 1226/2032/1954 854/2781/2674 2860/2782/2675 1214/2783/2676 2861/2784/2677 835/2785/2678 2859/2786/2679 834/2787/2680 2881/2788/2681 824/2789/2682 2856/2790/2683 823/2791/2684 2892/470/451 2891/469/450 839/468/449 838/467/448 1948/1550/1504 3621/1549/1503 1949/1548/1502 1950/1547/1501 3631/1546/1500 1961/1545/1499 1960/1544/1498 3644/1543/1497 1946/1542/1496 3620/1541/1495 1938/1540/1494 216/1539/1493 819/1538/1492 2868/1537/1491 1954/1536/1490 214/1535/1489 817/1534/1488 215/2792/2685 830/2793/2686 2858/2794/2687 3617/2795/2688 3616/2796/2689 3619/2043/1965 1944/2042/1964
f 2094/2797/2690 3090/348/336 1327/347/335 1326/346/334 3105/345/333 3106/344/332 2123/1065/1034 2098/173/172 3093/176/175 1332/175/174 271/2798/2691
f 409/129/129 2318/134/134 3240/2799/2692 3236/2800/2693 1486/2801/2011 62/2088/2010 1494/385/370 3260/384/369 1495/383/368 421/382/367 2331/381/367 3255/380/366 1496/379/365 65/378/364 1503/377/363 3231/376/362 1478/375/361 403/374/360 453/622/603 2370/621/602 3289/2802/2694 2369/2803/2695 405/2804/2696 407/2805/2697 2311/2487/2393 3234/2486/2392 1485/2485/2391
f 567/1136/1103 2530/2492/2398 530/1143/1110 1642/1142/1109 3401/1141/1108 1658/1140/1107 1657/1139/1106 3400/1138/1105 1659/1137/1104
f 519/2806/2639 524/2691/1119 2465/2690/2588 2493/2689/2587 3382/2807/2698
f 721/2808/2699 739/2809/2700 747/2810/2701 2756/2811/2702 3546/2812/2703 3547/2813/2704 2757/2814/2705 746/2815/2706
f 462/1905/1839 2389/1155/1122 3305/1165/1132 3299/1164/1131 1554/1163/1130 87/2816/2707 1564/2602/2503 3327/2601/2502 1565/2600/2501 479/2599/2500 2409/2598/2500 3322/2597/2499 1566/2596/2498 92/2595/2497 1572/2594/2496 3294/2593/2495 1545/2592/2494 457/2591/2493 516/2817/2708 2450/2818/2709 3353/2819/2710 2449/2820/2711 458/2821/2712 460/1907/1841 2383/1906/1840 3298/2822/2713 1553/2823/2714
f 220/2824/2715 1230/957/929 865/956/928 1234/955/927 2926/2147/2069 1228/2146/2068 882/2825/2716 2919/2826/2717 3658/2827/2718 2918/2828/2719 873/2829/2720 2915/950/922 857/949/921 858/948/920 2930/947/919 884/946/918 2922/1817/1759 3654/1816/1758 2923/2830/2721 885/2831/2722
f 2384/2832/2723 459/2833/2724 2378/2834/2725 518/2835/2726 1608/2836/2727 3352/2837/2728 2447/2838/2729 513/2839/2730 2388/2840/2731 469/2841/2732 2424/2842/2733 492/184/183 1583/183/182 2416/182/181 510/181/180 1080/180/179 473/201/200 1559/2843/2734 3346/2844/2735 2436/2845/2736 1548/2846/2737 103/2847/2738 512/2848/2739 2439/2849/2740 3348/2850/2741 2440/2851/2742 2437/2852/2743 3347/2853/2744 2438/2854/2745 470/2855/2746 95/2856/2747 488/2857/2748 2394/2858/2749 3308/2859/2750 3300/2860/2751 2387/2447/2353 1078/2509/2415 465/2861/2752 517/2862/2753 2385/2863/2754
f 154/2864/2755 1813/2865/2756 164/2866/2757 1816/2867/2758 3483/2868/2759 2649/2869/2760 708/873/849 2700/872/848 2701/871/847 673/1914/1848 1776/2870/2761 3503/2871/2762
f 54/229/227 44/1823/1679 1440/2872/567 3193/585/566 2242/598/579 399/597/578 1470/2620/2520
f 2433/2873/2763 501/193/192 99/192/191 1560/191/190 3344/190/189 1081/189/188 2398/2874/2764 474/2875/2765
f 3340/2475/2381 89/2474/2380 1598/2473/2379 3316/2472/2378 2402/2471/2377 1083/2470/2376 2403/2469/2375 3317/2876/2766 1597/2877/2767 1590/2878/2768 3315/2879/2769 1562/2880/2770 98/2881/2770 1589/2882/2770 3293/2883/2770 2373/2884/2771 496/2885/2772 1588/2886/2773 3314/2887/2774 1561/2322/2237 1546/2321/2236 3295/2320/2235 3332/2319/2234 1578/2318/2233 1558/2317/2232 2395/2517/2419 503/2516/2420 1596/2515/2419 3311/2514/2419 2396/2513/2419 1079/2512/2418 2397/2511/2417 3312/2510/2416 1603/2476/2382
f 2587/1078/1047 2604/2888/2775 3454/2889/2776 3466/2890/2777 1728/921/895 623/925/899
f 1296/361/349 256/360/348 2078/1924/1858 2087/2891/2778 264/2892/2779 1318/2893/2780 3048/2894/2781 3054/2895/2782 1282/2896/2783 4/2897/2784 1286/2898/2785 3066/2899/2786 2075/2900/2787 983/2901/2788 1317/2902/2789 2088/2903/2790 2070/2904/2791 3047/2905/2792 2079/1691/1641 257/1697/1647 1299/1696/1646 3071/1695/1645 1298/2106/2028
f 2581/2114/2036 583/1902/1838 1681/1901/1837 3439/2115/2037
f 822/2083/2005 821/1970/1902 2882/1491/1446 1963/1490/1445 846/1553/1507 1962/1552/1506 1213/494/475 1225/493/474
f 2300/249/247 361/248/246 1446/5/5 3229/4/4 2301/3/3 401/2906/2793
f 703/1611/1563 2690/1610/1562 679/1609/1561 2656/1608/1560 706/1607/1559 163/2907/2794 1812/2908/2795 3510/2909/2796 1778/2910/2797 156/2911/2798 1793/2912/2799 3502/2913/2800 2675/2914/2801 2641/2915/2802 3478/2916/2803 2640/1603/1555 693/1602/1554 675/1601/1553 2650/1600/1552 707/1599/1551 2698/1598/1550 3518/2917/2804 2707/1595/1547 712/1594/1546 711/2918/2805 1173/2919/2806 689/2920/2807 1794/2921/2808 3517/2922/2809 3516/2923/2810 2706/2924/2811 683/2925/2812 1790/2926/2813 3511/2927/2814 3494/2928/2815 2668/2929/2816 162/2930/2817 1810/2931/2818 2659/2932/2819 1162/2933/2820 2687/2934/2821 1809/2935/2822 3508/2936/2823 1808/2937/2824 3506/2938/2825 1802/2939/2826 698/2940/2827 2682/2941/2828 3505/2942/2829 2683/2943/2830 699/2944/2831 1803/2945/2832 3501/2946/2833 3489/2947/2834 2681/2948/2835 2680/1622/1574 2643/1621/1573 2644/1620/1572 702/1619/1571 2686/1618/1570 680/1617/1569 2657/1616/1568 2658/1615/1567 672/1614/1566 155/2641/2541 1171/2644/2544 2693/1612/1564
f 2756/2811/2702 747/2810/2701 739/2809/2700 2727/2949/2836 2726/2950/2837 738/2951/2838 752/2952/2839 2738/2953/2840 1180/2954/2841 2753/2955/2842 2713/2956/2843 2754/2957/2844 741/2958/2845 2746/2959/2846 1181/2960/2847 2745/2961/2848 3540/2962/2849 1829/2963/2850 2752/2964/2851 1858/2965/2852 180/2966/2853 181/2967/2854 751/2968/2855 2748/2969/2856 3541/2970/2857 2749/2971/2858 737/2972/2859 1839/2973/2860 1840/2974/2861 2755/2975/2862 177/2976/2863 1846/2977/2864 1854/2978/2865 1863/2979/2866 3549/2980/2867 1845/2981/2868 1185/2982/2869 730/2983/2870 1176/2984/2871 729/2985/2872 722/2986/2873 2712/2987/2874 2711/2988/2875 721/2808/2699 746/2815/2706 2757/2814/2705 3547/2813/2704 3546/2812/2703
f 311/2163/1032 313/991/961 2173/990/960 3139/2164/2084
f 29/2989/2876 1373/2990/2076 3190/359/347 3191/358/346 1434/2305/2221
f 148/684/665 1761/2991/2877 661/2992/608 1821/685/666
f 2494/2993/2878 2493/2689/2587 3383/2692/2589 3384/2994/2879
f 2196/2159/2081 3154/2995/2880 2171/511/492 1391/510/491 328/509/490 1003/1687/1637 1004/2160/2082
f 785/2996/2881 763/2997/2882 1896/2998/2883 3588/2999/2884 2820/3000/2885 793/3001/2886 1894/3002/2887 3570/3003/2888 3563/3004/2889 2780/3005/2890 1195/3006/2891 2779/3007/2892
f 228/1336/1297 224/1041/1010 219/1061/1030 1974/933/907 883/932/906
f 3345/3008/2893 3342/3009/2894 3343/3010/2895 2432/3011/2895 2430/3012/2896 3341/3013/2895 2431/3014/2897 472/3015/2895 91/2706/2602 1582/2715/2611 3335/2714/2610 1581/2713/2609 97/2712/2608 487/2711/2607 1094/2710/2606 2442/2709/2605 3349/2708/2604 3350/2707/2603 3300/2860/2751 3308/2859/2750 2394/2858/2749 488/2857/2748 95/2856/2747 470/2855/2746 2438/2854/2745 3347/2853/2744 2437/2852/2743 2440/2851/2742 3348/2850/2741 2439/2849/2740 512/2848/2739 103/2847/2738 1548/2846/2737
f 3129/601/582 17/3016/117 1372/1170/1137 3130/1169/1136
f 2176/3017/2898 2177/3018/2899 317/3019/2900 2233/3020/2901 1007/3021/2902 312/3022/2903 2165/3023/2904 2166/2182/2102 3140/2181/2101 2178/2180/2100 333/2179/2099 1403/2178/2098 3160/2177/2097 1401/2176/2096 1402/2175/2095 3159/2174/2094 2232/2173/2093 3186/3024/2905 1432/3025/2906 31/3026/2907 1426/3027/2908 2199/3028/2909 1017/3029/2905 2158/3030/2905 1410/3031/2910 1411/3032/2911 2155/3033/2912 310/3034/2913 322/3035/2914 2200/3036/2915 3168/3037/2916 1407/3038/2917 316/1946/1878 2163/3039/2918 2164/3040/2919 338/3041/2920 2207/2110/2032 1399/2109/2031 1425/2108/2030 351/2107/2029
f 2318/134/134 424/133/133 1058/395/380 2334/394/379 1498/2087/2009 2310/2086/2008 423/2085/2007 1486/2801/2011 3236/2800/2693 3240/2799/2692
f 2977/2269/2185 2021/2268/2184 929/2267/2183 234/2266/2182 933/2265/2181 2006/2264/2180 2007/2263/2179 3684/2262/2178 2016/2261/2177 925/2260/2176 2991/2259/2175 2029/2258/2174 934/2257/2173 1260/2256/2172 2943/2255/2171 3671/2254/2170 2942/2253/2169 2992/3042/2921 918/3043/2922 917/3044/2923 2978/3045/2924 1256/3046/2925
f 2887/466/447 1222/465/446 2886/1551/1505 1948/1550/1504 838/467/448
f 462/1905/1839 1553/2823/2714 3298/2822/2713 2383/1906/1840
f 2508/1808/1750 2527/1122/1089 1127/2248/2164 541/3047/2926 2520/2244/2160 560/2243/2159 2464/2242/2158 1104/2241/2157 532/2240/2156 2515/2239/2155 3396/3048/2927 1628/3049/2928 3365/3050/2929 3386/3051/2930 1635/3052/2931 545/3053/2932 2476/3054/2933 1627/3055/2934 110/3056/2935 111/3057/2936 1652/3058/2937 2489/3059/2938 1099/3060/2939 2454/3061/2940 1653/3062/2941 2486/3063/2942 1114/3064/2943
f 107/1847/1785 1612/1846/1784 3359/1845/1783 1614/455/438 3406/459/440 519/2806/2639 3382/2807/2698 2493/2689/2587 2494/2993/2878 1107/2758/2652 2472/2757/2651 1620/2756/2650 106/2236/2152 1616/2235/2151 3389/2234/2150 3390/2233/2149 3385/2232/2148 1630/2231/2147
f 1995/3065/2944 2955/3066/2945 1248/3067/2946 2954/3068/2947 3676/3069/2948 2936/3070/2949 1240/3071/2950 891/3072/2951 1994/3073/2952 3725/3074/2953 2044/3075/2954 946/3076/2955 3008/649/630 3720/648/629 2041/647/628 3710/646/627 3718/645/626 1997/3077/625 2009/643/624 924/642/623 3691/641/622 3692/640/621 2990/639/620 903/2275/2191 3698/3078/2956 3697/3079/2957 2984/3080/2958 1257/2273/2189 2983/2272/2188 930/2271/2187 2023/3081/2959 3688/3082/2960 2971/3083/2961 1254/3084/2962 2970/3085/2963 2022/3086/2964 232/3087/2965 2030/3088/2966 3704/3089/2967 935/3090/2968 231/3091/2969 2015/3092/2970 3682/3093/2971 3683/3094/2972 2966/3095/2973 2945/3096/2974 3672/2565/2467 3689/2564/2466 2002/2574/2476 2951/2573/2475 2010/2572/2474 926/3097/2975 2967/3098/2976 1996/3099/2977 893/3100/2978 1241/3101/2979 2938/3102/2979 3667/3103/2979 2937/3104/2980 892/3105/2981
f 1575/2306/2222 102/2333/2248 1604/2332/2247 1574/2331/2246 502/2585/2487 1579/2584/2486 505/2583/2485 94/2582/2484 467/195/194 2380/194/193 501/193/192 2433/2873/2763 474/2875/2765 2398/2874/2764 1081/189/188 511/188/187 101/3106/2982 2419/3107/2983 1089/3108/2984 1076/186/185 2379/185/184 492/184/183 1584/3109/2985 3336/3110/2986
f 2192/520/501 1014/519/500 2191/518/499 3150/517/498 1390/516/497 330/515/496 2198/514/495 3156/513/494 2197/512/493 2171/511/492 3154/2995/2880 3153/993/963 3151/3111/2987 1396/3112/2988 35/3113/2989 1395/3114/2990 3184/3115/2991 2230/3116/2992 2229/3117/2993 2194/1836/1775 2182/1835/1774 1383/2082/2004 30/2419/2329 3166/2418/2328 2203/2417/2327 2202/2416/2326 3167/2415/2325 1406/2414/2324 36/2413/2323 1397/2412/2322 3169/2411/2321 1414/524/505 341/523/504 1001/522/503 2159/521/502
f 1096/1994/1923 2448/3118/2994 2451/2026/1948 1097/1995/1924
f 2414/3119/2995 461/3120/2996 1551/1565/1517 2413/3121/2997 1087/3122/2998
f 1715/1075/1044 1716/988/958 3443/987/957 1722/986/956 1756/1746/1696 3463/1745/1695 3462/1744/1694 3465/1743/1693 3464/1742/1692 1757/1741/1691 1718/1077/1046 3444/1076/1045
f 629/68/68 652/75/75 145/3123/2999 1748/3124/3000 3459/3125/3001 2590/3126/3002
f 625/463/444 1730/462/443 136/3127/1894 1745/3128/3003 3456/3129/3004 2608/3130/3005 2609/3131/3006 1746/3132/3007 143/3133/3008 139/3134/3009 1737/2009/1931 2620/2008/1930 656/2025/1947 1755/2024/1946 3467/2023/1945 3447/2022/1944 2586/2021/1943 1143/2020/1942 2585/2019/1941 3446/2018/1940 3450/3135/3010 2605/3136/3011 1148/3137/3012
f 2393/3138/3013 2376/202/201 3297/223/221 3307/222/220
f 1692/3139/3014 1691/3140/3015 3437/3141/3016 2571/3142/3017 596/3143/3018 610/3144/3019 1704/3145/3020 3436/3146/3021
f 1117/2437/2343 1110/1229/1194 2477/1228/1193 2492/2438/2344
f 617/3147/1938 1724/3148/1937 3469/2014/1936
f 2667/2377/2287 2655/3149/3022 3485/3150/3023 3486/3151/3024 1781/3152/3025 147/3153/3026 660/809/785 2666/808/784 3493/3154/3027
f 1881/3155/3028 795/3156/3029 781/3157/3030 2777/3158/3031 1194/3159/3032 780/3160/3033 2813/551/532 1908/553/534 799/3161/3034 2812/3162/3035 3584/3163/3036 1900/3164/3037 191/3165/3038 1882/3166/3039 3560/3167/3040
f 78/448/431 1500/557/538 68/3168/3041 1505/3169/3042 3267/3170/3043 2346/3171/3044 1063/3172/3045 2345/3173/3046 2347/3174/3047 431/3175/3048 2309/3176/3049 1049/2371/2282 2308/1919/1853 1506/1918/1852 3281/1917/1851 1535/1916/1850 448/1915/1849 1055/3177/3050 2326/3178/3051 417/3179/3052 2353/3180/3053 441/3181/3054 429/3182/3055 1050/3183/3056 413/405/390 1487/454/437 2341/453/436 440/452/435 69/451/434 1490/450/433 3247/449/432
f 2998/1321/1282 1263/2618/2519 3001/2617/2518 3715/2616/2517 2033/3184/3057 937/3185/1283
f 1769/807/783 666/629/610 2635/314/306 3476/317/309
f 311/1063/1032 2236/1062/1031 313/2001/961
f 2078/1924/1858 2077/1923/1857 267/2774/2667 1312/2773/2666 3068/2729/2623 1313/2728/2622 1314/2727/2622 3049/2726/2621 3053/2725/2620 3061/2724/2619 3056/2723/2619 3055/2722/2618 3060/3186/3058 3065/3187/3059 3067/3188/3060 1290/3189/3061 1289/3190/3062 255/3191/3063 983/2901/2788 2075/2900/2787 3066/2899/2786 1286/2898/2785 4/2897/2784 1282/2896/2783 3054/2895/2782 3048/2894/2781 1318/2893/2780 264/2892/2779 2087/2891/2778
f 10/1787/742 1301/3192/741 11/1180/1147 1302/1179/1146 3083/1178/1145 1310/1177/1144 263/3193/3064 2074/3194/3065 2073/1789/1736 1288/1788/1735
f 2790/1726/1676 3574/1725/1675 2791/1724/1674 1190/1723/1673 2772/3195/3066 763/2997/2882 1901/3196/3067 1902/3197/3068 194/3198/3069 2803/3199/3070 1202/3200/3071 2775/3201/3072 3558/3202/3073 2800/3203/3074 806/3204/3075 1910/3205/3076 3578/3206/3077 1904/3207/3078 796/3208/3079 2792/3209/3080 786/3210/3081 767/3211/3082 766/3212/3083 2776/3213/3084 3559/3214/3085 3555/3215/3086 3576/3216/3087 2793/3217/3088 790/3218/3089 1891/3219/3090 3567/3220/3091 1890/3221/3092 789/3222/3093 1197/3223/3094 2786/3224/3095 3568/3225/3096 1868/3226/3097 1873/3227/3098 3554/3228/3098 783/3229/3099 3562/3230/3100 1885/3231/3101 193/3232/3102 200/3233/3103 1914/3234/3104 2817/3235/3105 1204/3236/3106 808/2503/2409 1912/2502/2408 3583/2501/2407 1911/2500/2406 199/2499/2405 805/3237/3107 2799/3238/3108 2831/3239/3109 1206/3240/3110 2830/3241/3111 3594/3242/3112 1888/3243/3113 197/3244/3114 1917/3245/3115 1920/3246/3116 810/3247/3117 2839/3248/3118 3598/3249/3119 2838/3250/3120 2823/3251/3121 3590/3252/3122 2824/3253/3123 2826/3254/3124 3591/3255/3125 2825/3256/3126 776/3257/3127 775/3258/3128 2770/3259/3129 2769/3260/3130 3573/3261/3131 1899/3262/3132 196/3263/3133 1915/3264/3134 2821/3265/3135 795/3156/3029 1881/3155/3028 3560/3167/3040 1882/3166/3039 191/3165/3038 1900/3164/3037 3584/3163/3036 2812/3162/3035 799/3161/3034 1908/553/534 801/552/533 2796/3266/3136 800/1727/1677
f 706/1607/1559 1159/1821/1763 2640/1603/1555 3478/2916/2803 2641/2915/2802 2675/2914/2801 3502/2913/2800 1793/2912/2799 156/2911/2798 1778/2910/2797 3510/2909/2796 1812/2908/2795 163/2907/2794
f 1325/3267/581 270/3268/580 1324/3269/2209 3092/3270/3137 2096/3271/3138 988/3272/3139 2097/3273/3140 3126/3274/3141 1370/3275/3142 19/3276/3143 1353/3277/3144 1328/3278/3145 1335/3279/3146 3098/3280/3147 2111/3281/3148 2106/3282/3149 287/49/49 279/26/26 1337/1379/1336 1349/3283/3150 3096/3284/3151 3097/3285/3152 1347/3286/3153 1342/3287/3154 3114/3288/3154 3113/3289/3154 2129/3290/3155 2128/3291/3156 1360/3292/3157 22/3293/3158 290/3294/3159 2095/3295/3160 3091/3296/3161 3089/3297/3162 1359/3298/3163 1358/3299/3164 1351/3300/3165 20/108/108 17/117/117 3129/601/582
f 611/1861/1799 130/3301/3166 588/1862/1800
f 1771/571/552 667/2218/2135 2648/3302/3167 3482/3303/3168
f 1723/2017/1939 622/3304/3169 2591/3305/3170 3450/3135/3010 3446/2018/1940
f 3424/1890/1828 3425/1889/1827 1701/164/163 3432/163/162 2560/162/161 1134/161/160 2561/160/158 3433/159/159 2562/158/158 594/157/157 1693/156/156 3421/155/155 1695/154/154
f 541/3047/2926 1127/2248/2164 1655/2247/2163 3377/2246/2162 3398/2245/2161 2520/2244/2160
f 254/1390/1347 265/1389/1346 2079/1691/1641 3047/2905/2792 2070/2904/2791 2088/2903/2790 1317/2902/2789 983/2901/2788 255/3191/3063 1289/3190/3062 1290/3189/3061 3067/3188/3060 3065/3187/3059 3060/3186/3058 3055/2722/2618 1283/2721/2617 5/2720/2616 1284/2719/2615 3058/2718/2614 3057/2717/2613 2072/2716/2612 253/1406/1363 3059/1405/1362 1285/1404/1361 1287/1403/1360 3063/1402/1359 3062/1401/1358 3064/1400/1357 1278/1399/1356 1281/1398/1355 3050/1397/1354 1280/1396/1353 1279/1395/1352 2071/1394/1351 252/1393/1350 1277/1392/1349 2086/1391/1348
f 2478/3306/3171 1106/3307/3172 2466/3308/3173 1101/2149/2071 521/2148/2070 1102/1098/1065 522/1097/1064 2471/1096/1063 3393/3309/3174 2503/3310/3175 552/3311/3176 1645/3312/3177 3371/3313/3178 1644/3314/3179 551/3315/3180 1119/3316/3181 2496/3317/3182 1667/3318/3183 120/1797/1743 571/1796/1742 2497/1795/1741 117/1794/1740 546/1814/1756 2506/1813/1755 1121/3319/3184 2467/3320/3185
f 1554/3321/1130 481/1162/1129 2382/1161/1128 1568/1160/1127 3324/1159/1126 1573/2609/2510 485/2608/2509 2390/2607/2508 3306/2606/2507 2391/2605/2506 495/2604/2505 499/2603/2504 1564/2602/2503 87/2816/2707
f 1654/1120/1087 2510/1119/1086 1649/3322/3186 116/2746/2640
f 2338/2373/2284 1060/2372/2283 1049/2371/2282 2309/3176/3049 431/3175/3048 1517/3323/3187 3268/3324/3188 73/3325/3189 76/412/397 1066/411/396 442/410/395 1526/409/394 1514/408/393 445/407/392 67/406/391 413/405/390 1050/3183/3056 429/3182/3055 441/3181/3054 2353/3180/3053 417/3179/3052 2326/3178/3051 1055/3177/3050 448/1915/1849 79/2374/2285
f 2154/1168/1135 1000/1167/1134 2153/1171/1138 268/3326/116 1319/115/115 3084/114/114 3090/348/336 2094/2797/2690 271/3327/2691
f 600/169/168 1699/1888/1826 126/1625/1577 1673/1231/1196 3414/1230/1195 2537/170/169
f 3354/1990/1921 1098/1996/1925 2452/1908/1842 460/1907/1841 458/3328/2712 2449/2820/2711 3353/2819/2710 2450/2818/2709
f 3697/3079/2957 3698/3078/2956 903/2275/2191 2946/2274/2190 1257/2273/2189 2984/3080/2958
f 704/2643/2543 2642/2642/2542 672/1614/1566 157/1613/1565 2693/1612/1564 1171/2644/2544
f 1728/921/895 3466/2890/2777 1739/3329/3190 640/3330/3191 641/3331/3192 1720/3332/3193 3455/3333/3194 1727/922/896
f 2666/808/784 1166/2375/2286 2667/2377/2287 3493/3154/3027
f 2443/2449/2355 515/2448/2354 2387/2447/2353 3300/2860/2751 3350/2707/2603
f 1676/3334/136 1677/3335/135 3440/172/171 2582/3336/3195 1142/2116/2038 3439/2115/2037 1681/1901/1837
f 2243/613/594 2293/612/593 3222/611/592 2292/758/737 1446/5/5 361/248/246
f 80/554/535 1537/2410/2320 3285/2409/2319 3283/2408/2318 2360/2407/2317 2361/2406/2316 3284/2405/2315 3282/2404/2314 2359/2403/2313 2323/2402/2312 3243/2401/2311 2316/2400/2310 1053/3337/3196 412/3338/3197 454/3339/3198 2313/3340/3199 2312/3341/3200 406/3342/3201 2307/3343/3202 455/2215/2132 1541/2214/2131 3288/2213/2130 2367/2212/2129 450/2211/2128 2317/3344/3203 415/3345/3204 2347/3174/3047 2345/3173/3046 1063/3172/3045 2346/3171/3044 3267/3170/3043 1505/3169/3042 68/3168/3041 1500/557/538 3266/556/537 1501/555/536
f 625/463/444 1148/3137/3012 2606/3346/3205 3458/3347/3206 2611/3348/3207 2603/3349/3208 638/1963/1895 633/460/441
f 3458/3347/3206 2606/3346/3205 3455/3333/3194 1720/3332/3193 641/3331/3192 640/3330/3191 1739/3329/3190 3466/2890/2777 3454/2889/2776 2604/2888/2775 624/1195/1162 1729/1194/1161 2596/1193/1160 1717/3350/3209 3452/3351/3210 1749/3352/3211 134/3353/3212 1750/3354/3213 3457/3355/3214 1752/3356/3215 141/3357/3216 1741/3358/3217 2607/3359/3218 1149/3360/3219 657/3361/3220 1759/3362/3221 3449/3363/3222 1726/3364/3223 621/3365/3224 2593/3366/3225 2594/3367/3226 654/3368/3227 632/3369/3228 2590/3126/3002 3459/3125/3001 1748/3124/3000 145/3123/2999 652/75/75 2598/3370/3229 635/3371/3230 647/3372/3231 643/3373/3232 630/3374/3233 2614/2754/2648 650/2753/2647 2600/2752/2646 1147/2751/2645 1151/2750/2644 2612/3375/3234 646/3376/3235 2611/3348/3207
f 2123/1065/1034 992/1206/1171 2113/1205/1170 1333/2357/2268 3107/1066/1035
f 741/2958/2845 2754/2957/2844 2713/2956/2843 2753/2955/2842 1180/2954/2841 2738/2953/2840 752/2952/2839 738/2951/2838 2726/2950/2837 2727/2949/2836 739/2809/2700 745/3377/3236 2758/3378/3237 3548/3379/3238 1853/3380/3239 721/2808/2699 2711/2988/2875 2712/2987/2874 722/2986/2873 729/2985/2872 1176/2984/2871 730/2983/2870 1185/2982/2869 726/2560/2462 1826/2559/2461 2761/2558/2460 2718/2557/2459 731/2556/2458 167/2555/2457 176/2554/2456 1847/2553/2455 3533/2552/2454 2731/2551/2453 2742/2550/2452 3539/2549/2451 2743/2548/2450 2717/2547/2449 3520/2546/2448 2759/2545/2447 1841/2544/2446 3543/3381/3240 3542/3382/3241 2750/3383/3242 2741/3384/3243 1859/3385/3244 753/3386/3245 2739/3387/3246 3537/3388/3247 2740/3389/3248 1831/3390/3249 168/3391/3250 744/3392/3251 1181/2960/2847 2746/2959/2846
f 1101/2149/2071 2466/3308/3173 2468/3393/3252 528/3394/3253 1622/3395/3254 2500/3396/3255 537/3397/3256 112/3398/3257 1641/3399/3258 3387/3400/3259 1660/3401/3260 1636/3402/3261 2512/3403/3262 3394/3404/3263 3376/3405/3264 2481/3406/3265 1100/3407/3266 1649/3322/3186 2510/1119/1086 1123/1118/1085 2511/1117/1084 3375/1116/1083 2479/1115/1082 1111/1114/1081 2480/1113/1080 1651/1112/1079 115/1111/1078 121/1110/1077 573/1109/1076 2498/1108/1075 3405/2152/2074 1665/2151/2073 1666/2150/2072
f 2736/97/97 750/96/96 1182/3408/3267 2747/3409/3268 1856/3410/3269 179/3411/3270 1857/3412/3271 3544/3413/3272 2751/3414/3273 1184/3415/3274 2720/3416/3275 3522/3417/3276 3545/3418/3277 1862/3419/3278 1833/3420/3279 169/3421/3280 732/3422/3281 2729/3423/3282 3532/3424/3283 2730/80/80 742/79/79 716/78/78 717/77/77 740/76/76 718/101/101 719/100/100 1183/99/99 749/98/98
f 2769/3260/3130 2770/3259/3129 3553/3425/3284 2771/3426/3285 1199/3427/3286 2789/3428/3287 3571/3429/3288 1897/3430/3289 189/3431/3290 192/3432/3291 781/3157/3030 2822/3433/3292 762/3434/3293
f 1791/2779/2672 1799/2778/2671 694/902/876 2670/901/875 3496/900/874 1792/899/873 687/898/872 2672/897/871 3497/896/870 2671/895/859 669/894/869 149/3435/868 158/892/867 1798/891/866 2632/890/865 1157/889/864 700/888/863 1805/887/862 3487/886/861 1782/885/860 159/884/859 1804/883/859 2662/882/858 1164/881/857 2673/880/856 3498/879/855 1787/878/854 682/877/853 2702/876/852 3513/32/32 1786/31/31 3490/3436/3294 2665/3437/3295 1155/3438/3296 2628/3439/3297 3473/3440/3298 1763/3441/3299 659/3442/3300 2633/3443/3301 2660/3444/3302 1163/3445/3303 2661/3446/3304 3488/3447/3305 3495/3448/3306 1784/3449/3307 688/3450/3308 2674/3451/3309 3499/3452/3310 3500/3453/3311 1780/3454/3312 697/3455/3313 2664/3456/3314 3489/2947/2834 3501/2946/2833 1803/2945/2832 699/2944/2831 2683/2943/2830 3505/2942/2829 2682/2941/2828 698/2940/2827 1802/2939/2826 3506/2938/2825 1808/2937/2824 3508/2936/2823 1809/2935/2822 2687/2934/2821 1162/2933/2820 2659/2932/2819 1810/2931/2818 162/2930/2817 2668/2929/2816 3494/2928/2815 3511/2927/2814 1790/2926/2813 683/2925/2812 2706/2924/2811 3516/2923/2810 3517/2922/2809 1794/2921/2808 689/2920/2807 1173/2919/2806 711/2918/2805 712/1594/1546 2651/1593/1545 664/1592/1544 2639/3457/3315 663/3458/3316 662/3459/3317 677/3460/3318 2705/3461/3319 671/3462/3320 1160/3463/3321 2649/2869/2760 3483/2868/2759 1816/2867/2758 164/2866/2757 1813/2865/2756 151/3464/3322 161/3465/3323 686/3466/3324 2684/3467/3325 1806/3468/3326 701/3469/3327 685/2780/2673
f 725/1843/1782 2710/2562/2464 2714/2561/2463 2735/3470/3328 3536/3471/3329 3534/3472/3330 1848/3473/3331 2732/3474/3332 1187/3475/3333 733/3476/3334 728/1840/1779 1188/1839/1778
f 3745/2761/2655 3737/2769/2663 3025/2768/2662 971/2767/2661 2055/821/797 3728/820/796 3018/2739/2633 3731/2738/2632 2053/2737/2631 248/2736/2630 245/2735/2629 2066/2734/2628 3744/2733/2627 3030/2732/2626 1273/2731/2625 3020/2730/2624 3733/2743/2637 2048/2742/2636 2056/653/634 2059/652/633 3738/651/632 2060/650/631 3742/2762/2656
f 2106/3282/3149 2111/3281/3148 274/3477/3335 2124/3478/3336 3108/2623/2523 1334/51/51 1348/50/50 287/49/49
f 1107/2758/2652 2494/2993/2878 3384/2994/2879 3369/3479/3337 3370/3480/3338 3365/3050/2929 1628/3049/2928 542/2238/2154 1105/2760/2654 533/2759/2653
f 911/3481/3339 1247/854/830 2953/853/829 2024/852/828 931/851/827 910/3482/3340
f 3531/3483/3341 1844/3484/3342 174/3485/3343 166/3486/3344 1825/3487/3344 1843/3488/3345 173/3489/3346 1850/3490/3347 3535/3491/3348 1827/3492/3349 1824/3493/3350 1174/3494/3351 2709/3495/3352 1823/3496/3353 714/3497/3354 2728/3498/3355
f 2299/588/569 3228/587/568 2298/245/243 2300/249/247 401/2906/2793 2301/3/3 360/2/2 1445/590/571 358/3499/570
f 2261/610/591 1447/1316/1277 42/1315/1276 1439/1314/1275 2262/1313/1274 354/1312/1273 1437/1311/1272 3215/1310/1271 1460/1309/1270 1442/1308/1269 3200/1307/1268 3214/1306/1267 2273/1305/1266 1039/1304/1265 381/1303/1264 43/1302/1263 1448/1301/1262 3201/1300/1261 3224/761/740 1452/760/739 376/759/738 2292/758/737 3222/611/592
f 277/2490/2396 27/2489/2395 308/2488/2394 2115/2636/2536 284/2635/2535 2142/2634/2534 300/2633/2533 295/2632/2532 304/2631/2531 278/2630/2530 998/1375/1332 2144/42/42 3125/41/41 3117/40/40 2131/39/39 303/38/38 1367/37/37 2143/36/36 2110/35/35 302/34/34 24/67/67 1366/2705/2601 3121/2704/2599 3111/2703/2600 2127/2702/2599 281/2701/2598 1341/2700/2597 1354/2699/2596 289/2698/2595 2130/2697/2594 3116/2696/2593 3094/2695/2592 3095/2694/2591 2103/2625/2525 2104/2624/2524 2109/2640/2540 991/2639/2539 282/2638/2538 2105/2637/2537
f 909/683/664 2950/682/663 3674/2283/2199 904/630/611
f 1669/1651/1603 3410/1650/1602 1672/1649/1601 576/1648/1600 2539/1647/1599 3416/1833/1772 2538/1832/1771 580/1482/1437 2584/1484/1439 3442/3500/3356 2583/1235/1200 574/1234/1199
f 540/1374/1331 2519/1373/1330 2517/3501/3357 1124/3502/3358 2516/3503/3359 3397/3504/3360 558/2747/2641 116/2746/2640 1649/3322/3186 1100/3407/3266 2481/3406/3265 3376/3405/3264 3394/3404/3263 2512/3403/3262 1636/3402/3261 1660/3401/3260 3387/3400/3259 1641/3399/3258 112/3398/3257 537/3397/3256 2500/3396/3255 1622/3395/3254 528/3394/3253 2468/3393/3252 2466/3308/3173 1106/3307/3172 2478/3306/3171 572/3505/3361 529/3506/3362 2473/3507/3363 1108/3508/3364 569/3509/3365 2531/3510/3366 1128/3511/3367 534/3512/3368 555/2074/1996 2459/2073/1995 2458/2080/2002 527/2079/2001 2528/3513/3369 563/3514/3370 538/3515/3371 2522/3516/3372 1125/3517/3373 2521/3518/3374 553/3519/3375 2524/3520/3376 1126/3521/3377 2523/3522/3378 2457/3523/3379 562/3524/3380 1113/3525/3381
f 3208/2622/2522 2268/2621/2521 1470/2620/2520 399/597/578 1472/596/577 2294/595/576 377/3526/575 1453/3527/574 3223/592/573 1449/3528/3382 46/688/669 356/757/736 1455/756/735
f 1148/3137/3012 2591/3305/3170 622/3304/3169 1727/922/896 3455/3333/3194 2606/3346/3205
f 2808/3529/3383 1905/3530/3384 3550/3531/3385 2763/3532/3386 2814/3533/3387 2816/3534/3388 2795/1069/1038 798/1068/1037 1203/3535/3389 2807/3536/3390 3580/3537/3391 2806/3538/3392 2809/3539/3393 3581/3540/3394
f 569/3509/3365 1108/3508/3364 1661/3541/3395
f 1036/694/675 2258/1296/1257 2277/2770/2664 1041/695/676
f 1077/3542/3396 2392/3543/3397 2393/3138/3013 3307/222/220 1556/221/219 1551/1565/1517 461/3120/2996
f 2183/21/21 323/3544/3398 1388/3545/3399 3143/3546/3400 3170/1937/1869 3132/1936/1868 1378/1935/1867 1389/1934/1866 38/2101/2023 1416/3547/3401 3134/1663/1613 2157/1662/1612 343/1661/1611 1415/1660/1610 2186/1659/1609 1010/1658/1608 1019/1657/1607 2206/1656/1606 3174/1655/1605 1409/1654/1604 39/23/23 1421/22/22
f 1377/2162/1898 1376/3548/1901 29/2989/2876 1434/2305/2221 3189/1064/1033
f 2587/1078/1047 1718/1077/1046 1757/1741/1691 1719/1740/1690 2610/3549/3402 619/3550/3403 1725/3551/3404 3453/3552/3405 624/1195/1162 2604/2888/2775
f 2596/1193/1160 1731/1192/1159 626/1191/1158 637/3553/3406 1144/1784/1734 645/1783/1733 636/1782/1732 2599/1781/1731 649/1780/1730 1145/1779/1729 648/1778/1728 1153/1777/1727 642/1776/1726 1152/1775/1725 2613/1774/1724 634/1773/1723 651/1772/1722 2615/1771/1721 1154/1770/1720 2616/1769/1719 627/1768/1718 644/1767/1717 1150/1766/1716 631/1765/1715 2619/1764/1714 2618/1763/1713 655/1762/1712 628/1761/1711 2622/1760/1710 2597/1759/1709 2592/1758/1708 620/1757/1707 1146/1756/1706 621/3365/3224 1726/3364/3223 3449/3363/3222 1759/3362/3221 657/3361/3220 1149/3360/3219 2607/3359/3218 1741/3358/3217 141/3357/3216 1752/3356/3215 3457/3355/3214 1750/3354/3213 134/3353/3212 1749/3352/3211 3452/3351/3210 1717/3350/3209
f 1069/425/410 446/427/412 1531/426/411
f 1775/3554/3407 1774/3555/3408 150/3556/553 1771/571/552 3482/3303/3168 2648/3302/3167 2653/3557/3409 1165/3558/3410 1169/1623/1575 2680/1622/1574 2681/2948/2835 3489/2947/2834 2664/3456/3314 2654/3559/3411 3481/3560/3412
f 2515/2239/2155 542/2238/2154 1628/3049/2928 3396/3048/2927
f 2124/3478/3336 2107/179/178 272/178/177 1329/498/479 3108/2623/2523
f 3339/210/209 91/2706/2602 472/3015/2895 2431/3014/2897 3341/3013/2895 2430/3012/2896 2432/3011/2895 3343/3010/2895 3342/3009/2894 3318/3561/3413 1599/2190/2110 1600/2189/2109 2406/215/214 1563/214/213 477/213/212 2405/212/211 1577/211/210
f 271/3327/2691 1332/175/174 273/174/173 2151/496/477 2154/1168/1135
f 2881/2788/2681 834/2787/2680 1943/3562/3414 3638/3563/3415
f 783/3229/3099 3554/3228/3098 1873/3227/3098 1868/3226/3097 3562/3230/3100
f 739/2809/2700 721/2808/2699 1853/3380/3239 3548/3379/3238 2758/3378/3237 745/3377/3236
f 2081/1385/1342 266/1384/1341 11/2334/1147 1301/762/741 1311/766/745 265/1389/1346 2080/1388/1345 3073/1387/1344 3074/1386/1343
f 1096/1994/1923 456/1993/1863 82/3564/3416 1569/3565/3417 3325/3566/3418 1550/3567/3419 1549/3568/3420 3326/3569/3421 2414/3119/2995 1087/3122/2998 2413/3121/2997 2444/3570/3422 1095/3571/3423 2451/2026/1948 2448/3118/2994
f 1262/3572/3424 939/3573/3425 238/3574/3426 2036/1419/1375 2996/823/799
f 305/258/256 1368/257/255 301/256/254 990/2693/2590
f 637/3553/3406 626/1191/1158 2595/1190/1157 624/1195/1162 3453/3552/3405 1725/3551/3404 619/3550/3403 2610/3549/3402 1719/1740/1690 1742/1739/1689 3451/1738/1688 2602/1737/1687 2601/1736/1686 1743/1735/1685 138/1734/1684 135/3575/1683 1734/3576/1682 2588/1731/1681 1144/1784/1734
f 3342/3009/2894 3345/3008/2893 1548/2846/2737 2436/2845/2736 3319/2191/2111 1599/2190/2110 3318/3561/3413
f 1160/3463/3321 671/3462/3320 2705/3461/3319 677/3460/3318 662/3459/3317 663/3458/3316 2639/3457/3315 664/1592/1544 684/1591/1543 2669/1590/1542 1777/1589/1541 674/1588/1540 1172/1587/1539 2697/1586/1538 2694/1585/1537 2695/1584/1536 1783/1583/1535 2685/1582/1534 3507/1581/1533 1795/1580/1532 160/1579/1531 1807/1578/1530 2652/1577/1529 1161/1576/1528 676/1575/1527 1779/1574/1526 2678/1573/1525 690/1572/1524 1796/1571/1523 3504/1570/1522 1801/1569/1521 696/1568/1520 1167/1567/1519 2663/1566/1518 3484/3577/3427 1770/2222/2139 3515/805/781 1789/804/780 153/803/779 152/810/786 660/809/785 147/3153/3026 1781/3152/3025 3486/3151/3024 3485/3150/3023 2655/3149/3022 668/3578/3428 681/3579/3429 695/3580/3430 2677/3581/3431 2636/3582/3432 2637/3583/3433 2691/3584/3434 2692/3585/3435 691/3586/3436 2688/3587/3437 1170/3588/3438 2689/3589/3439 678/3590/3440 705/3591/3441 670/3592/3442 1158/3593/3443 2638/3594/3444 692/3595/3445 1168/1913/1847 1797/1912/1846 1814/1911/1845 1815/874/850 708/873/849 2649/2869/2760
f 2591/3305/3170 1148/3137/3012 2605/3136/3011 3450/3135/3010
f 2774/3596/3446 772/3597/3447 804/3598/3448 1200/3599/3449 2798/3600/3450 761/3601/3451 2765/3602/3452 2764/3603/3453 779/3604/3454 778/3605/3455 2807/3536/3390 1203/3535/3389 798/1068/1037 1906/1071/1040 3577/1070/1039 2795/1069/1038 2816/3534/3388 3586/3606/3456 2815/3607/3457 809/3608/3458 1913/3609/3459 3585/3610/3460 1892/3611/3461 791/3612/3462 792/3613/3463 1893/3614/3464 1884/3615/3465 3561/3616/3466 2778/3617/3467 759/3618/3468 1201/3619/3469 2781/3620/3470 2762/3621/3471 758/3622/3472 1870/3623/3473 3606/3624/3474 2846/3625/3475 3605/3626/3476 1929/3627/3477 210/3628/3478 211/1441/1396 182/1440/1395 1865/1439/1394 1867/1438/1393 183/1437/1392 184/1436/1391 1866/1435/1390 2797/1434/1389 797/1433/1388 185/1432/1387 757/1431/1386 2782/1481/1436 3565/1480/1435 2829/3629/3479 1205/3630/3480 1196/3631/3481 2785/3632/3482 3552/3633/3483 2768/3634/3484 1189/3635/3485 2767/3636/3486 769/3637/3487 2835/3638/3488 773/3639/3489
f 778/3605/3455 779/3604/3454 1880/3640/3490
f 2836/3641/3491 1193/3642/3492 770/3643/3493 1192/3644/3494 1189/3635/3485 2768/3634/3484 3552/3633/3483 2785/3632/3482 1196/3631/3481 1205/3630/3480 2829/3629/3479 3565/1480/1435 2783/1479/1434 787/1478/1433 187/1477/1432 195/1476/1431 190/3645/3495 1877/3646/3496 3597/3647/3497 1919/3648/3498 1916/3649/3499 3593/3650/3500 3592/3651/3501 2828/3652/3502 794/3653/3503 1898/3654/3504 3572/3655/3505 776/3257/3127 2825/3256/3126 2827/3656/3506 2837/3657/3507
f 178/3658/3508 179/3411/3270 1856/3410/3269 2747/3409/3268 735/3659/3509 2725/3660/3510 736/3661/3511 1175/3662/3512 720/3663/3513 754/2521/2424 2760/2520/2423 1186/2519/2422 727/2563/2465 2715/1842/1781 2716/1841/1780 728/1840/1779 733/3476/3334 1187/3475/3333 2732/3474/3332 743/3664/3514 1849/3665/3515 3530/3666/3516 3529/3667/3517 3528/3668/3518 1838/3669/3519
f 612/3670/3520 587/3671/3521 2579/3672/3522 2550/3673/3523 2547/3674/3524 2541/3675/3525 582/3676/3526 2543/1868/1806 2545/1867/1805 3420/3677/3527 2542/3678/3528 2559/3679/3529 3431/3680/3530 1714/3681/3531 615/3682/3532 2578/3683/3533 3438/3684/3534 1689/3685/3535 591/3686/3536 599/3687/3537 1697/3688/3538 3412/3689/3539 1706/3690/3540 606/3691/3541 2565/3692/3540 1671/3693/3542 124/3694/3543 128/3695/3544 1703/3696/3545 2563/3697/3546 1135/3698/3547 575/3699/3548 122/3700/3549 578/3701/3550 2553/1147/1114 3428/1146/1113 1685/2518/2421 586/1828/1768 1129/1641/1593 2566/1640/1592 604/1639/1591 1130/1638/1590 608/1637/1589 1139/3702/3551 601/3703/3552 2564/3704/3553 2570/3705/3554 1138/3706/3555 2571/3142/3017 3437/3141/3016 1691/3140/3015 1692/3139/3014 3436/3146/3021 1704/3145/3020 610/3144/3019 2572/3707/3556 1140/3708/3557 2573/3709/3558 2540/3710/3559 590/3711/3560 2575/3712/3561 2574/3713/3562
f 723/3714/3563 2719/3715/3564 812/3716/3565 2845/3717/3566 1209/3718/3567 1207/3719/3568 2840/3720/3569 3600/3721/3570 1923/3722/3571 206/3723/3572 205/3724/3573 204/3725/3574 813/1982/1914 1208/1981/1913 2842/82/82 811/3726/81 2730/80/80 3532/3424/3283 2729/3423/3282 732/3422/3281 169/3421/3280 1833/3420/3279 1862/3419/3278 3545/3418/3277 3522/3417/3276 2720/3416/3275 1184/3415/3274 2751/3414/3273 3544/3413/3272 1857/3412/3271 179/3411/3270 178/3658/3508 1838/3669/3519 3528/3668/3518 3529/3667/3517 3530/3666/3516 1840/2974/2861 1839/2973/2860 737/2972/2859 2749/2971/2858 3541/2970/2857 2748/2969/2856 751/2968/2855 181/2967/2854 180/2966/2853 1858/2965/2852 2752/2964/2851 1829/2963/2850 3540/2962/2849 2745/2961/2848 1181/2960/2847 2744/3727/3575 724/3728/3576
f 513/2839/2730 2441/3729/3577 3351/3730/3578 2445/3731/3579 518/2835/2726 2378/2834/2725 459/2833/2724 2384/2832/2723 2385/2863/2754 517/2862/2753 465/2861/2752 1078/2509/2415 484/2313/2229 88/2312/2228 1605/2311/2227 2415/2310/2226 1088/2309/2225 483/2308/2224 1570/2307/2223 1575/2306/2222 3336/3110/2986 1584/3109/2985 492/184/183 2424/2842/2733 469/2841/2732 2388/2840/2731
f 826/2302/2218 1223/2054/1976 1224/2053/1975 2888/2052/1974 840/2370/2281 2863/2369/2280 841/2047/1969 848/2046/1968 2895/2045/1967 1945/2044/1966 3619/2043/1965 3616/2796/2689 3617/2795/2688 2858/2794/2687 830/2793/2686 215/2792/2685 817/1534/1488 2862/1533/1487 1947/1532/1486 1931/584/565 3613/583/564 1932/582/563 816/581/562 1211/580/561 2853/579/560 3612/578/559 3623/1518/1472 1952/1517/1471 1953/1516/1470 3624/1515/1469 3630/1514/1468 2872/1513/1467 2851/1512/1466 3610/1511/1465 2873/1510/1464 1219/1509/1463 2841/1508/1462 3601/1507/1461 1924/1506/1460 208/3732/3580 212/3733/3581 1927/3734/3582 3602/3735/3583 1926/3736/3584 175/3737/3585 1928/3738/3586 3604/83/83 2844/3739/3587 3603/3740/3588 1864/3741/3589 756/3742/1911 833/1978/1910 2883/311/303 2884/310/302 827/3743/3590 1936/3744/3591 3641/3745/3592 1965/3746/3593 847/3747/3594 2874/3748/3595 3632/3749/3596 2875/3750/3597 2866/3751/3598 1951/3752/3599 842/2303/2219
f 466/187/186 1076/186/185 1089/3108/2984 2419/3107/2983 101/3106/2982 511/188/187
f 2175/2161/2083 2172/1686/1636 3138/1685/1635 3161/1684/1634 1405/1683/1633 1404/1682/1632 3164/1681/1631 3165/1680/1630 1386/1679/1629 320/1678/1628
f 1740/3753/3600 137/1961/1893 1732/1965/1897 1736/1964/1896 638/1963/1895 2603/3349/3208
f 762/3434/3293 2822/3433/3292 781/3157/3030 795/3156/3029 2821/3265/3135 1915/3264/3134 196/3263/3133 1899/3262/3132 3573/3261/3131 2769/3260/3130
f 334/527/508 1419/526/507 33/3754/3601 1411/3032/2911 1410/3031/2910 2158/3030/2905 1017/3029/2905 2199/3028/2909 1426/3027/2908 31/3026/2907 1432/3025/2906 3186/3024/2905 2232/2173/2093 1027/2172/2092 2231/2171/2091 3187/2170/2090 1427/2169/2089 1428/2168/2088 3142/2167/2087 2180/2166/2086
f 139/3134/3009 143/3133/3008 1746/3132/3007 2609/3131/3006 2608/3130/3005 3456/3129/3004 1745/3128/3003 136/3127/1894 137/3755/1893 1740/3753/3600 2603/3349/3208 2611/3348/3207 646/3376/3235 2612/3375/3234 1151/2750/2644 1735/2755/2649 2614/2754/2648 630/3374/3233 643/3373/3232 647/3372/3231 635/3371/3230 2598/3370/3229 652/75/75 653/74/74 2617/73/73 1753/72/72 1754/71/71 3460/70/70 1747/69/69 629/68/68 2590/3126/3002 632/3369/3228 654/3368/3227 2594/3367/3226 2593/3366/3225 621/3365/3224 1146/1756/1706 2589/1755/1705 3448/1754/1704 1758/1753/1703 146/1752/1702 144/1751/1701 1751/1750/1700 1744/1749/1699 142/1748/1698 140/1747/1697 1738/2013/1935 3461/2012/1934 2621/2011/1933 639/2010/1932 1737/2009/1931
f 570/2436/2342 2455/2338/2251 3363/2341/2252 1619/2340/773 520/796/772 2535/802/778 3407/801/777 1610/421/406 3357/420/405 1611/419/404 118/418/403 2491/3756/3602 3381/3757/3603 3372/3758/3604 3373/3759/3605 2514/3760/3606 1621/3761/3607 559/1371/1328 526/1370/1327 2456/1226/1191 1110/1229/1194 1117/2437/2343
f 403/374/360 1477/373/359 60/1998/1926 81/623/604 453/622/603
f 953/2688/2586 954/2687/2585 959/2686/2584 982/2685/2583 3045/2684/2582 964/2683/2581 3017/2682/2580 3032/2681/2579 956/2680/2578 955/2679/2577 3044/2678/2576 969/1026/995 250/1025/994 2068/1024/993 3750/1023/992 3043/1022/991 975/1021/990 1271/1020/989 3027/1019/988 3741/1018/987 2051/1017/986 247/1016/985 2050/1015/984 3740/1014/983 2061/1013/982 974/1012/981 3026/1011/980 3739/1010/979 2062/1009/978 2063/1008/977 3749/1007/976 2064/1006/975 967/1005/974 3041/2653/2553 3042/2652/2552 952/2651/2551 3009/2650/2550 3010/2649/2549 3031/2435/2341 3746/2434/2340 3751/2433/2339 3046/2432/2338 962/2648/2548 3016/2647/2547 963/2646/2546 1269/2645/2545
f 2196/2159/2081 2195/989/959 3153/993/963 3154/2995/2880
f 361/248/246 1443/247/245 3227/246/244 1435/1822/1680 3192/1825/1765 1438/1824/1764 355/616/597 1029/615/596 2241/614/595 2243/613/594
f 1827/3492/3349 3535/3491/3348 1828/3762/3608 2719/3715/3564 723/3714/3563 724/3728/3576 2744/3727/3575 1181/2960/2847 744/3392/3251 168/3391/3250 1830/3763/3609
f 461/3120/2996 2414/3119/2995 3326/3569/3421 1549/3568/3420 1550/3567/3419 3325/3566/3418 1569/3565/3417 82/3564/3416 456/1931/1863 1543/1930/1862 1585/3764/3610 493/3765/3611 2373/2884/2771 3293/2883/2770 1589/2882/2770 98/2881/2770 1562/2880/2770 3315/2879/2769 1590/2878/2768 1597/2877/2767 3317/2876/2766 2403/2469/2375 2418/2468/2374 3330/2467/2373 2404/2466/2372 476/207/206 2426/206/205 2425/205/204 1091/204/203 480/203/202 2376/202/201 2393/3138/3013 2392/3543/3397 1077/3542/3396
f 2352/1266/1231 1065/1265/1230 2351/1264/1229 2340/1263/1228 428/1262/1227 2354/1261/1226 1067/1260/1225 443/1259/1224 410/1258/1223 1056/1257/1222 1492/329/321 3249/328/320 1534/327/319 1515/2072/1994 3244/2071/1993 3264/2070/1992 2342/2069/1991 1062/2068/1990 2343/2067/1989 3265/2066/1988 1502/2065/1987 66/2064/1986 451/2063/1985 2337/2062/1984 3261/2061/1983 3262/2060/1982 1538/2059/1981 1540/2058/1980 3237/2057/1979 2316/2400/2310 452/1275/1240 2363/1274/1239 414/1273/1238 430/1272/1237 2306/1271/1236 1048/1270/1235 411/1269/1234 447/1268/1233 416/1267/1232
f 398/3766/3612 2248/1166/1133 360/2/2 1444/1/1 3224/761/740 3201/1300/1261 2263/1299/1260
f 1429/2100/2022 3181/1968/1900 1394/1967/1899 329/1670/1620 2156/1669/1619 3133/1668/1618 3149/1667/1617 2190/1666/1616 1013/1665/1615 2189/1664/1614 3134/1663/1613 1416/3547/3401 38/2101/2023
f 618/1072/1041 623/925/899 2623/924/898 3468/923/897 1727/922/896 622/3304/3169 3470/107/107 1760/106/106 3471/1074/1043 2625/1073/1042
f 763/2997/2882 785/2996/2881 2779/3007/2892 3575/3767/3613 1903/3768/3614 1902/3197/3068 1901/3196/3067
f 2492/2438/2344 2477/1228/1193 3374/1227/1192 1624/1369/1326 1625/1368/1325 1647/1367/1324 2495/1366/1323 1118/1365/1322 1640/1364/1321 1639/1363/1320 3379/1362/1319 3380/1361/1318 3358/1360/1317 1626/3769/3615 1653/3062/2941 2454/3061/2940 1099/3060/2939 2489/3059/2938 1652/3058/2937 111/3057/2936 110/3056/2935 1627/3055/2934 2476/3054/2933 545/3053/2932 1635/3052/2931 3386/3051/2930 3365/3050/2929 3370/3480/3338 3369/3479/3337 3384/2994/2879 3383/2692/2589 3404/1900/1836 1634/3770/1835 544/3771/1834 543/1897/1833 1633/1896/1832 1632/3772/1831 119/3773/1830 1664/1893/1829
f 827/3743/3590 2884/310/302 3640/313/305 3614/2297/2213 2857/2296/2212
f 2033/3184/3057 3715/2616/2517 3709/2615/2516 2037/2614/2515 241/2613/2514 240/3774/3616 239/3775/3617 939/3573/3425 1262/3572/3424 2995/3776/3618 936/958/930 1230/957/929 220/3777/2715 885/2831/2722 2923/2830/2721 3654/1816/1758 2913/1703/1653 1233/1702/1652 2912/1701/1651 3655/1700/1650 1976/1699/1649 1985/1698/1648 3661/1718/1668 1986/1717/1667 886/1716/1666 2924/1715/1665 3662/1714/1664 3663/1713/1663 1987/1712/1662 1989/1711/1661 2931/1710/1660 1238/1328/1289 863/1327/1288 2932/1326/1287 1977/3778/3619 878/1325/1286 864/1324/1285 1232/1323/1284 937/1322/1283
f 128/3695/3544 1702/3779/3620 3435/3780/3621 3434/3781/3622 1687/3782/3623 123/3783/3624 1684/1922/1856 2556/1921/1855 1680/1920/1854 1682/1148/1115 2553/1147/1114 578/3701/3550 122/3700/3549 575/3699/3548 1135/3698/3547 2563/3697/3546 1703/3696/3545
f 1917/3245/3115 197/3244/3114 1888/3243/3113 1876/3784/3625 774/3785/3626 2766/3786/3627 3551/3787/3628 2767/3636/3486 1189/3635/3485 1192/3644/3494 770/3643/3493 1193/3642/3492 2836/3641/3491 2837/3657/3507 2827/3656/3506 2825/3256/3126 3591/3255/3125 2826/3254/3124 2824/3253/3123 3590/3252/3122 2823/3251/3121 2838/3250/3120 3598/3249/3119 2839/3248/3118 810/3247/3117 1920/3246/3116
f 2124/3478/3336 274/3477/3335 2111/3281/3148 3098/3280/3147 1335/3279/3146 1328/3278/3145 1353/3277/3144 19/3276/3143 1370/3275/3142 3126/3274/3141 2097/3273/3140 988/3272/3139 2096/3271/3138 3092/3270/3137 1324/3269/2209 1330/177/176 2107/179/178
f 409/129/129 2311/2487/2393 407/2805/2697 2372/2251/2167 3292/2250/2166 1484/130/130
f 475/2323/2238 1561/2322/2237 3314/2887/2774 1588/2886/2773 496/2885/2772 2373/2884/2771 493/3765/3611 1585/3764/3610 1543/1930/1862 85/1929/1861 1544/2590/2492 3323/2589/2491 2410/2588/2490 1074/2587/2489 2375/2586/2488 2401/2328/2243 1082/2327/2242 2400/2326/2241 3313/2325/2240 2399/2324/2239
f 1594/1557/1509 2427/1562/1514 498/2576/2478 2381/2575/2477 1086/1157/1124 2411/2209/2126 1587/2208/2125 2420/2207/2124 494/2206/2123 1586/2205/2122 3338/2204/2121 1576/2203/2120 486/2202/2119 3337/2201/2118 3303/2200/2117 1593/2199/2116 497/2198/2115 2386/2197/2114 3321/2196/2113 2407/2195/2112 1084/2194/2112 2408/2193/2112 3320/2192/2112 3319/2191/2111 2436/2845/2736 3346/2844/2735 1559/2843/2734 473/201/200 500/200/199 1595/199/198 490/198/197 3302/197/196 1555/196/195 467/195/194 2435/1558/1510
f 2844/3739/3587 1208/1981/1913 2843/1980/1912 3603/3740/3588
f 2843/1980/1912 756/1979/1911 1864/3788/3589 3603/3740/3588
f 2842/82/82 1208/1981/1913 2844/3739/3587 3604/83/83
f 2846/3625/3475 1209/3718/3567 2845/3717/3566 3605/3626/3476
f 2845/3717/3566 812/3716/3565 1921/3789/3629 3605/3626/3476
f 1870/3623/3473 758/3790/3472 2847/3791/3630 3606/3624/3474
f 2847/3791/3630 1209/3718/3567 2846/3625/3475 3606/3624/3474
f 3253/446/429 3254/445/427 1522/444/427 437/443/428 2314/442/427 3235/441/426 2315/440/425 436/439/424 1521/438/423 3238/437/422 3269/436/421 427/435/420 1507/434/419 3270/433/418 1518/432/417 432/431/416 2339/430/415 3257/429/414 2333/428/413 1058/395/380 424/133/133 1497/132/132 3239/131/131 1484/130/130 61/795/771 1528/794/770 1525/562/543 1513/561/542 2355/560/541 1068/559/540 2356/558/539 3276/447/430
f 2850/1499/1454 1210/1988/1920 2849/1501/1456 3607/1500/1455
f 2848/1497/1452 1210/1988/1920 2850/1499/1454 3608/1498/1453
f 17/3016/117 268/3326/116 2153/1171/1138 1372/1170/1137
f 1675/1887/1825 1674/1626/1578 126/1625/1577 1699/1888/1826
f 6/1556/1149 1304/2337/1148 3075/2336/2250 1303/2335/2249 258/1418/1374 984/1417/1373
f 1621/3761/3607 2514/3760/3606 3373/3759/3605 3372/3758/3604 3381/3757/3603 2491/3756/3602 118/418/403 1663/417/402 3403/416/401 3402/415/400 3378/2749/2643 2488/2748/2642 558/2747/2641 3397/3504/3360 2516/3503/3359 1124/3502/3358 2517/3501/3357 2519/1373/1330 2518/1372/1329 559/1371/1328
f 3290/626/607 1073/1150/1117 2372/2251/2167 407/2805/2697 405/3792/2696 2369/2803/2695 3289/2802/2694 2370/621/602
f 2584/1484/1439 1142/2116/2038 2582/3336/3195 3441/1236/1201 2583/1235/1200 3442/3500/3356
f 695/3580/3430 681/3579/3429 668/3578/3428 2655/3149/3022 2667/2377/2287 3492/906/880 1772/905/879 1785/904/878 1800/903/877 2676/2777/2670 1773/2776/2669 3477/3793/3631 2636/3582/3432 2677/3581/3431
f 590/3711/3560 2540/3710/3559 2573/3709/3558 1140/3708/3557 2572/3707/3556 610/3144/3019 596/3143/3018 2571/3142/3017 1138/3706/3555 2564/3704/3553 601/3703/3552 1139/3702/3551 608/1637/1589 1709/1636/1588 125/1635/1587 1708/1634/1586 3423/1633/1585 1679/1632/1584 581/1631/1583 577/1630/1582 129/1629/1581 1707/1628/1580 3411/1627/1579 1674/1626/1578 1675/1887/1825 579/1886/1824 2536/1885/1823 1705/1884/1822 603/1883/1821 1133/1882/1820 2558/1881/1819 3430/1880/1818 1696/1879/1817 131/1878/1816 1710/1877/1815 3426/1876/1814 1688/1875/1813 132/1874/1812 1713/1873/1811 2577/1872/1810 1141/1871/1809 2544/1870/1808 3419/1869/1807 2543/1868/1806 582/3676/3526 2541/3675/3525 2547/3674/3524 2550/3673/3523 2579/3672/3522 587/3671/3521 612/3670/3520 2574/3713/3562 2575/3712/3561
f 2925/2378/2288 2902/3794/3632 2900/3795/3633 3650/3796/3634 2901/3797/3635 1967/3798/3636 3648/3799/3637 3647/3800/3638 1966/3801/3639 855/1060/1029 3657/1059/1028 1971/1058/1027 222/1057/1026 1969/1056/1025 3666/126/126 1980/125/125 2905/128/128 1231/1055/1024 2903/1720/1670 860/1719/1669 866/1383/1340 2906/1382/1339 867/2380/2290 2935/2379/2289
f 105/457/407 1610/3802/406 3407/801/777 3408/800/776 1668/458/439
f 1761/3803/2877 3472/919/893 1762/918/892 658/917/891 1156/916/890 2630/628/609 661/627/608
f 1813/2865/2756 154/2864/2755 3503/2871/2762 1776/2870/2761 673/1914/1848 1168/1913/1847 692/3595/3445 2638/3594/3444 1158/3593/3443 670/3592/3442 705/3591/3441 678/3590/3440 2689/3589/3439 1170/3588/3438 2688/3587/3437 691/3586/3436 2692/3585/3435 2691/3584/3434 2637/3583/3433 2636/3582/3432 3477/3793/3631 1773/2776/2669 685/2780/2673 701/3469/3327 1806/3468/3326 2684/3467/3325 686/3466/3324 161/3465/3323 151/3464/3322
f 2284/715/696 390/714/695 389/713/694 2283/2118/2040 373/2117/2039 2255/2127/2049 2256/2126/2048 393/119/119 52/721/702 1456/720/701 48/719/700 1462/718/699 3218/717/698 3219/716/697
f 33/3754/3601 1419/526/507 1422/525/506 1374/2429/2337 3146/2428/2336 2187/2427/2335 1012/2426/2334 2188/2425/2334 3147/2424/2334 3145/2423/2333 1413/2422/2332 3175/2421/2331 2210/2420/2330 2209/2102/2024 326/1960/1892 1011/1959/1891 346/1958/1890 2162/1957/1889 2214/1956/1888 1021/1955/1887 2215/1954/1886 336/1953/1885 2212/1952/1884 1020/1951/1883 2213/1950/1882 324/1949/1881 347/1948/1880 2221/1947/1879 316/1946/1878 1407/3038/2917 3168/3037/2916 2200/3036/2915 322/3035/2914 310/3034/2913 2155/3033/2912 1411/3032/2911
f 1761/3803/2877 148/3804/665 1764/687/668 165/29/29 1818/33/33 3513/32/32 2702/876/852 2626/920/894 3472/919/893
f 1775/3554/3407 3481/3560/3412 2654/3559/3411 2664/3456/3314 697/3455/3313 1780/3454/3312 3500/3453/3311 3499/3452/3310 1774/3805/3408
f 2313/3340/3199 454/3339/3198 412/3338/3197 1053/3337/3196 2316/2400/2310 3237/2057/1979 425/2056/1978 72/2055/1977 73/3325/3189 3268/3324/3188 1517/3323/3187 431/3175/3048 2347/3174/3047 415/3345/3204 2317/3344/3203 450/2211/2128 2362/2210/2127 3287/2775/2668 2365/2216/2133 455/2215/2132 2307/3343/3202 406/3342/3201 2312/3341/3200
f 871/1051/1020 2909/1050/1019 870/1049/1018 862/1048/1017 2904/1047/1016 861/1046/1015 2933/3806/3640 876/1830/1770 2914/1829/1769 2929/1707/1657 1993/1706/1656 223/1705/1655 1968/1704/1654 3649/2392/2302 2899/2391/2301 879/2390/2300 225/2389/2299 1239/1052/1021
f 3021/660/641 2065/2741/2635 3748/2740/2634 3036/1001/970 979/1000/969 1272/1430/1385 978/1429/1384 1266/666/647 948/665/646 1270/662/643 965/661/642
f 314/355/343 2229/3117/2993 2230/3116/2992 3184/3115/2991 1395/3114/2990 35/3113/2989 1396/3112/2988 3151/3111/2987 3153/993/963 1381/2003/962 3188/2002/1929 2235/356/344
f 2911/1820/1762 2928/1819/1761 2927/1818/1760 2922/1817/1759 884/946/918 1984/945/917 3660/944/916 2920/943/914 1235/942/914 2921/941/915 3659/940/914 1983/939/913 226/938/912 2910/937/911 874/936/910 1975/935/909 3653/934/908 1974/933/907 219/1061/1030 855/1060/1029 1966/3801/3639 3647/3800/3638 3648/3799/3637 1967/3798/3636 2901/3797/3635 3650/3796/3634 2900/3795/3633 2902/3794/3632 2925/2378/2288 1237/2395/2305 859/2394/2304 1229/2393/2303 875/1815/1757
f 926/3097/2975 2010/2572/2474 2958/2571/2473 1250/2570/2472 923/2569/2471 2011/2568/2470 3669/2567/2469 3670/2566/2468 2941/2286/2202 901/857/833 2940/856/832 907/855/831 1247/854/830 911/3481/3339 2001/3807/3641 3675/3808/3642 3705/3809/3643 1999/3810/3644 2939/3811/3645 1243/849/825 899/848/824 2005/2144/2066 3693/2143/2065 2018/2142/2064 3686/2141/2063 2968/2140/2062 928/2139/2061 927/2138/2060 2980/2137/2059 2004/2136/2058 914/2135/2057 2985/2134/2056 3699/2133/2055 3677/2132/2054 2008/2131/2053 919/2130/2052 2961/2129/2051 3679/2128/2050 2956/827/803 897/826/802 1249/825/801 2957/1358/1316 3668/1357/1315 1998/3812/1314 895/3813/1313 1252/1354/1313 2962/1353/1313 3680/1352/1313 2963/1351/1312 912/1350/1311 230/1349/1310 2013/1348/1309 3681/1347/1308 2964/1346/1307 1253/1345/1306 2965/1344/1305 2014/1343/1304 943/1342/1303 3005/1341/1302 3719/1340/1301 3724/1339/1300 2043/1338/1299 945/1337/1298 946/3076/2955 2044/3075/2954 3725/3074/2953 1994/3073/2952 891/3072/2951 1240/3071/2950 2936/3070/2949 3676/3069/2948 2954/3068/2947 1248/3067/2946 2955/3066/2945 1995/3065/2944 892/3105/2981 2937/3104/2980 3667/3103/2979 2938/3102/2979 1241/3101/2979 893/3100/2978 1996/3099/2977 2967/3098/2976
f 861/1046/1015 1982/1045/1014 3665/1044/1013 2934/1043/1012 881/1042/1011 876/1830/1770 2933/3806/3640
f 2979/3814/3646 1256/3046/2925 2978/3045/2924 917/3044/2923 918/3043/2922 2992/3042/2921 2942/2253/2169 2944/2252/2168 3672/2565/2467 2945/3096/2974 2966/3095/2973 3683/3094/2972 3682/3093/2971 2015/3092/2970 231/3091/2969 935/3090/2968 3704/3089/2967 2030/3088/2966 232/3087/2965 2022/3086/2964 2970/3085/2963 1254/3084/2962 2971/3083/2961 3688/3082/2960 2023/3081/2959 930/2271/2187 2969/2270/2186 3687/3815/3647
f 878/1325/1286 1977/3778/3619 2932/1326/1287
f 1270/662/643 948/665/646 972/664/645 3734/663/644
f 772/3597/3447 2774/3596/3446 773/3639/3489 2835/3638/3488
f 2508/1808/1750 1114/3064/2943 2486/3063/2942 1653/3062/2941 1626/3769/3615 3358/1360/1317 540/1374/1331 1113/3525/3381 562/3524/3380 2457/3523/3379 2523/3522/3378 1126/3521/3377 2524/3520/3376 553/3519/3375 2521/3518/3374 1125/3517/3373 2522/3516/3372 538/3515/3371 563/3514/3370 2528/3513/3369 527/2079/2001 1648/2078/2000 2505/2077/1999 1120/2076/1998 556/2075/1997 555/2074/1996 534/3512/3368 1128/3511/3367 2531/3510/3366 569/3509/3365 1661/3541/3395 1108/3508/3364 2473/3507/3363 529/3506/3362 572/3505/3361 2478/3306/3171 2467/3320/3185 1121/3319/3184 2506/1813/1755 1637/1812/1754 547/1811/1753 2513/1810/1752 3395/1809/1751
f 1849/3665/3515 743/3664/3514 2732/3474/3332 1848/3473/3331 3534/3472/3330 3536/3471/3329 2735/3470/3328 2714/2561/2463 726/2560/2462 1185/2982/2869 1845/2981/2868 3549/2980/2867 1863/2979/2866 1854/2978/2865 1846/2977/2864 177/2976/2863 2755/2975/2862 1840/2974/2861 3530/3666/3516
f 2441/3729/3577 513/2839/2730 2447/2838/2729 3352/2837/2728 1608/2836/2727 518/2835/2726 2445/3731/3579 2446/3816/3648
f 290/3294/3159 22/3293/3158 1360/3292/3157 2128/3291/3156 2129/3290/3155 3113/3289/3154 3114/3288/3154 1342/3287/3154 1347/3286/3153 3097/3285/3152 3096/3284/3151 1349/3283/3150 1337/1379/1336 3123/2629/2529 3103/2628/2528 1345/2627/2527 26/2626/2526 25/276/271 1322/275/270 1357/350/338 3085/349/337 3104/110/110 1350/109/109 20/108/108 1351/3300/3165 1358/3299/3164 1359/3298/3163 3089/3297/3162 3091/3296/3161 2095/3295/3160
f 2251/690/671 368/689/670 46/3817/669 1449/3528/3382 362/1298/1259 371/1297/1258 2253/692/673 3197/691/672
f 1200/3599/3449 804/3598/3448 772/3597/3447 2835/3638/3488 769/3637/3487 2767/3636/3486 3551/3787/3628 2766/3786/3627 774/3785/3626 1876/3784/3625 1888/3243/3113 3594/3242/3112 2830/3241/3111 1206/3240/3110 2831/3239/3109 1889/3818/3649 788/3819/3650 2832/3820/3651 3595/3821/3652 2833/3822/3653 2834/3823/3654 3596/3824/3655 1918/3825/3656 198/3826/3657
f 1138/3706/3555 2570/3705/3554 2564/3704/3553
f 760/3827/3658 2778/3617/3467 3561/3616/3466 1884/3615/3465 1893/3614/3464 792/3613/3463 791/3612/3462 1892/3611/3461 3585/3610/3460 1913/3828/3459 809/3829/3458 2815/3607/3457 3586/3606/3456 2816/3534/3388 2814/3533/3387 2763/3532/3386
f 1764/687/668 2627/575/556 709/574/555 1817/30/30 165/29/29
f 847/3747/3594 1965/3746/3593 3641/3745/3592 1936/3744/3591 827/3743/3590 2857/2296/2212 828/2295/2211 2885/2294/2210 2865/2304/2220 842/2303/2219 1951/3752/3599 2866/3751/3598 2875/3750/3597 3632/3749/3596 2874/3748/3595
f 2704/2219/2136 667/2218/2135 1771/571/552 1820/570/551 3480/569/550 2647/2220/2137
f 2773/1722/1672 2818/1728/1678 3587/3830/3659 1895/3831/3660 188/3832/3661 1871/3833/3662
f 2918/2828/2719 3658/2827/2718 2919/2826/2717 882/2825/2716 1228/2146/2068 856/2145/2067 877/951/923 2915/950/922 873/2829/2720
f 327/502/483 1022/501/482 1423/1690/1640 3148/1689/1639 3176/1688/1638 2211/503/484
f 1052/2000/1928 2321/1999/1927 2322/547/528 3242/550/531 1488/775/754 1483/982/954 408/981/953
f 2451/2026/1948 1095/3571/3423 2444/3570/3422 3355/2027/1949
f 921/635/616 2975/634/615 3690/2282/2198 2974/2281/2197 2025/2280/2196 2988/2279/2195 3702/2278/2194 3703/2277/2193 2000/2276/2192 903/2275/2191 2990/639/620 1259/638/619 2989/637/618 922/636/617
f 2719/3715/3564 1828/3762/3608 3535/3491/3348 1850/3490/3347 173/3489/3346 1843/3488/3345 1825/3487/3344 166/3486/3344 174/3485/3343 1844/3484/3342 3531/3483/3341 2728/3498/3355 714/3497/3354 1823/3496/3353 2709/3495/3352 1174/3494/3351 1824/3493/3350 1827/3492/3349 1830/3763/3609 168/3391/3250 1831/3390/3249 2740/3389/3248 3537/3388/3247 2739/3387/3246 753/3386/3245 1859/3385/3244 2741/3384/3243 2750/3383/3242 3542/3382/3241 3543/3381/3240 1841/2544/2446 3524/2543/2445 2722/2542/2444 2723/2541/2443 3525/2540/2442 1835/2539/2441 734/2538/2440 1836/3834/3663 3526/3835/3664 1842/3836/3665 213/3837/3666 210/3628/3478 1929/3627/3477 3605/3626/3476 1921/3838/3629 812/3839/3565
f 72/2055/1977 1489/322/314 3245/321/313 3263/320/312 1511/319/311 1479/318/310 76/412/397 73/3325/3189
f 2160/354/342 1026/2153/2075 1016/1837/1776 2194/1836/1775 2229/3117/2993 314/3840/343
f 3414/1230/1195 3441/1236/1201 2582/3336/3195 3440/172/171 3413/171/170 2537/170/169
f 507/1559/1511 2435/1558/1510 508/2581/2483 1602/2580/2482 3331/2579/2481 1601/3841/2480 506/3842/2479 1085/1560/1512
f 2450/2818/2709 516/2817/2708 104/1928/1860 84/1992/1859 1609/1991/1922 3354/1990/1921
f 1137/1851/1789 2568/1850/1788 605/152/152 1136/151/151 598/150/150 1694/2744/2638 1684/1922/1856 123/3783/3624 1687/3782/3623 3434/3781/3622 3435/3780/3621 1702/3779/3620 128/3695/3544 124/3694/3543 1671/3693/3542 2565/3692/3540 606/3691/3541 1706/3690/3540 3412/3689/3539 1697/3688/3538 599/3687/3537 591/3686/3536 1689/3685/3535 3438/3684/3534 2578/3683/3533 615/3682/3532 1714/3681/3531 3431/3680/3530 2559/3679/3529 2542/3678/3528 3420/3677/3527 2545/1867/1805 2548/1866/1804 593/1865/1803 2549/1864/1802 592/1863/1801 588/1862/1800 130/3301/3166 611/1861/1799 2551/1860/1798 597/1859/1797 607/1858/1796 602/1857/1795 589/1856/1794 609/1855/1793 2552/1854/1792 1131/1853/1791 2569/1852/1790
f 3599/1987/1919 1922/1986/1918 201/1985/1917 206/3723/3572 1923/3722/3571 3600/3721/3570 2840/3720/3569 1207/3719/3568 1209/3718/3567 2847/3791/3630 758/3622/3472 2762/3621/3471 2781/3620/3470 1201/3619/3469 759/3618/3468 2778/3617/3467 760/3827/3658 2763/3532/3386 3550/3531/3385 1905/3530/3384 2808/3529/3383 3581/3540/3394 2809/3539/3393 2806/3538/3392 3580/3537/3391 2807/3536/3390 778/3605/3455 1880/3640/3490 779/3604/3454 2764/3603/3453 2765/3602/3452 761/3601/3451 2798/3600/3450 1200/3599/3449 198/3826/3657 1918/3825/3656 3596/3824/3655 2834/3823/3654 2833/3822/3653 3595/3821/3652 2832/3820/3651 788/3819/3650 1889/3818/3649 2831/3239/3109 2799/3238/3108 805/3237/3107 199/2499/2405 2794/2508/2414 2811/2507/2413 2810/2506/2412 3582/2505/2411 1907/2504/2410 808/2503/2409 1204/3236/3106 2817/3235/3105 1914/3234/3104 200/3233/3103 193/3232/3102 1885/3231/3101 3562/3230/3100 1868/3226/3097 3568/3225/3096 2786/3224/3095 1197/3223/3094 789/3222/3093 1890/3221/3092 3567/3220/3091 1891/3219/3090 790/3218/3089 2793/3217/3088 3576/3216/3087 3555/3215/3086 3559/3214/3085 2776/3213/3084 771/1503/1458 768/3843/1457 2849/1501/1456
f 1940/2363/2274 3615/2362/2273 1939/2361/2272 1933/2360/2271 3626/2359/2270 1956/480/461 1955/479/460 2869/478/459 1218/477/458 1957/476/457 3627/475/456 2870/474/455 844/473/454 2890/472/453 3645/471/452 2892/470/451 823/2791/2684 2856/2790/2683 824/2789/2682 2881/2788/2681 3638/3563/3415 1943/3562/3414 834/2787/2680 2859/2786/2679 835/2785/2678 2861/2784/2677 1214/2783/2676 2860/2782/2675 854/2781/2674 1226/2032/1954 837/2031/1953 836/2050/1972 825/2049/1971 2894/2048/1970 841/2047/1969 849/2368/2279 2893/2367/2278 1958/2366/2277 3628/2365/2276 1941/2364/2275
f 1306/3844/1143 259/2006/1440 1/1201/1166 2073/1789/1736 2074/3194/3065 263/3193/3064 1310/3845/1144
f 1376/1969/1901 3181/1968/1900 1429/2100/2022 3182/2099/2021 2227/2098/2020 352/2097/2019 1430/2096/2018 40/2157/2079 1375/2156/2078 3131/2155/2077 1373/2154/2076 29/3846/2876
f 3470/107/107 622/3304/3169 1723/3847/1939 617/3147/1938 3469/2014/1936 2624/102/102
f 2969/2270/2186 2977/2269/2185 1256/3046/2925 2979/3814/3646 3687/3815/3647
f 1716/3848/958 1715/3849/1044 3471/1074/1043 1760/106/106 133/105/105
f 2508/1808/1750 2482/1807/1749 1656/1806/1746 564/1805/1746 2483/1804/1748 3368/1803/1746 2470/1802/1746 2469/1801/1747 3367/1800/1746 1650/1799/1745 109/1798/1744 120/1797/1743 1667/3318/3183 2496/3317/3182 1119/3316/3181 551/3315/3180 1644/3314/3179 3371/3313/3178 1645/3312/3177 552/3311/3176 2503/3310/3175 3393/3309/3174 2471/1096/1063 536/1095/1062 568/1094/1061 2474/1093/1060 535/1092/1059 557/1091/1058 2462/1090/1057 2461/1089/1056 530/1143/1110 114/2491/2397 1646/2498/2404 3399/2497/2403 2529/2496/2402 565/2495/2401 566/2494/2400 2504/2493/2399 2485/1135/1102 1112/1134/1101 2484/1133/1100 539/1132/1099 561/1131/1098 2509/1130/1097 1122/1129/1096 554/1128/1095 2526/1127/1094 2525/1126/1093 1103/1125/1092 2463/1124/1091 531/1123/1090 2527/1122/1089
f 911/3481/3339 910/3482/3340 931/851/827 900/850/826 1243/849/825 2939/3811/3645 1999/3810/3644 3705/3809/3643 3675/3808/3642 2001/3807/3641
f 2646/2221/2138 2647/2220/2137 3480/569/550 2645/568/549 2634/567/548 3475/566/547 1765/686/667 665/3850/3667
f 3292/2250/2166 3291/1838/1777 2364/240/238 2335/239/237 1483/982/954 58/773/752 61/795/771 1484/130/130
f 2997/961/933 1262/3572/3424 2996/823/799 3711/822/798
f 2032/959/931 936/3851/930 2995/3776/3618 3712/960/932
f 2995/3776/3618 1262/3572/3424 2997/961/933 3712/960/932
f 2999/1319/1280 1263/2618/2519 2998/1321/1282 3713/1320/1281
f 321/14/14 1005/2186/2106 2234/2185/2105 2179/2184/2104 2174/2183/2103 2166/2182/2102 2165/3023/2904 3136/3852/3668 3137/3853/3669 3158/3854/3670 2201/3855/3671 332/3856/3672 1400/3857/3673 3185/3858/3674 1431/3859/3675 1433/15/15
f 3000/869/845 1263/2618/2519 2999/1319/1280 3714/1318/1279
f 3004/676/657 1264/2610/2511 3003/678/659 3716/677/658
f 3002/674/655 1264/2610/2511 3004/676/657 3717/675/656
f 2707/1595/1547 3518/2917/2804 2698/1598/1550 2699/1597/1549 2708/1596/1548
f 1165/3558/3410 2663/1566/1518 2679/1624/1576 1169/1623/1575
f 2254/608/589 3198/1317/1278 1447/1316/1277 2261/610/591 1038/609/590
f 189/3431/3290 1897/3430/3289 3571/3429/3288 2789/3428/3287 1199/3427/3286 2771/3426/3285 3553/3425/3284 2770/3259/3129 775/3258/3128 776/3257/3127 3572/3655/3505 1898/3654/3504 794/3653/3503 2828/3652/3502 3592/3651/3501 3593/3650/3500 1916/3649/3499 1919/3648/3498 3597/3647/3497 1877/3646/3496 190/3645/3495 195/1476/1431 1887/1475/1430 3566/1474/1429 2784/1473/1428 782/1472/1427 1883/1471/1426 802/1470/1425 1909/1469/1424 803/1468/1423 2819/1467/1422 3557/1466/1421 3589/1465/1420 1886/1464/1419 2805/1463/1418 1879/1462/1417 777/1461/1416 2802/1460/1415 3579/1459/1414 2801/1458/1413 807/1457/1412 1878/1456/1411 3569/1455/1410 2787/1454/1409 1198/1453/1408 2788/1452/1407 3564/1451/1406 1872/1450/1405 1874/1449/1404 771/1503/1458 2776/3213/3084 766/3212/3083 767/3211/3082 786/3210/3081 764/3860/3676 1191/3861/3677 765/3862/3678 2804/3863/3679 784/3864/3680 1195/3006/2891 2780/3005/2890 3563/3004/2889 3570/3003/2888 1894/3002/2887 793/3001/2886 2820/3000/2885 3588/2999/2884 1896/2998/2883 763/2997/2882 2772/3195/3066 1190/1723/1673 2773/1722/1672 1871/3865/3662 188/3866/3661 1895/3831/3660 3587/3830/3659 2818/1728/1678 800/1727/1677 2796/3266/3136 801/552/533 2813/551/532 780/3160/3033 1194/3159/3032 2777/3158/3031 781/3157/3030 192/3432/3291
f 2648/3302/3167 667/2218/2135 1770/2222/2139 3484/3577/3427 2663/1566/1518 1165/3558/3410 2653/3557/3409
f 2792/3209/3080 796/3208/3079 1904/3207/3078 3578/3206/3077 1910/3205/3076 806/3204/3075 2800/3203/3074 3558/3202/3073 2775/3201/3072 1202/3200/3071 2803/3199/3070 194/3198/3069 1902/3197/3068 1903/3768/3614 3575/3767/3613 2779/3007/2892 1195/3006/2891 784/3864/3680 2804/3863/3679 765/3862/3678 1191/3861/3677 764/3860/3676 786/3210/3081
f 457/2591/2493 1544/2590/2492 85/1929/1861 104/1928/1860 516/2817/2708
f 1765/3867/667 1821/685/666 661/2992/608 666/629/610 1769/807/783 3479/806/782 2646/2221/2138 665/3850/3667
f 3356/1909/1843 3355/2027/1949 2444/3570/3422 2413/3121/2997 1551/1565/1517 83/219/217 86/218/216 1552/1910/1844
f 866/1383/1340 3651/1721/1671 2903/1720/1670 1231/1055/1024 872/1054/1023 889/1053/1022 1239/1052/1021 225/2389/2299 1981/2388/2298 2917/2387/2297 880/2386/2296 1973/2385/2295 869/2384/2294 2908/2383/2293 3652/2382/2292 1970/2381/2291 868/1380/1337
f 1292/1196/1163 1307/1202/1167 260/1488/1443 7/1487/1442 8/3868/2665
f 2445/3731/3579 3351/3730/3578 2441/3729/3577 2446/3816/3648
f 1179/93/93 748/92/92 2721/91/91 3523/90/90 1834/89/89 171/88/88 172/87/87 1852/86/86 3521/85/85 1832/84/84 3604/83/83 1928/3738/3586 175/3737/3585 1926/3736/3584 3602/3735/3583 1927/3734/3582 213/3837/3666 1842/3836/3665 3526/3835/3664 1836/3834/3663 734/2538/2440 1177/2537/2439 713/2536/2438 715/2535/2437 2724/2534/2436 3527/2533/2433 1822/2532/2435 1837/2531/2434 3519/2530/2433 2733/2529/2432 1178/2528/2431 2734/2527/2430 1851/2526/2429 170/2525/2428 1860/2524/2427 3538/2523/2426 1861/2522/2425 754/2521/2424 720/3663/3513 1175/3662/3512 736/3661/3511 2725/3660/3510 735/3659/3509 2747/3409/3268 1182/3408/3267 750/96/96 1855/95/95 2737/94/94
f 398/3766/3612 2263/1299/1260 362/1298/1259 1449/3528/3382 3223/592/573 3196/591/572 2248/1166/1133
f 519/2745/2639 2534/2223/2140 2533/1153/1120 524/1152/1119
f 2055/821/797 971/2767/2661 1265/2766/2660 947/2765/2659 976/2764/2658 3028/2763/2657 3742/2762/2656 2060/650/631 3008/649/630 946/3076/2955 945/1337/1298 944/972/944 3007/971/943 3722/970/942 3721/969/941 3006/968/940 940/967/939 2038/966/938 2994/965/937 941/964/936 229/963/935 2040/962/934 3711/822/798
f 1768/573/554 150/572/553 1774/3805/3408 3499/3452/3310 2674/3451/3309 688/3450/3308 1784/3449/3307 3495/3448/3306 3488/3447/3305 2661/3446/3304 1163/3445/3303 2660/3444/3302 2633/3443/3301 659/3442/3300 1763/3441/3299 3473/3440/3298 2628/3439/3297 1155/3438/3296 2665/3437/3295 3490/3436/3294 1786/31/31 1817/30/30 709/574/555
f 2864/1525/1479 3622/1524/1478 1935/1523/1477 818/1522/1476 1216/1521/1475 2867/1520/1474 3625/1519/1473 1930/577/558 3611/576/557 2852/1531/1485 814/1530/1484 1964/1529/1483 3636/1528/1482 2855/1527/1481 1212/1526/1480
f 312/3022/2903 1007/3021/2902 2233/3020/2901 317/3019/2900 2177/3018/2899 2176/3017/2898 351/2107/2029 2225/2113/2035 1024/2112/2034 2226/2111/2033 2207/2110/2032 338/3041/2920 2164/3040/2919 2163/3039/2918 316/1946/1878 32/1945/1877 1418/1944/1876 3173/1943/1875 1417/1942/1874 344/1941/1873 2204/1940/1872 3171/1939/1871 3172/1938/1870 3170/1937/1869 3143/3546/3400 1388/3545/3399 323/3544/3398 2183/21/21 1008/20/20 331/19/19 37/18/18 1398/17/17 3157/16/16 1433/15/15 1431/3859/3675 3185/3858/3674 1400/3857/3673 332/3856/3672 2201/3855/3671 3158/3854/3670 3137/3853/3669 3136/3852/3668 2165/3023/2904
f 81/623/604 60/1998/1926 402/1997/228 59/3869/605
